dish_name,urdu_name,local_name,cuisine,category,subcategory,region_variant,serving_description,portion_unit,portion_grams,calories_kcal,protein_g,carbohydrates_g,fat_g,saturated_fat_g,trans_fat_g,fiber_g,sugar_g,sugar_flag,sodium_mg,cholesterol_mg,calcium_mg,iron_mg,potassium_mg,vitamin_a,vitamin_c,allergens,dietary_type,ingredients,preparation_method,source_1,source_2,source_3,confidence_score,verified,notes
Chicken Biryani,چکن بریانی,,Pakistani,Lunch/Dinner,Rice,,1 medium plate,1 Plate,350,490,28.00,55.00,18.00,6.50,0.20,1.80,3.50,N,820.00,85.00,45.00,2.80,320.00,120 IU,2 mg,"Gluten, Dairy",Halal,"Basmati Rice, Chicken, Yogurt, Onions, Tomatoes, Spices, Ghee, Saffron",Slow-Cooked,USDA FoodData Central (rice pilaf + chicken curry components),Pakistan FCT 2001,,75,Y,Estimated from recipe calculation using USDA ingredient data. Ghee quantity varies significantly by cook.
Beef Biryani,بیف بریانی,,Pakistani,Lunch/Dinner,Rice,,1 medium plate,1 Plate,350,530,30.00,52.00,22.00,9.00,0.30,1.80,3.00,N,850.00,95.00,42.00,3.50,350.00,80 IU,2 mg,"Gluten, Dairy",Halal,"Basmati Rice, Beef, Yogurt, Onions, Tomatoes, Spices, Ghee",Slow-Cooked,USDA FoodData Central (beef stew + rice components),Pakistan FCT 2001,,72,Y,Estimated from recipe calculation. Beef cut and fat content vary.
Mutton Biryani,مٹن بریانی,,Pakistani,Lunch/Dinner,Rice,,1 medium plate,1 Plate,350,550,27.00,52.00,24.00,10.00,0.40,1.80,3.00,N,830.00,100.00,40.00,3.20,340.00,60 IU,2 mg,"Gluten, Dairy",Halal,"Basmati Rice, Mutton, Yogurt, Onions, Tomatoes, Spices, Ghee",Slow-Cooked,USDA FoodData Central (lamb stew + rice components),Pakistan FCT 2001,,70,Y,Estimated from recipe calculation. Mutton fat content higher than chicken.
Sindhi Biryani,سندھی بریانی,,Pakistani,Lunch/Dinner,Rice,Sindh,1 medium plate,1 Plate,350,510,26.00,54.00,20.00,7.50,0.30,2.20,4.00,N,900.00,80.00,48.00,2.90,340.00,150 IU,4 mg,"Gluten, Dairy",Halal,"Basmati Rice, Meat, Potatoes, Yogurt, Plums, Onions, Tomatoes, Spices, Oil",Slow-Cooked,USDA FoodData Central (rice + meat curry components),Pakistan FCT 2001,,68,N,Sindhi variant includes potatoes and dried plums; tangier flavor profile. Estimated from recipe.
Vegetable Biryani,سبزی بریانی,,Pakistani,Lunch/Dinner,Rice,,1 medium plate,1 Plate,300,380,10.00,58.00,12.00,4.00,0.10,4.50,5.00,N,680.00,0.00,55.00,2.50,380.00,800 IU,8 mg,Gluten,"Halal, Vegetarian","Basmati Rice, Mixed Vegetables, Yogurt, Onions, Spices, Oil",Slow-Cooked,USDA FoodData Central (vegetable rice pilaf),Pakistan FCT 2001,,72,Y,Lower calorie and fat than meat variants. Vegetable mix varies.
Chicken Karahi,چکن کڑاہی,,Pakistani,Lunch/Dinner,Curry,,1 serving with gravy,1 Katori,250,350,32.00,8.00,22.00,7.00,0.20,1.50,4.00,N,720.00,110.00,35.00,2.20,380.00,200 IU,12 mg,Dairy,Halal,"Chicken, Tomatoes, Green Chilies, Ginger, Garlic, Spices, Oil/Ghee",Sautéed,USDA FoodData Central (chicken curry),Pakistan FCT 2001,,75,Y,Fat content highly dependent on oil/ghee quantity. Values represent moderate preparation.
Mutton Karahi,مٹن کڑاہی,,Pakistani,Lunch/Dinner,Curry,,1 serving with gravy,1 Katori,250,420,28.00,8.00,30.00,12.00,0.50,1.50,4.00,N,750.00,120.00,32.00,3.00,350.00,60 IU,10 mg,Dairy,Halal,"Mutton, Tomatoes, Green Chilies, Ginger, Garlic, Spices, Oil/Ghee",Sautéed,USDA FoodData Central (lamb curry),Pakistan FCT 2001,,72,Y,Mutton karahi is typically fattier than chicken variant.
Beef Nihari,بیف نہاری,,Pakistani,Breakfast/Dinner,Stew,,1 bowl with gravy,1 Bowl,300,450,35.00,12.00,28.00,11.00,0.60,1.00,3.00,N,950.00,130.00,38.00,4.50,400.00,50 IU,3 mg,"Gluten, Dairy",Halal,"Beef Shank, Wheat Flour, Ghee, Onions, Ginger, Spices, Bone Marrow",Slow-Cooked,USDA FoodData Central (beef stew components),Pakistan FCT 2001,,70,Y,Slow-cooked overnight. Bone marrow contributes to high fat. Wheat flour as thickener.
Mutton Nihari,مٹن نہاری,,Pakistani,Breakfast/Dinner,Stew,,1 bowl with gravy,1 Bowl,300,480,32.00,12.00,32.00,13.00,0.70,1.00,3.00,N,920.00,140.00,35.00,4.00,380.00,40 IU,2 mg,"Gluten, Dairy",Halal,"Mutton Shank, Wheat Flour, Ghee, Onions, Ginger, Spices",Slow-Cooked,USDA FoodData Central (lamb stew),Pakistan FCT 2001,,68,Y,Higher fat than beef nihari due to mutton fat content.
Haleem,حلیم,,Pakistani,Lunch/Dinner,Stew,,1 bowl,1 Bowl,300,380,22.00,35.00,16.00,5.00,0.30,6.00,4.00,N,780.00,55.00,60.00,4.50,450.00,60 IU,3 mg,"Gluten, Dairy",Halal,"Wheat, Barley, Lentils, Meat (Beef/Mutton), Ghee, Onions, Spices",Slow-Cooked,USDA FoodData Central (meat and grain stew),Pakistan FCT 2001,,72,Y,High in fiber from wheat and lentils. Protein from both meat and legumes.
Chicken Korma,چکن قورمہ,,Pakistani,Lunch/Dinner,Curry,,1 serving with gravy,1 Katori,250,380,28.00,12.00,24.00,9.00,0.30,1.50,5.00,N,680.00,95.00,65.00,2.00,320.00,150 IU,4 mg,"Dairy, Nuts",Halal,"Chicken, Yogurt, Cream, Onions, Cashews/Almonds, Spices, Ghee",Slow-Cooked,USDA FoodData Central (chicken curry with cream),Pakistan FCT 2001,,72,Y,Mughal-inspired creamy curry. Nut paste and cream add to fat content.
Mutton Korma,مٹن قورمہ,,Pakistani,Lunch/Dinner,Curry,,1 serving with gravy,1 Katori,250,440,26.00,12.00,32.00,13.00,0.50,1.50,5.00,N,700.00,110.00,60.00,3.00,310.00,80 IU,3 mg,"Dairy, Nuts",Halal,"Mutton, Yogurt, Cream, Onions, Cashews/Almonds, Spices, Ghee",Slow-Cooked,USDA FoodData Central (lamb curry),Pakistan FCT 2001,,70,Y,Rich Mughlai preparation. Higher fat from mutton and cream.
Aloo Gosht,آلو گوشت,,Pakistani,Lunch/Dinner,Curry,,1 serving with gravy,1 Katori,250,350,22.00,20.00,20.00,7.50,0.30,2.50,4.00,N,650.00,75.00,30.00,2.80,420.00,100 IU,8 mg,Dairy,Halal,"Meat (Beef/Mutton), Potatoes, Tomatoes, Onions, Spices, Oil",Sautéed,USDA FoodData Central (meat and potato stew),Pakistan FCT 2001,,74,Y,Classic home-style dish. Potatoes add carbohydrate content.
Keema Aloo,قیمہ آلو,,Pakistani,Lunch/Dinner,Curry,,1 serving,1 Katori,200,320,20.00,18.00,18.00,7.00,0.30,2.00,3.50,N,620.00,70.00,28.00,3.00,380.00,80 IU,6 mg,,Halal,"Minced Meat, Potatoes, Tomatoes, Onions, Peas, Spices, Oil",Sautéed,USDA FoodData Central (ground beef with vegetables),Pakistan FCT 2001,,74,Y,Ground meat with potatoes. Lean mince reduces fat content.
Keema Matar,قیمہ مٹر,,Pakistani,Lunch/Dinner,Curry,,1 serving,1 Katori,200,290,22.00,14.00,16.00,6.00,0.20,3.50,4.00,N,600.00,65.00,32.00,3.20,350.00,200 IU,8 mg,,Halal,"Minced Meat, Green Peas, Tomatoes, Onions, Spices, Oil",Sautéed,USDA FoodData Central (ground meat with peas),Pakistan FCT 2001,,74,Y,Peas add fiber and protein. Classic weekday meal.
Chicken Handi,چکن ہانڈی,,Pakistani,Lunch/Dinner,Curry,,1 serving with gravy,1 Katori,250,370,30.00,10.00,24.00,8.50,0.30,1.20,4.50,N,700.00,100.00,55.00,2.00,310.00,180 IU,5 mg,Dairy,Halal,"Chicken, Tomatoes, Cream, Yogurt, Onions, Spices, Ghee",Slow-Cooked,USDA FoodData Central (creamy chicken curry),Pakistan FCT 2001,,70,Y,Handi-style cooking in clay pot. Cream and yogurt base.
Chicken Achari,چکن اچاری,,Pakistani,Lunch/Dinner,Curry,,1 serving with gravy,1 Katori,250,340,30.00,8.00,22.00,6.50,0.20,1.50,3.00,N,880.00,95.00,30.00,2.20,320.00,100 IU,6 mg,,Halal,"Chicken, Pickle Spices, Tomatoes, Onions, Mustard Oil, Spices",Sautéed,USDA FoodData Central (chicken curry),Pakistan FCT 2001,,68,N,Pickle-spiced curry. Higher sodium from pickle masala.
Butter Chicken,بٹر چکن,,Pakistani,Lunch/Dinner,Curry,,1 serving with gravy,1 Katori,250,400,28.00,14.00,26.00,11.00,0.40,1.50,6.00,N,750.00,105.00,70.00,2.00,340.00,350 IU,5 mg,Dairy,Halal,"Chicken, Butter, Cream, Tomatoes, Cashew Paste, Spices",Slow-Cooked,USDA FoodData Central #174575 (chicken curry with cream sauce),India IFCT 2017,,78,Y,Also known as Murgh Makhani. Rich tomato-cream sauce.
Yakhni Pulao,یخنی پلاؤ,,Pakistani,Lunch/Dinner,Rice,,1 medium plate,1 Plate,300,420,24.00,50.00,14.00,5.00,0.20,1.20,2.00,N,720.00,70.00,30.00,2.50,280.00,40 IU,1 mg,Dairy,Halal,"Basmati Rice, Meat, Meat Broth (Yakhni), Whole Spices, Ghee",Boiled/Steamed,USDA FoodData Central (rice pilaf with meat),Pakistan FCT 2001,,72,Y,Broth-based rice dish. Lighter than biryani. Aromatic whole spices.
Kabuli Pulao,کابلی پلاؤ,,Pakistani,Lunch/Dinner,Rice,KPK/Balochistan,1 medium plate,1 Plate,300,450,22.00,55.00,16.00,5.50,0.20,2.50,8.00,N,680.00,65.00,35.00,2.80,380.00,200 IU,3 mg,"Dairy, Nuts",Halal,"Basmati Rice, Meat, Raisins, Carrots, Almonds, Ghee, Spices",Steamed,USDA FoodData Central (rice pilaf),Pakistan FCT 2001,,70,Y,Pashtun/Afghan style. Raisins and carrots add natural sugars.
Chicken Pulao,چکن پلاؤ,,Pakistani,Lunch/Dinner,Rice,,1 medium plate,1 Plate,300,400,25.00,48.00,12.00,4.00,0.15,1.50,2.00,N,700.00,75.00,28.00,2.20,290.00,50 IU,2 mg,Dairy,Halal,"Basmati Rice, Chicken, Whole Spices, Ghee, Yogurt",Steamed,USDA FoodData Central (chicken rice),Pakistan FCT 2001,,74,Y,Simpler than biryani. One-pot rice dish with whole spices.
Daal Chawal,دال چاول,,Pakistani,Lunch/Dinner,Lentils,,1 plate (daal + rice),1 Plate,350,380,16.00,58.00,8.00,2.50,0.10,8.00,3.00,N,520.00,0.00,45.00,3.80,480.00,20 IU,2 mg,,Halal,"Lentils (Masoor/Moong), Basmati Rice, Onions, Tomatoes, Spices, Oil, Tadka",Boiled,USDA FoodData Central #173747 (lentils cooked) + rice,Pakistan FCT 2001,,80,Y,Staple comfort food. High fiber from lentils. Low fat when prepared with minimal oil.
Daal Masoor,دال مسور,,Pakistani,Lunch/Dinner,Lentils,,1 katori daal,1 Katori,200,180,12.00,24.00,4.00,1.00,0.05,6.00,2.00,N,480.00,0.00,25.00,3.00,350.00,15 IU,2 mg,,Halal,"Red Lentils, Onions, Tomatoes, Garlic, Spices, Oil, Tadka",Boiled,USDA FoodData Central #173747 (lentils cooked),Pakistan FCT 2001,,82,Y,Red lentil daal. Quickest cooking variety. USDA data available for base lentils.
Daal Chana,دال چنا,,Pakistani,Lunch/Dinner,Lentils,,1 katori daal,1 Katori,200,210,14.00,28.00,5.00,1.50,0.05,7.00,3.00,N,500.00,0.00,50.00,3.50,380.00,10 IU,1 mg,,Halal,"Split Chickpeas, Onions, Tomatoes, Spices, Oil, Tadka",Boiled,USDA FoodData Central #175199 (chickpeas cooked),Pakistan FCT 2001,,80,Y,Split chickpea daal. Higher protein than masoor.
Daal Moong,دال مونگ,,Pakistani,Lunch/Dinner,Lentils,,1 katori daal,1 Katori,200,170,12.00,22.00,4.00,1.00,0.05,5.50,2.50,N,460.00,0.00,30.00,2.50,320.00,20 IU,2 mg,,Halal,"Mung Beans, Onions, Tomatoes, Garlic, Spices, Oil, Tadka",Boiled,USDA FoodData Central #174256 (mung beans cooked),Pakistan FCT 2001,,82,Y,Yellow mung bean daal. Easy to digest. Light texture.
Daal Mash,دال ماش,,Pakistani,Lunch/Dinner,Lentils,,1 katori daal,1 Katori,200,200,14.00,24.00,6.00,2.50,0.10,5.00,2.00,N,490.00,5.00,35.00,3.00,340.00,15 IU,1 mg,Dairy,Halal,"Black Gram (Urad), Cream/Butter, Onions, Tomatoes, Spices",Boiled,USDA FoodData Central (black gram),Pakistan FCT 2001,,78,Y,Creamy urad daal. Often finished with cream or butter.
Chana Masala,چنا مصالحہ,,Pakistani,Lunch/Dinner,Lentils,,1 katori,1 Katori,200,240,12.00,30.00,8.00,2.00,0.05,8.00,5.00,N,650.00,0.00,55.00,3.50,400.00,30 IU,4 mg,,Halal,"Chickpeas, Tomatoes, Onions, Spices, Oil",Sautéed,USDA FoodData Central #174288 (chickpeas cooked with sauce),Pakistan FCT 2001,,78,Y,Spiced chickpea curry. High fiber and protein from chickpeas.
Mixed Daal,ملی جلی دال,,Pakistani,Lunch/Dinner,Lentils,,1 katori daal,1 Katori,200,190,13.00,25.00,5.00,1.50,0.05,6.50,2.50,N,500.00,0.00,40.00,3.20,360.00,18 IU,2 mg,,Halal,"Mix of Masoor, Moong, Chana Daal, Onions, Tomatoes, Spices, Oil",Boiled,USDA FoodData Central (mixed lentils),Pakistan FCT 2001,,76,Y,Combination of multiple lentil varieties. Balanced nutrition profile.
Palak Gosht,پالک گوشت,,Pakistani,Lunch/Dinner,Curry,,1 serving with gravy,1 Katori,250,320,24.00,10.00,20.00,7.50,0.30,3.50,3.00,N,680.00,80.00,120.00,4.50,500.00,5000 IU,15 mg,,Halal,"Spinach, Meat (Beef/Mutton), Onions, Tomatoes, Spices, Oil",Sautéed,USDA FoodData Central (spinach + meat),Pakistan FCT 2001,,72,Y,High in iron and Vitamin A from spinach. Excellent source of micronutrients.
Bhindi Gosht,بھنڈی گوشت,,Pakistani,Lunch/Dinner,Curry,,1 serving,1 Katori,250,310,22.00,14.00,18.00,6.50,0.25,3.00,4.00,N,600.00,70.00,80.00,2.80,380.00,400 IU,10 mg,,Halal,"Okra, Meat, Onions, Tomatoes, Spices, Oil",Sautéed,USDA FoodData Central (okra + meat),Pakistan FCT 2001,,70,Y,Meat with okra (lady finger). Okra provides fiber and vitamins.
Karela Gosht,کریلا گوشت,,Pakistani,Lunch/Dinner,Curry,,1 serving,1 Katori,250,280,22.00,12.00,16.00,6.00,0.25,2.50,3.50,N,580.00,70.00,25.00,2.50,350.00,300 IU,30 mg,,Halal,"Bitter Gourd, Meat, Onions, Spices, Oil",Sautéed,USDA FoodData Central (bitter gourd + meat),Pakistan FCT 2001,,68,N,Bitter gourd with meat. Considered beneficial for diabetes management.
Aloo Palak,آلو پالک,,Pakistani,Lunch/Dinner,Vegetable,,1 serving,1 Katori,200,180,6.00,20.00,8.00,2.50,0.10,3.50,3.00,N,450.00,0.00,100.00,3.50,450.00,4500 IU,18 mg,,"Halal, Vegetarian","Spinach, Potatoes, Onions, Tomatoes, Spices, Oil",Sautéed,USDA FoodData Central (spinach + potato),Pakistan FCT 2001,,76,Y,Vegetarian spinach and potato curry. Rich in iron and Vitamin A.
Aloo Gobi,آلو گوبھی,,Pakistani,Lunch/Dinner,Vegetable,,1 serving,1 Katori,200,160,5.00,18.00,7.00,2.00,0.05,3.00,4.00,N,420.00,0.00,35.00,1.50,350.00,50 IU,30 mg,,"Halal, Vegetarian","Potatoes, Cauliflower, Tomatoes, Onions, Spices, Oil",Sautéed,USDA FoodData Central (cauliflower + potato),Pakistan FCT 2001,,78,Y,Classic vegetarian potato and cauliflower dry curry.
Bhindi Masala,بھنڈی مصالحہ,,Pakistani,Lunch/Dinner,Vegetable,,1 serving,1 Katori,150,120,4.00,12.00,6.00,1.50,0.05,3.00,4.00,N,380.00,0.00,70.00,1.80,300.00,350 IU,12 mg,,"Halal, Vegetarian","Okra, Onions, Tomatoes, Spices, Oil",Sautéed,USDA FoodData Central #169260 (okra cooked),Pakistan FCT 2001,,78,Y,Dry okra preparation. Low calorie vegetable dish.
Baingan Bharta,بینگن بھرتا,,Pakistani,Lunch/Dinner,Vegetable,,1 serving,1 Katori,200,150,4.00,14.00,8.00,2.00,0.05,4.00,5.00,N,400.00,0.00,25.00,1.20,350.00,100 IU,6 mg,,"Halal, Vegetarian","Eggplant, Tomatoes, Onions, Green Chilies, Spices, Oil",Roasted/Mashed,USDA FoodData Central #169228 (eggplant cooked),Pakistan FCT 2001,,76,Y,Roasted and mashed eggplant. Smoky flavor from roasting.
Saag,ساگ,,Pakistani,Lunch/Dinner,Vegetable,Punjab,1 serving,1 Katori,200,190,8.00,14.00,12.00,4.00,0.15,4.50,2.00,N,500.00,10.00,150.00,5.00,480.00,6000 IU,20 mg,Dairy,"Halal, Vegetarian","Mustard Greens, Spinach, Butter/Ghee, Spices",Slow-Cooked,USDA FoodData Central (mustard greens cooked),Pakistan FCT 2001,,74,Y,Sarson ka Saag. Slow-cooked mustard greens with butter. Very high in Vitamin A.
Tori Salan,توری سالن,,Pakistani,Lunch/Dinner,Vegetable,,1 serving,1 Katori,200,130,4.00,12.00,7.00,2.00,0.05,2.00,4.00,N,380.00,0.00,20.00,1.00,280.00,100 IU,8 mg,,"Halal, Vegetarian","Ridge Gourd, Onions, Tomatoes, Spices, Oil",Sautéed,USDA FoodData Central (gourd vegetables),Pakistan FCT 2001,,72,Y,Light gourd curry. Low calorie. Common summer dish.
Kaddu Salan,کدو سالن,,Pakistani,Lunch/Dinner,Vegetable,,1 serving,1 Katori,200,140,3.00,18.00,6.00,1.50,0.05,2.50,6.00,N,350.00,0.00,25.00,1.00,300.00,4000 IU,10 mg,,"Halal, Vegetarian","Pumpkin/Squash, Onions, Tomatoes, Spices, Oil, Jaggery",Sautéed,USDA FoodData Central #170487 (pumpkin cooked),Pakistan FCT 2001,,74,Y,Sweet pumpkin curry. Often made slightly sweet with jaggery.
Roti (Chapati),روٹی (چپاتی),,Pakistani,Staple,Bread,,1 medium roti,1 Roti,40,120,3.50,20.00,3.00,0.50,0.00,2.50,0.50,N,180.00,0.00,10.00,1.20,50.00,0 IU,0 mg,Gluten,"Halal, Vegetarian, Vegan","Whole Wheat Flour, Water, Salt",Dry-Cooked,USDA FoodData Central #171726 (chapati/roti),Pakistan FCT 2001,,88,Y,Standard unleavened whole wheat flatbread. Staple of Pakistani meals. USDA has direct entry.
Naan,نان,,Pakistani,Staple,Bread,,1 piece,1 Naan,90,260,8.00,42.00,5.00,1.50,0.10,2.00,2.00,N,420.00,0.00,55.00,2.80,70.00,0 IU,0 mg,"Gluten, Dairy",Halal,"Refined Flour (Maida), Yeast, Yogurt, Oil, Salt, Sugar",Baked (Tandoor),USDA FoodData Central #174859 (naan bread),Pakistan FCT 2001,,85,Y,Leavened bread baked in tandoor. USDA has direct entry for naan.
Paratha (Plain),پراٹھا (سادہ),,Pakistani,Breakfast/Staple,Bread,,1 medium paratha,1 Paratha,80,260,5.50,30.00,13.00,5.00,0.20,2.00,1.00,N,350.00,5.00,20.00,1.50,60.00,50 IU,0 mg,"Gluten, Dairy",Halal,"Whole Wheat Flour, Ghee/Oil, Salt",Fried (Shallow),USDA FoodData Central (Indian paratha bread),Pakistan FCT 2001,,80,Y,Layered flatbread fried in ghee. Significantly higher calories than roti.
Aloo Paratha,آلو پراٹھا,,Pakistani,Breakfast,Bread,,1 stuffed paratha,1 Paratha,120,320,7.00,38.00,16.00,6.00,0.30,3.00,2.00,N,400.00,5.00,25.00,2.00,200.00,20 IU,4 mg,"Gluten, Dairy",Halal,"Whole Wheat Flour, Potatoes, Spices, Ghee/Oil",Fried (Shallow),USDA FoodData Central (stuffed paratha),Pakistan FCT 2001,,76,Y,Potato-stuffed paratha. Popular breakfast item. Served with yogurt or pickle.
Keema Paratha,قیمہ پراٹھا,,Pakistani,Breakfast,Bread,,1 stuffed paratha,1 Paratha,130,380,15.00,35.00,20.00,8.00,0.40,2.50,1.50,N,480.00,40.00,22.00,2.50,180.00,30 IU,2 mg,"Gluten, Dairy",Halal,"Whole Wheat Flour, Minced Meat, Spices, Ghee/Oil",Fried (Shallow),USDA FoodData Central (meat-filled bread),Pakistan FCT 2001,,72,Y,Minced meat stuffed paratha. Higher protein and fat than aloo paratha.
Puri,پوری,,Pakistani,Breakfast,Bread,,2 small puris,2 Puris,60,210,4.00,26.00,10.00,2.50,0.10,1.50,1.00,N,280.00,0.00,15.00,1.50,45.00,0 IU,0 mg,Gluten,"Halal, Vegetarian","Whole Wheat Flour, Oil (for deep frying), Salt",Fried (Deep),USDA FoodData Central #171726 (fried bread),Pakistan FCT 2001,,78,Y,Deep-fried puffed bread. Part of Halwa Puri breakfast.
Kulcha,کلچہ,,Pakistani,Staple,Bread,,1 piece,1 Kulcha,80,240,7.00,38.00,6.00,2.00,0.10,1.50,2.00,N,380.00,0.00,40.00,2.20,55.00,0 IU,0 mg,"Gluten, Dairy",Halal,"Refined Flour, Yogurt, Baking Powder, Oil, Salt",Baked (Tandoor),USDA FoodData Central (kulcha bread),Pakistan FCT 2001,,74,Y,Soft leavened bread. Similar to naan but thicker. Often stuffed.
Tandoori Roti,تندوری روٹی,,Pakistani,Staple,Bread,,1 large roti,1 Roti,60,150,5.00,28.00,2.00,0.30,0.00,3.00,0.50,N,250.00,0.00,15.00,1.80,65.00,0 IU,0 mg,Gluten,"Halal, Vegetarian, Vegan","Whole Wheat Flour, Water, Salt",Baked (Tandoor),USDA FoodData Central (tandoori roti),Pakistan FCT 2001,,82,Y,Larger than regular roti. Baked in tandoor oven. Lower fat than naan.
Sheermal,شیرمال,,Pakistani,Staple,Bread,Lucknowi/Mughlai,1 piece,1 Piece,80,280,6.00,35.00,12.00,5.00,0.20,1.00,5.00,N,300.00,20.00,30.00,1.50,60.00,100 IU,0 mg,"Gluten, Dairy, Eggs",Halal,"Refined Flour, Milk, Ghee, Sugar, Saffron, Eggs",Baked (Tandoor),USDA FoodData Central (sweet bread),Pakistan FCT 2001,,68,N,Sweet saffron-flavored bread. Mughlai origin. Often served with nihari.
Chapli Kebab,چپلی کباب,,Pakistani,Lunch/Dinner,Kebab,KPK/Peshawar,2 pieces,2 Pieces,150,380,22.00,12.00,28.00,12.00,0.50,1.50,2.00,N,720.00,90.00,30.00,3.50,300.00,40 IU,3 mg,,Halal,"Beef Mince, Onions, Tomatoes, Pomegranate Seeds, Coriander, Spices, Egg",Fried (Shallow),USDA FoodData Central (beef patty fried),Pakistan FCT 2001,,72,Y,Famous Pashtun flat kebab. Shallow fried. Pomegranate seeds are distinctive.
Seekh Kebab,سیخ کباب,,Pakistani,Lunch/Dinner,Kebab,,2 pieces,2 Pieces,100,250,20.00,4.00,16.00,6.50,0.30,0.50,1.00,N,580.00,70.00,15.00,2.50,250.00,20 IU,1 mg,,Halal,"Beef/Mutton Mince, Onions, Green Chilies, Coriander, Spices",Grilled,USDA FoodData Central (ground beef skewer grilled),Pakistan FCT 2001,,76,Y,Minced meat on skewers grilled over charcoal. Lower fat when grilled vs fried.
Chicken Tikka,چکن ٹکہ,,Pakistani,Lunch/Dinner,BBQ,,4 pieces,4 Pieces,150,240,32.00,4.00,10.00,3.50,0.10,0.50,2.00,N,600.00,95.00,25.00,1.50,350.00,100 IU,3 mg,Dairy,Halal,"Chicken (Boneless), Yogurt, Lemon, Spices, Oil",Grilled,USDA FoodData Central #174580 (chicken breast grilled),Pakistan FCT 2001,,80,Y,Yogurt-marinated chicken grilled on skewers. High protein low carb option.
Chicken Boti,چکن بوٹی,,Pakistani,Lunch/Dinner,BBQ,,4 pieces,4 Pieces,150,260,30.00,5.00,12.00,4.00,0.15,0.50,2.00,N,620.00,90.00,22.00,1.50,330.00,80 IU,2 mg,Dairy,Halal,"Chicken (Bone-in pieces), Yogurt, Spices, Oil",Grilled,USDA FoodData Central (grilled chicken),Pakistan FCT 2001,,78,Y,Similar to tikka but with bone-in pieces. Slightly higher fat.
Mutton Tikka,مٹن ٹکہ,,Pakistani,Lunch/Dinner,BBQ,,4 pieces,4 Pieces,150,300,26.00,4.00,20.00,8.00,0.30,0.50,1.50,N,620.00,100.00,18.00,2.80,300.00,30 IU,1 mg,Dairy,Halal,"Mutton (Boneless), Yogurt, Papaya Paste, Spices, Oil",Grilled,USDA FoodData Central (lamb grilled),Pakistan FCT 2001,,74,Y,Mutton version is fattier than chicken tikka. Papaya paste used as tenderizer.
Malai Boti,ملائی بوٹی,,Pakistani,Lunch/Dinner,BBQ,,4 pieces,4 Pieces,150,290,28.00,6.00,16.00,7.00,0.30,0.30,3.00,N,580.00,100.00,40.00,1.50,310.00,120 IU,2 mg,Dairy,Halal,"Chicken, Cream, Cheese, Yogurt, Spices",Grilled,USDA FoodData Central (cream-marinated chicken),Pakistan FCT 2001,,70,N,Cream and cheese marinated chicken. Richer than regular tikka.
Reshmi Kebab,ریشمی کباب,,Pakistani,Lunch/Dinner,Kebab,,2 pieces,2 Pieces,100,220,22.00,6.00,12.00,4.50,0.15,0.50,2.00,N,550.00,80.00,35.00,1.50,280.00,80 IU,1 mg,"Dairy, Eggs",Halal,"Chicken Mince, Cream, Eggs, Onions, Spices",Grilled,USDA FoodData Central (chicken kebab),Pakistan FCT 2001,,72,Y,Soft silky texture kebab. Cream and egg give smooth consistency.
Gola Kebab,گولا کباب,,Pakistani,Lunch/Dinner,Kebab,,3 pieces,3 Pieces,90,210,18.00,5.00,12.00,5.00,0.25,0.50,1.50,N,520.00,65.00,12.00,2.50,220.00,15 IU,1 mg,,Halal,"Beef Mince, Onions, Spices, Chickpea Flour",Fried (Deep),USDA FoodData Central (beef meatball fried),Pakistan FCT 2001,,72,Y,Round deep-fried beef kebab. Higher fat due to deep frying.
Sajji,سجی,,Pakistani,Lunch/Dinner,BBQ,Balochistan,1 serving (leg piece with rice),1 Serving,350,550,40.00,35.00,26.00,10.00,0.40,1.00,1.50,N,680.00,120.00,25.00,3.50,380.00,30 IU,1 mg,,Halal,"Whole Chicken/Lamb, Salt, Spices, Rice (stuffing)",Roasted (Open Fire),USDA FoodData Central (roasted chicken/lamb),Pakistan FCT 2001,,70,Y,Balochi specialty. Whole animal roasted over open coals. Simple seasoning. Served with rice.
Tikka Boti (Beef),ٹکہ بوٹی (بیف),,Pakistani,Lunch/Dinner,BBQ,,4 pieces,4 Pieces,150,280,28.00,4.00,16.00,6.50,0.25,0.50,1.50,N,600.00,85.00,15.00,3.00,320.00,20 IU,1 mg,Dairy,Halal,"Beef (Boneless), Yogurt, Papaya Paste, Spices, Oil",Grilled,USDA FoodData Central (beef grilled),Pakistan FCT 2001,,74,Y,Beef tikka pieces. Marinated and grilled over charcoal.
Samosa (Beef),سموسہ (بیف),,Pakistani,Snack,Street Food,,1 piece,1 Piece,80,250,8.00,22.00,14.00,4.50,0.30,1.50,1.50,N,380.00,20.00,15.00,1.50,120.00,10 IU,1 mg,Gluten,Halal,"Refined Flour Pastry, Beef Mince, Onions, Spices, Oil (for frying)",Fried (Deep),USDA FoodData Central (samosa beef),Pakistan FCT 2001,,76,Y,Deep-fried triangular pastry with spiced beef filling.
Samosa (Vegetable),سموسہ (سبزی),,Pakistani,Snack,Street Food,,1 piece,1 Piece,70,200,4.00,24.00,10.00,3.00,0.20,2.00,2.00,N,320.00,0.00,12.00,1.00,150.00,30 IU,3 mg,Gluten,"Halal, Vegetarian","Refined Flour Pastry, Potatoes, Peas, Spices, Oil (for frying)",Fried (Deep),USDA FoodData Central (vegetable samosa),Pakistan FCT 2001,,76,Y,Vegetable samosa with potato and pea filling. Slightly lower calories than beef.
Pakora (Mixed Vegetable),پکوڑا (مکس سبزی),,Pakistani,Snack,Street Food,,4 pieces,4 Pieces,80,220,5.00,20.00,14.00,3.50,0.15,2.00,2.00,N,350.00,0.00,18.00,1.50,160.00,80 IU,5 mg,Gluten,"Halal, Vegetarian","Chickpea Flour (Besan), Onions, Potatoes, Spinach, Spices, Oil (for frying)",Fried (Deep),USDA FoodData Central (vegetable fritter),Pakistan FCT 2001,,74,Y,Deep-fried vegetable fritters in chickpea batter. Popular rainy day snack.
Pakora (Chicken),پکوڑا (چکن),,Pakistani,Snack,Street Food,,4 pieces,4 Pieces,100,280,18.00,16.00,16.00,4.00,0.20,1.00,1.50,N,420.00,50.00,20.00,1.80,200.00,20 IU,1 mg,Gluten,Halal,"Chicken, Chickpea Flour (Besan), Spices, Oil (for frying)",Fried (Deep),USDA FoodData Central (chicken fritter),Pakistan FCT 2001,,72,Y,Chicken pieces coated in spiced chickpea batter and deep fried.
Gol Gappay,گول گپے,Pani Puri,Pakistani,Snack,Street Food,,6 pieces with water,6 Pieces,120,180,4.00,30.00,5.00,1.00,0.05,2.00,4.00,N,600.00,0.00,15.00,1.50,200.00,20 IU,8 mg,Gluten,"Halal, Vegetarian","Semolina Shells, Chickpeas, Potatoes, Tamarind Water, Spiced Water, Chutney",Fried (Deep),USDA FoodData Central (pani puri),Pakistan FCT 2001,,70,Y,Hollow crispy shells filled with spiced water and chickpea filling. Popular street snack.
Dahi Baray,دہی بڑے,,Pakistani,Snack,Street Food,,3 pieces,3 Pieces,150,220,8.00,28.00,8.00,3.50,0.10,2.00,6.00,N,450.00,10.00,80.00,1.50,250.00,30 IU,3 mg,"Gluten, Dairy","Halal, Vegetarian","Urad Dal Fritters, Yogurt, Tamarind Chutney, Cumin, Chili Powder",Fried/Soaked,USDA FoodData Central (dahi vada),Pakistan FCT 2001,,70,Y,Lentil fritters soaked in seasoned yogurt. Sweet and tangy.
Chaat (Fruit),فروٹ چاٹ,,Pakistani,Snack,Street Food,,1 plate,1 Plate,200,150,2.00,32.00,2.00,0.30,0.00,4.00,22.00,Y,120.00,0.00,30.00,0.80,350.00,500 IU,40 mg,,"Halal, Vegetarian, Vegan","Mixed Fruits (Banana, Apple, Guava, Orange), Chaat Masala, Salt, Lemon",Raw,USDA FoodData Central (mixed fruit salad),Pakistan FCT 2001,,80,Y,Fresh fruit salad with chaat masala seasoning. High sugar from natural fruit sugars.
Chana Chaat,چنا چاٹ,,Pakistani,Snack,Street Food,,1 plate,1 Plate,200,220,10.00,32.00,6.00,1.50,0.05,7.00,4.00,N,580.00,0.00,50.00,3.00,350.00,40 IU,6 mg,,"Halal, Vegetarian","Chickpeas, Onions, Tomatoes, Green Chilies, Lemon, Chaat Masala",Raw/Mixed,USDA FoodData Central (chickpea salad),Pakistan FCT 2001,,76,Y,Spiced chickpea salad. High in fiber and protein. Common street snack.
Aloo Chana Chaat,آلو چنا چاٹ,,Pakistani,Snack,Street Food,,1 plate,1 Plate,250,280,10.00,40.00,8.00,2.00,0.05,6.00,5.00,N,620.00,0.00,48.00,2.80,380.00,30 IU,8 mg,,"Halal, Vegetarian","Chickpeas, Potatoes, Onions, Tomatoes, Yogurt, Chutneys, Chaat Masala",Mixed,USDA FoodData Central (chaat),Pakistan FCT 2001,,72,Y,Potato and chickpea chaat with yogurt and chutneys.
Bun Kebab,بن کباب,,Pakistani,Snack,Street Food,Karachi,1 burger,1 Piece,150,350,14.00,32.00,18.00,6.00,0.30,2.00,3.00,N,650.00,40.00,30.00,2.50,200.00,20 IU,3 mg,"Gluten, Eggs",Halal,"Bun, Lentil/Meat Patty, Chutney, Onions, Egg",Fried (Shallow),USDA FoodData Central (meat patty sandwich),Pakistan FCT 2001,,70,Y,Karachi-style street burger. Lentil or meat patty in a bun with egg and chutney.
Gulab Jamun,گلاب جامن,,Pakistani,Dessert,Sweet,,2 pieces,2 Pieces,90,300,6.00,46.00,10.00,5.00,0.20,0.50,38.00,Y,120.00,15.00,50.00,0.80,100.00,30 IU,0 mg,Dairy,Halal,"Milk Powder (Khoya), Refined Flour, Sugar Syrup, Ghee, Cardamom",Fried (Deep)/Soaked,USDA FoodData Central (gulab jamun),Pakistan FCT 2001,,75,Y,Deep-fried milk dumplings soaked in sugar syrup. Very high sugar content.
Jalebi,جلیبی,,Pakistani,Dessert/Breakfast,Sweet,,3 pieces,3 Pieces,75,250,3.00,40.00,9.00,2.50,0.10,0.30,32.00,Y,80.00,0.00,10.00,0.50,30.00,0 IU,0 mg,Gluten,"Halal, Vegetarian","Refined Flour, Sugar Syrup, Saffron, Oil (for frying)",Fried (Deep)/Soaked,USDA FoodData Central (jalebi),Pakistan FCT 2001,,74,Y,Crispy fried batter spirals soaked in sugar syrup. Very high sugar. Common breakfast with rabri.
Kheer,کھیر,,Pakistani,Dessert,Sweet,,1 small bowl,1 Katori,150,200,6.00,28.00,8.00,4.50,0.15,0.50,22.00,Y,80.00,20.00,120.00,0.50,180.00,80 IU,1 mg,"Dairy, Nuts",Halal,"Rice, Milk, Sugar, Cardamom, Almonds, Pistachios",Slow-Cooked,USDA FoodData Central (rice pudding),Pakistan FCT 2001,,78,Y,Rice pudding cooked in milk. Classic Pakistani dessert. High sugar from added sugar and milk.
Chaunsa Mango,چونسا آم,,Pakistani,Ingredient,Fruit,Punjab,1 medium fruit,1 Fruit,200.00,120,1.60,30.00,0.80,0.10,0.00,3.20,27.00,Y,20.00,0.00,22.00,0.30,336.00,2100 IU,72 mg,,"Halal, Vegetarian, Vegan",Chaunsa Mango,Raw,USDA FoodData Central,Pakistan FCT 2001,,80,Y,
Sindhri Mango,سندھڑی آم,,Pakistani,Ingredient,Fruit,Sindh,1 medium fruit,1 Fruit,250.00,150,2.00,38.00,0.90,0.10,0.00,4.00,34.00,Y,25.00,0.00,28.00,0.40,420.00,2600 IU,90 mg,,"Halal, Vegetarian, Vegan",Sindhri Mango,Raw,USDA FoodData Central,Pakistan FCT 2001,,80,Y,
Anwar Ratol Mango,انور رٹول آم,,Pakistani,Ingredient,Fruit,Punjab,1 small fruit,1 Fruit,120.00,78,1.00,19.50,0.50,0.10,0.00,2.00,17.50,Y,12.00,0.00,14.00,0.20,200.00,1300 IU,43 mg,,"Halal, Vegetarian, Vegan",Anwar Ratol Mango,Raw,USDA FoodData Central,Pakistan FCT 2001,,80,Y,
Langra Mango,لنگڑا آم,,Pakistani,Ingredient,Fruit,Punjab,1 medium fruit,1 Fruit,180.00,110,1.40,27.00,0.70,0.10,0.00,2.90,24.00,Y,18.00,0.00,20.00,0.30,300.00,1900 IU,65 mg,,"Halal, Vegetarian, Vegan",Langra Mango,Raw,USDA FoodData Central,Pakistan FCT 2001,,80,Y,
Dussehri Mango,دسیری آم,,Pakistani,Ingredient,Fruit,,1 medium fruit,1 Fruit,160.00,98,1.20,24.00,0.60,0.10,0.00,2.60,21.00,Y,16.00,0.00,18.00,0.30,270.00,1700 IU,58 mg,,"Halal, Vegetarian, Vegan",Dussehri Mango,Raw,USDA FoodData Central,Pakistan FCT 2001,,80,Y,
Guava (Amrood),امرود,,Pakistani,Ingredient,Fruit,,1 medium fruit,1 Fruit,100.00,68,2.60,14.30,1.00,0.30,0.00,5.40,8.90,N,5.00,0.00,18.00,0.30,417.00,624 IU,228 mg,,"Halal, Vegetarian, Vegan",Guava,Raw,USDA FoodData Central,Pakistan FCT 2001,,80,Y,
Kinoo (Mandarin),کنو,,Pakistani,Ingredient,Fruit,Punjab,1 medium fruit,1 Fruit,120.00,53,0.90,13.30,0.40,0.00,0.00,2.20,10.60,N,2.00,0.00,44.00,0.20,200.00,800 IU,64 mg,,"Halal, Vegetarian, Vegan",Kinoo Mandarin,Raw,USDA FoodData Central,Pakistan FCT 2001,,80,Y,
Falsa Berry,فالسہ,,Pakistani,Ingredient,Fruit,,1 cup,1 Cup,100.00,72,1.30,14.70,0.90,0.10,0.00,4.20,10.00,N,4.00,0.00,129.00,3.10,350.00,400 IU,22 mg,,"Halal, Vegetarian, Vegan",Falsa Berry,Raw,USDA FoodData Central,Pakistan FCT 2001,,80,Y,
Jamun (Black Plum),جامن,,Pakistani,Ingredient,Fruit,,1 cup,1 Cup,100.00,60,0.70,14.00,0.20,0.00,0.00,0.90,10.50,N,14.00,0.00,15.00,1.20,55.00,80 IU,18 mg,,"Halal, Vegetarian, Vegan",Jamun Berry,Raw,USDA FoodData Central,Pakistan FCT 2001,,80,Y,
Shahtoot (Mulberry),شاہتوت,,Pakistani,Ingredient,Fruit,,1 cup,1 Cup,140.00,60,2.00,13.70,0.50,0.00,0.00,2.40,11.30,N,14.00,0.00,55.00,2.60,272.00,35 IU,51 mg,,"Halal, Vegetarian, Vegan",Black Mulberry,Raw,USDA FoodData Central,Pakistan FCT 2001,,80,Y,
Dried Apricot (Khabani),خوبانی,,Pakistani,Ingredient,Dried Fruit,KPK/GB,5 pieces,5 Pieces,35.00,84,1.20,22.00,0.20,0.00,0.00,2.60,18.70,Y,4.00,0.00,19.00,0.90,407.00,756 IU,1 mg,,"Halal, Vegetarian, Vegan",Dried Apricots,Dried,USDA FoodData Central,Pakistan FCT 2001,,80,Y,
Dried Plum (Aloo Bukhara),آلو بخارا,,Pakistani,Ingredient,Dried Fruit,,4 pieces,4 Pieces,38.00,91,0.80,24.30,0.10,0.00,0.00,2.70,14.50,Y,1.00,0.00,16.00,0.40,280.00,750 IU,1 mg,,"Halal, Vegetarian, Vegan",Dried Plums,Dried,USDA FoodData Central,Pakistan FCT 2001,,80,Y,
Chilgoza (Pine Nuts),چلغوزہ,,Pakistani,Ingredient,Nut,KPK/Balochistan,1 oz,1 Oz,28.00,191,3.90,3.70,19.40,4.40,0.00,1.00,1.00,N,1.00,0.00,4.50,1.60,169.00,8 IU,0.2 mg,Tree Nuts,"Halal, Vegetarian, Vegan",Pine Nuts,Raw,USDA FoodData Central,Pakistan FCT 2001,,80,Y,
Watermelon (Tarbooz),تربوز,,Pakistani,Ingredient,Fruit,,1 cup diced,1 Cup,152.00,46,0.90,11.50,0.20,0.00,0.00,0.60,9.40,N,2.00,0.00,11.00,0.40,170.00,865 IU,12 mg,,"Halal, Vegetarian, Vegan",Watermelon,Raw,USDA FoodData Central,Pakistan FCT 2001,,80,Y,
Melon (Kharbooza),خربوزہ,,Pakistani,Ingredient,Fruit,,1 cup diced,1 Cup,160.00,54,1.30,13.00,0.30,0.10,0.00,1.40,12.50,Y,25.00,0.00,14.00,0.30,430.00,5400 IU,58 mg,,"Halal, Vegetarian, Vegan",Cantaloupe / Sweet Melon,Raw,USDA FoodData Central,Pakistan FCT 2001,,80,Y,
Garma Melon,گرما,,Pakistani,Ingredient,Fruit,Balochistan,1 cup diced,1 Cup,160.00,48,1.10,11.80,0.20,0.00,0.00,1.20,11.00,N,20.00,0.00,12.00,0.20,380.00,3000 IU,45 mg,,"Halal, Vegetarian, Vegan",Winter Melon / Honeydew,Raw,USDA FoodData Central,Pakistan FCT 2001,,80,Y,
Sarda Melon,سردا,,Pakistani,Ingredient,Fruit,Balochistan/KPK,1 cup diced,1 Cup,160.00,50,1.20,12.20,0.20,0.00,0.00,1.30,11.50,N,22.00,0.00,13.00,0.30,400.00,3500 IU,50 mg,,"Halal, Vegetarian, Vegan",Sweet Melon Sarda,Raw,USDA FoodData Central,Pakistan FCT 2001,,80,Y,
Kishmish (Yellow Raisins),کشمش,,Pakistani,Ingredient,Dried Fruit,,1/4 cup,1/4 Cup,40.00,120,1.30,31.00,0.20,0.00,0.00,1.50,24.00,Y,4.00,0.00,20.00,0.70,300.00,0 IU,1 mg,,"Halal, Vegetarian, Vegan",Golden Raisins,Dried,USDA FoodData Central,Pakistan FCT 2001,,80,Y,
Munakka (Black Raisins),منقہ,,Pakistani,Ingredient,Dried Fruit,,10 pieces,10 Pieces,30.00,90,1.00,23.00,0.10,0.00,0.00,2.00,18.00,Y,3.00,0.00,25.00,1.20,250.00,0 IU,1 mg,,"Halal, Vegetarian, Vegan",Large Black Seeded Raisins,Dried,USDA FoodData Central,Pakistan FCT 2001,,80,Y,
Khajoor (Aseel Dates),اصیل کھجور,,Pakistani,Ingredient,Fruit,Sindh/Khairpur,3 dates,3 Dates,24.00,66,0.40,18.00,0.10,0.00,0.00,1.60,16.00,Y,1.00,0.00,15.00,0.20,160.00,3 IU,0 mg,,"Halal, Vegetarian, Vegan",Pakistani Aseel Dates,Raw,USDA FoodData Central,Pakistan FCT 2001,,80,Y,
Buffalo Milk (Full Cream Raw),بھینس کا دودھ,,Pakistani,Ingredient,Dairy,,1 cup,1 Cup,244.00,236,9.20,12.60,16.80,10.50,0.00,0.00,12.60,Y,127.00,46.00,412.00,0.30,434.00,430 IU,2.4 mg,Dairy,"Halal, Vegetarian",Fresh Raw Buffalo Milk,Raw,USDA FoodData Central,Pakistan FCT 2001,,80,Y,
Cow Milk (Whole),گائے کا دودھ,,Pakistani,Ingredient,Dairy,,1 cup,1 Cup,244.00,149,7.70,11.70,8.00,4.60,0.00,0.00,12.30,Y,105.00,24.00,276.00,0.10,322.00,395 IU,0.0 mg,Dairy,"Halal, Vegetarian",Whole Cow Milk,Raw,USDA FoodData Central,Pakistan FCT 2001,,80,Y,
Goat Milk,بکری کا دودھ,,Pakistani,Ingredient,Dairy,,1 cup,1 Cup,244.00,168,8.70,10.90,10.10,6.50,0.00,0.00,10.90,N,122.00,27.00,327.00,0.10,498.00,483 IU,3.2 mg,Dairy,"Halal, Vegetarian",Fresh Goat Milk,Raw,USDA FoodData Central,Pakistan FCT 2001,,80,Y,
Camel Milk,اونٹنی کا دودھ,,Pakistani,Ingredient,Dairy,Balochistan/Sindh,1 cup,1 Cup,244.00,134,7.50,10.50,6.80,3.80,0.00,0.00,10.50,N,140.00,20.00,290.00,0.40,380.00,220 IU,9.6 mg,Dairy,"Halal, Vegetarian",Fresh Camel Milk,Raw,USDA FoodData Central,Pakistan FCT 2001,,80,Y,
Desi Ghee (Pure Butter Oil),دیسی گھی,,Pakistani,Ingredient,Fat/Oil,,1 tablespoon,1 Tbsp,14.00,123,0.00,0.00,13.90,8.70,0.40,0.00,0.00,N,0.00,36.00,2.00,0.00,1.00,420 IU,0.0 mg,Dairy,"Halal, Vegetarian",Clarified Milk Fat (Ghee),Rendered,USDA FoodData Central,Pakistan FCT 2001,,80,Y,
Butter (Unsalted Desi),مکھن,,Pakistani,Ingredient,Dairy,,1 tablespoon,1 Tbsp,14.00,102,0.10,0.00,11.50,7.30,0.30,0.00,0.00,N,2.00,31.00,3.00,0.00,3.00,350 IU,0.0 mg,Dairy,"Halal, Vegetarian",Churned Milk Fat,Churned,USDA FoodData Central,Pakistan FCT 2001,,80,Y,
Khoya (Mawa Milk Solids),کھویا,,Pakistani,Ingredient,Dairy,,100g,100g,100.00,420,14.50,24.00,30.00,18.50,0.50,0.00,24.00,Y,120.00,95.00,650.00,0.50,520.00,650 IU,1.0 mg,Dairy,"Halal, Vegetarian",Reduced Milk Solids,Simmered,USDA FoodData Central,Pakistan FCT 2001,,80,Y,
Paneer (Pakistani Cottage Cheese),پنیر,,Pakistani,Ingredient,Dairy,,100g,100g,100.00,298,18.30,3.40,23.50,14.80,0.40,0.00,3.20,N,180.00,70.00,480.00,0.40,120.00,520 IU,0.0 mg,Dairy,"Halal, Vegetarian",Coagulated Milk Curd,Pressed,USDA FoodData Central,Pakistan FCT 2001,,80,Y,
Chicken White Karahi,چکن وائٹ کڑاہی,,Pakistani,Lunch/Dinner,Curry,,1 katori,1 Katori,250.00,390,32.00,8.00,25.00,8.00,0.20,1.50,3.50,N,750.00,95.00,80.00,2.00,320.00,200 IU,5 mg,Dairy,Halal,"Chicken, Cream, Yogurt, Green Chilies, Ginger, Spices, Ghee",Sautéed,USDA FoodData Central,Pakistan FCT 2001,,72,Y,White karahi with no tomatoes. Mild and creamy.
Mutton White Karahi,مٹن وائٹ کڑاہی,,Pakistani,Lunch/Dinner,Curry,,1 katori,1 Katori,250.00,440,28.00,7.00,32.00,12.00,0.40,1.20,3.00,N,780.00,110.00,85.00,2.80,300.00,180 IU,4 mg,Dairy,Halal,"Mutton, Cream, Yogurt, Green Chilies, Spices, Ghee",Sautéed,USDA FoodData Central,Pakistan FCT 2001,,70,Y,Mutton version of white karahi.
Green Masala Chicken,گرین مصالحہ چکن,,Pakistani,Lunch/Dinner,Curry,,1 katori,1 Katori,250.00,310,30.00,9.00,17.00,5.00,0.10,3.50,3.00,N,680.00,85.00,60.00,2.50,420.00,1500 IU,25 mg,Dairy,Halal,"Chicken, Mint, Cilantro, Yogurt, Green Chilies, Spices, Oil",Sautéed,USDA FoodData Central,Pakistan FCT 2001,,72,Y,Green herb-based masala chicken.
Beef Korma,بیف قورمہ,,Pakistani,Lunch/Dinner,Curry,,1 katori,1 Katori,250.00,420,28.00,12.00,28.00,11.00,0.40,1.50,4.00,N,780.00,100.00,50.00,3.50,330.00,80 IU,3 mg,Dairy,Halal,"Beef, Yogurt, Fried Onions, Spices, Ghee",Slow-Cooked,USDA FoodData Central,Pakistan FCT 2001,,70,Y,Rich slow-cooked beef korma.
Mutton Handi,مٹن ہانڈی,,Pakistani,Lunch/Dinner,Curry,,1 katori,1 Katori,250.00,450,27.00,10.00,33.00,13.00,0.40,1.50,4.00,N,800.00,115.00,60.00,3.00,320.00,120 IU,4 mg,Dairy,Halal,"Boneless Mutton, Tomatoes, Yogurt, Cream, Spices, Butter",Slow-Cooked,USDA FoodData Central,Pakistan FCT 2001,,70,Y,Restaurant-style clay pot mutton.
Fish Handi,فش ہانڈی,,Pakistani,Lunch/Dinner,Seafood,,1 katori,1 Katori,250.00,310,25.00,10.00,18.00,6.00,0.10,1.50,3.00,N,690.00,65.00,70.00,1.50,380.00,100 IU,5 mg,Dairy,Halal,"Boneless Fish, Tomatoes, Cream, Yogurt, Spices, Butter",Simmered,USDA FoodData Central,Pakistan FCT 2001,,70,Y,Creamy fish handi.
Brain Masala (Maghaz),مغز مصالحہ,,Pakistani,Breakfast/Dinner,Offal,,1 katori,1 Katori,180.00,310,17.00,4.00,25.00,8.00,0.30,0.80,1.50,N,590.00,1600.00,20.00,2.20,260.00,30 IU,4 mg,,Halal,"Goat/Cow Brain, Tomatoes, Onions, Green Chilies, Spices, Ghee",Sautéed,USDA FoodData Central,Pakistan FCT 2001,,70,Y,High cholesterol organ dish.
Heart Masala (Dil),دل مصالحہ,,Pakistani,Lunch/Dinner,Offal,,1 katori,1 Katori,180.00,240,26.00,5.00,12.00,4.00,0.10,0.80,1.50,N,540.00,280.00,15.00,6.50,310.00,50 IU,6 mg,,Halal,"Goat/Beef Heart, Tomatoes, Onions, Spices, Oil",Sautéed,USDA FoodData Central,Pakistan FCT 2001,,72,Y,High iron organ meat dish.
Karela Keema,کریلا قیمہ,,Pakistani,Lunch/Dinner,Curry,,1 katori,1 Katori,220.00,290,20.00,10.00,16.00,5.00,0.10,3.50,3.50,N,620.00,60.00,45.00,2.50,410.00,400 IU,50 mg,,Halal,"Mince, Bitter Gourd, Onions, Tomatoes, Spices, Oil",Sautéed,USDA FoodData Central,Pakistan FCT 2001,,72,Y,Bitter gourd with minced meat.
Bhindi Keema,بھنڈی قیمہ,,Pakistani,Lunch/Dinner,Curry,,1 katori,1 Katori,220.00,310,21.00,11.00,18.00,6.00,0.10,3.80,3.50,N,640.00,62.00,70.00,2.20,390.00,600 IU,18 mg,,Halal,"Mince Meat, Okra, Onions, Tomatoes, Spices, Oil",Sautéed,USDA FoodData Central,Pakistan FCT 2001,,72,Y,Okra with minced meat.
Aloo Baingan,آلو بینگن,,Pakistani,Lunch/Dinner,Vegetable,,1 katori,1 Katori,200.00,180,4.00,22.00,9.00,2.00,0.00,4.20,4.00,N,480.00,0.00,30.00,1.50,420.00,80 IU,12 mg,,"Halal, Vegetarian","Potatoes, Eggplant, Onions, Tomatoes, Spices, Oil",Sautéed,USDA FoodData Central,Pakistan FCT 2001,,74,Y,Potato and eggplant curry.
Aloo Methi,آلو میتھی,,Pakistani,Lunch/Dinner,Vegetable,,1 katori,1 Katori,200.00,175,4.00,22.00,8.00,2.00,0.00,4.00,2.50,N,460.00,0.00,85.00,3.20,380.00,1100 IU,15 mg,,"Halal, Vegetarian","Potatoes, Fresh Fenugreek Leaves, Spices, Oil",Sautéed,USDA FoodData Central,Pakistan FCT 2001,,74,Y,Potato with fenugreek leaves.
Aloo Matar,آلو مٹر,,Pakistani,Lunch/Dinner,Vegetable,,1 katori,1 Katori,200.00,185,5.00,26.00,7.00,1.50,0.00,4.80,4.50,N,500.00,0.00,35.00,1.80,410.00,220 IU,20 mg,,"Halal, Vegetarian","Potatoes, Green Peas, Tomatoes, Spices, Oil",Sautéed,USDA FoodData Central,Pakistan FCT 2001,,74,Y,Green peas and potato curry.
Turai Masala,توری مصالحہ,,Pakistani,Lunch/Dinner,Vegetable,,1 katori,1 Katori,200.00,140,3.00,12.00,9.00,2.00,0.00,3.00,4.00,N,420.00,0.00,35.00,1.10,290.00,300 IU,15 mg,,"Halal, Vegetarian","Ridge Gourd, Onions, Tomatoes, Spices, Oil",Sautéed,USDA FoodData Central,Pakistan FCT 2001,,74,Y,Spiced ridge gourd curry.
Tinda Masala,ٹینڈا مصالحہ,,Pakistani,Lunch/Dinner,Vegetable,,1 katori,1 Katori,200.00,130,2.50,11.00,8.00,1.80,0.00,2.80,3.50,N,400.00,0.00,30.00,1.00,260.00,150 IU,14 mg,,"Halal, Vegetarian","Apple Gourd, Onions, Tomatoes, Spices, Oil",Sautéed,USDA FoodData Central,Pakistan FCT 2001,,72,Y,Apple gourd curry. Light and digestible.
Shimla Mirch Aloo,شملہ مرچ آلو,,Pakistani,Lunch/Dinner,Vegetable,,1 katori,1 Katori,200.00,170,3.50,22.00,8.00,1.80,0.00,3.80,4.00,N,450.00,0.00,28.00,1.40,390.00,600 IU,65 mg,,"Halal, Vegetarian","Capsicum, Potatoes, Onions, Spices, Oil",Sautéed,USDA FoodData Central,Pakistan FCT 2001,,74,Y,Bell pepper and potato stir-fry.
Kaddu Ki Sabzi,کدو کی سبزی,,Pakistani,Lunch/Dinner,Vegetable,,1 katori,1 Katori,200.00,130,2.80,16.00,6.00,1.20,0.00,3.20,6.00,N,390.00,0.00,32.00,1.00,340.00,3800 IU,20 mg,,"Halal, Vegetarian","Pumpkin, Onions, Tomatoes, Turmeric, Spices, Oil",Sautéed,USDA FoodData Central,Pakistan FCT 2001,,74,Y,Spiced pumpkin curry.
Arbi Masala,اربی مصالحہ,,Pakistani,Lunch/Dinner,Vegetable,,1 katori,1 Katori,200.00,230,4.00,38.00,8.00,1.50,0.00,5.00,2.00,N,490.00,0.00,50.00,1.20,620.00,80 IU,8 mg,,"Halal, Vegetarian","Taro Root, Onions, Tomatoes, Spices, Oil",Fried/Sautéed,USDA FoodData Central,Pakistan FCT 2001,,72,Y,Taro root curry. Popular in Pakistan.
Chicken Yakhni Pulao,چکن یخنی پلاؤ,,Pakistani,Lunch/Dinner,Rice,,1 plate,1 Plate,300.00,410,24.00,48.00,13.00,4.50,0.10,1.50,1.80,N,680.00,65.00,30.00,2.00,280.00,40 IU,2 mg,Dairy,Halal,"Basmati Rice, Chicken Stock, Chicken, Whole Spices, Ghee",Steamed,USDA FoodData Central,Pakistan FCT 2001,,74,Y,Aromatic chicken stock rice.
Beef Yakhni Pulao,بیف یخنی پلاؤ,,Pakistani,Lunch/Dinner,Rice,,1 plate,1 Plate,300.00,450,26.00,46.00,17.00,6.50,0.20,1.50,1.50,N,720.00,80.00,28.00,2.80,300.00,30 IU,1 mg,Dairy,Halal,"Basmati Rice, Beef Stock, Beef, Whole Spices, Ghee",Steamed,USDA FoodData Central,Pakistan FCT 2001,,72,Y,Beef stock rice pilaf.
Mutton Yakhni Pulao,مٹن یخنی پلاؤ,,Pakistani,Lunch/Dinner,Rice,,1 plate,1 Plate,300.00,470,25.00,46.00,19.00,7.50,0.20,1.50,1.50,N,710.00,90.00,28.00,2.60,290.00,30 IU,1 mg,Dairy,Halal,"Basmati Rice, Mutton Stock, Mutton, Whole Spices, Ghee",Steamed,USDA FoodData Central,Pakistan FCT 2001,,72,Y,Mutton stock rice pilaf.
Chana Pulao,چنا پلاؤ,,Pakistani,Lunch/Dinner,Rice,,1 plate,1 Plate,300.00,380,11.00,58.00,11.00,3.80,0.00,6.50,2.00,N,620.00,0.00,50.00,3.00,310.00,50 IU,3 mg,Dairy,"Halal, Vegetarian","Basmati Rice, Chickpeas, Onions, Whole Spices, Ghee",Steamed,USDA FoodData Central,Pakistan FCT 2001,,74,Y,Chickpea rice pilaf.
Mung Dal Khichri,مونگ دال کھچڑی,,Pakistani,Breakfast/Lunch,Rice,,1 bowl,1 Bowl,250.00,280,9.00,44.00,7.00,2.50,0.00,4.00,1.00,N,480.00,10.00,35.00,2.10,240.00,150 IU,1 mg,Dairy,"Halal, Vegetarian","Rice, Yellow Moong Dal, Turmeric, Cumin, Ghee",Boiled,USDA FoodData Central,Pakistan FCT 2001,,76,Y,Simple lentil and rice porridge.
Aloo Tahari,آلو تہاری,,Pakistani,Lunch/Dinner,Rice,,1 plate,1 Plate,300.00,360,7.00,60.00,10.00,3.20,0.00,3.50,2.00,N,590.00,0.00,28.00,1.80,340.00,300 IU,12 mg,Dairy,"Halal, Vegetarian","Rice, Potatoes, Turmeric, Onions, Whole Spices, Oil/Ghee",Steamed,USDA FoodData Central,Pakistan FCT 2001,,74,Y,Potato rice one-pot dish.
Zarda (Sweet Rice),زردہ,,Pakistani,Dessert,Sweet,,1 plate,1 Plate,200.00,360,5.00,62.00,10.00,5.50,0.10,1.50,32.00,Y,40.00,15.00,30.00,1.00,110.00,120 IU,0 mg,"Dairy, Tree Nuts","Halal, Vegetarian","Basmati Rice, Sugar, Ghee, Food Color, Khoya, Nuts, Raisins",Steamed,USDA FoodData Central,Pakistan FCT 2001,,70,Y,Festive yellow sweet rice.
Mutanjan (Colorful Sweet Rice),متنجن,,Pakistani,Dessert,Sweet,,1 plate,1 Plate,200.00,380,6.00,60.00,12.00,6.00,0.10,1.50,34.00,Y,50.00,18.00,35.00,1.10,130.00,140 IU,0 mg,"Dairy, Tree Nuts","Halal, Vegetarian","Basmati Rice, Sugar, Ghee, Candied Fruit, Nuts, Gulab Jamun",Steamed,USDA FoodData Central,Pakistan FCT 2001,,68,N,Wedding-style colorful sweet rice.
Fish Pulao,فش پلاؤ,,Pakistani,Lunch/Dinner,Rice,,1 plate,1 Plate,300.00,390,24.00,49.00,11.00,3.50,0.10,1.50,1.50,N,640.00,55.00,40.00,1.60,320.00,50 IU,2 mg,Dairy,Halal,"Basmati Rice, Fish Fillet, Onions, Whole Spices, Ghee",Steamed,USDA FoodData Central,Pakistan FCT 2001,,72,Y,Fish rice pilaf.
Bihari Kebab,بہاری کباب,,Pakistani,Lunch/Dinner,BBQ,,3 pieces,3 Pieces,140.00,280,26.00,4.00,17.00,6.00,0.20,0.80,1.00,N,610.00,85.00,20.00,3.00,280.00,20 IU,1 mg,Dairy,Halal,"Beef Strips, Raw Papaya, Mustard Oil, Yogurt, Spices",Grilled,USDA FoodData Central,Pakistan FCT 2001,,72,Y,Tender marinated beef strips.
Kasturi Boti,کستوری بوٹی,,Pakistani,Lunch/Dinner,BBQ,,4 pieces,4 Pieces,150.00,290,25.00,4.00,19.00,7.50,0.20,0.50,1.00,N,530.00,85.00,55.00,1.40,260.00,200 IU,2 mg,"Dairy, Eggs",Halal,"Chicken Cubes, Kasuri Methi, Egg, Cream, Spices",Grilled,USDA FoodData Central,Pakistan FCT 2001,,72,Y,Fenugreek-flavored chicken tikka.
Tangdi Kebab,ٹانگڑی کباب,,Pakistani,Lunch/Dinner,BBQ,,2 drumsticks,2 Pieces,180.00,320,28.00,3.00,21.00,7.00,0.20,0.50,1.00,N,620.00,105.00,35.00,1.80,310.00,120 IU,2 mg,Dairy,Halal,"Chicken Drumsticks, Yogurt, Ginger, Garlic, Spices, Oil",Grilled,USDA FoodData Central,Pakistan FCT 2001,,74,Y,Marinated grilled chicken drumstick.
Charcoal Chicken Tikka (Breast),چکن ٹکہ بریسٹ,,Pakistani,Lunch/Dinner,BBQ,,1 quarter,1 Piece,200.00,290,42.00,2.00,12.00,3.50,0.10,0.50,1.00,N,680.00,115.00,30.00,1.80,380.00,80 IU,3 mg,Dairy,Halal,"Chicken Breast Quarter, Yogurt, Lemon, Spices",Grilled,USDA FoodData Central,Pakistan FCT 2001,,74,Y,High-protein grilled chicken breast tikka.
Charcoal Chicken Tikka (Leg),چکن ٹکہ ران,,Pakistani,Lunch/Dinner,BBQ,,1 quarter,1 Piece,220.00,350,36.00,2.00,22.00,7.00,0.20,0.50,1.00,N,720.00,135.00,35.00,2.00,350.00,100 IU,3 mg,Dairy,Halal,"Chicken Leg Quarter, Yogurt, Lemon, Spices, Oil",Grilled,USDA FoodData Central,Pakistan FCT 2001,,74,Y,Juicier and fattier leg tikka.
Kakori Kebab,کاکوری کباب,,Pakistani,Dinner,BBQ,,2 skewers,2 Skewers,120.00,270,18.00,3.00,21.00,8.50,0.30,0.50,1.00,N,540.00,75.00,30.00,2.20,230.00,40 IU,1 mg,"Dairy, Tree Nuts",Halal,"Finely Minced Mutton, Khoya, Cashew Paste, Papaya, Spices",Grilled,USDA FoodData Central,Pakistan FCT 2001,,70,Y,Delicate melt-in-mouth mutton seekh.
Peshwari Seekh Kebab,پشاوری سیخ کباب,,Pakistani,Lunch/Dinner,BBQ,Peshawar,2 skewers,2 Skewers,130.00,280,20.00,4.00,19.00,7.50,0.30,0.50,1.00,N,560.00,70.00,22.00,2.80,240.00,30 IU,2 mg,,Halal,"Beef/Mutton Mince, Onions, Green Chilies, Coriander, Cumin, Oil",Grilled,USDA FoodData Central,Pakistan FCT 2001,,72,Y,Peshawar-style thick seekh on wide skewer.
Taftan Bread,تافتان,,Pakistani,Staple,Bread,,1 piece,1 Piece,120.00,340,9.00,52.00,11.00,4.00,0.10,2.00,6.00,N,450.00,15.00,60.00,2.50,110.00,80 IU,0 mg,"Gluten, Dairy, Eggs",Halal,"Flour, Milk, Saffron, Egg, Sugar, Ghee, Cardamom",Baked (Tandoor),USDA FoodData Central,Pakistan FCT 2001,,70,Y,Sweet saffron-flavored tandoor bread.
Bakarkhani,باقرخانی,,Pakistani,Snack,Bakery,,1 piece,1 Piece,80.00,320,5.00,38.00,17.00,7.50,0.30,1.50,5.00,N,280.00,10.00,30.00,1.50,75.00,60 IU,0 mg,"Gluten, Dairy",Halal,"Flaky Layered Flour, Ghee, Sugar",Baked,USDA FoodData Central,Pakistan FCT 2001,,72,Y,Flaky tea biscuit from Mughal era.
Kandahari Naan,قندھاری نان,,Pakistani,Staple,Bread,KPK,1 large piece,1 Naan,180.00,480,14.00,88.00,7.00,2.20,0.00,4.00,2.00,N,750.00,0.00,80.00,4.50,160.00,0 IU,0 mg,Gluten,Halal,"Unleavened Long Flatbread, Sesame Seeds",Baked (Tandoor),USDA FoodData Central,Pakistan FCT 2001,,70,Y,Long thin Kandahar-style naan.
Tandoori Paratha,تندوری پراٹھا,,Pakistani,Breakfast/Staple,Bread,,1 piece,1 Paratha,100.00,330,7.00,44.00,14.00,6.00,0.20,2.20,1.00,N,410.00,15.00,35.00,2.00,95.00,70 IU,0 mg,"Gluten, Dairy",Halal,"Whole Wheat Flour, Ghee, Salt",Baked (Tandoor),USDA FoodData Central,Pakistan FCT 2001,,74,Y,Tandoor-baked buttery paratha.
Gobhi Paratha,گوبھی پراٹھا,,Pakistani,Breakfast,Bread,,1 piece,1 Paratha,140.00,310,7.00,44.00,12.00,4.00,0.10,4.20,1.80,N,460.00,5.00,45.00,2.00,310.00,50 IU,25 mg,"Gluten, Dairy","Halal, Vegetarian","Whole Wheat Flour, Cauliflower Filling, Spices, Ghee",Fried (Shallow),USDA FoodData Central,Pakistan FCT 2001,,74,Y,Cauliflower-stuffed flatbread.
Dal Paratha,دال پراٹھا,,Pakistani,Breakfast,Bread,,1 piece,1 Paratha,130.00,320,9.00,44.00,12.00,3.80,0.00,4.50,1.20,N,470.00,0.00,40.00,2.80,250.00,30 IU,2 mg,"Gluten, Dairy","Halal, Vegetarian","Whole Wheat Flour, Chana Dal Stuffing, Ghee",Fried (Shallow),USDA FoodData Central,Pakistan FCT 2001,,74,Y,Lentil-stuffed paratha.
Kachori (Dal),دال کچوری,,Pakistani,Snack,Street Food,,2 pieces,2 Pieces,100.00,320,7.00,36.00,17.00,5.50,0.20,3.50,1.00,N,450.00,0.00,30.00,2.20,180.00,20 IU,1 mg,Gluten,"Halal, Vegetarian","Deep Fried Pastry Shell, Spiced Moong Dal Filling",Fried (Deep),USDA FoodData Central,Pakistan FCT 2001,,70,Y,Crispy lentil-filled fried bread.
Kachori (Keema),قیمہ کچوری,,Pakistani,Snack,Street Food,,2 pieces,2 Pieces,120.00,380,13.00,34.00,22.00,8.50,0.30,2.00,1.00,N,520.00,35.00,32.00,2.60,210.00,30 IU,1 mg,Gluten,Halal,"Deep Fried Pastry Shell, Spiced Beef/Mutton Mince",Fried (Deep),USDA FoodData Central,Pakistan FCT 2001,,70,Y,Meat-filled crispy fried bread.
Cham Cham,چم چم,,Pakistani,Dessert,Sweet,,2 pieces,2 Pieces,80.00,230,5.00,34.00,8.00,4.50,0.10,0.00,25.00,Y,50.00,15.00,140.00,0.30,85.00,100 IU,0 mg,Dairy,"Halal, Vegetarian","Chenna, Sugar Syrup, Coconut Flakes, Pistachios",Boiled/Soaked,USDA FoodData Central,India IFCT 2017,,72,Y,Cylindrical Bengali sweet.
Milk Barfi,دودھ برفی,,Pakistani,Dessert,Sweet,,2 pieces,2 Pieces,60.00,220,5.00,26.00,11.00,6.50,0.20,0.00,20.00,Y,55.00,22.00,160.00,0.30,110.00,140 IU,0 mg,"Dairy, Tree Nuts","Halal, Vegetarian","Condensed Milk Solids (Khoya), Sugar, Ghee, Cardamom, Silver Leaf",Cooked/Set,USDA FoodData Central,Pakistan FCT 2001,,72,Y,Milk solid fudge. Classic Pakistani mithai.
Pista Barfi,پستہ برفی,,Pakistani,Dessert,Sweet,,2 pieces,2 Pieces,60.00,230,6.00,25.00,12.00,6.80,0.20,0.50,19.00,Y,50.00,20.00,150.00,0.60,140.00,180 IU,0 mg,"Dairy, Tree Nuts","Halal, Vegetarian","Khoya, Pistachio Paste, Sugar, Ghee, Cardamom",Cooked/Set,USDA FoodData Central,Pakistan FCT 2001,,72,Y,Pistachio-flavored milk fudge.
Besan Laddu,بیسن لڈو,,Pakistani,Dessert,Sweet,,2 pieces,2 Pieces,60.00,270,5.00,32.00,14.00,7.00,0.20,2.50,18.00,Y,30.00,12.00,40.00,1.60,130.00,90 IU,0 mg,"Dairy, Tree Nuts","Halal, Vegetarian","Roasted Chickpea Flour, Ghee, Sugar, Cardamom, Almonds",Roasted/Rolled,USDA FoodData Central,Pakistan FCT 2001,,72,Y,Gram flour round sweet balls.
Motichoor Laddu,موتی چور لڈو,,Pakistani,Dessert,Sweet,,2 pieces,2 Pieces,60.00,250,3.00,36.00,11.00,5.00,0.10,1.50,24.00,Y,35.00,8.00,25.00,1.00,70.00,60 IU,0 mg,"Dairy, Tree Nuts","Halal, Vegetarian","Tiny Gram Flour Pearls (Boondi), Sugar Syrup, Ghee, Saffron",Fried/Rolled,USDA FoodData Central,Pakistan FCT 2001,,72,Y,Fine pearl gram flour sweet balls.
Panjeeri,پنجیری,,Pakistani,Snack/Sweet,Nutritive,Punjab,1/2 cup,1/2 Cup,60.00,310,6.00,32.00,18.00,9.00,0.20,3.00,18.00,Y,40.00,25.00,90.00,2.00,210.00,160 IU,0 mg,"Dairy, Tree Nuts, Gluten","Halal, Vegetarian","Semolina, Ghee, Sugar, Almonds, Walnuts, Pistachios, Gond (Edible Gum)",Roasted/Mixed,USDA FoodData Central,Pakistan FCT 2001,,72,Y,Energy-dense post-partum sweet.
Gajar Ka Halwa,گاجر کا حلوا,,Pakistani,Dessert,Sweet,,1 bowl,1 Bowl,150.00,260,5.00,34.00,12.00,6.50,0.20,2.80,24.00,Y,80.00,25.00,160.00,0.80,320.00,14000 IU,6 mg,"Dairy, Tree Nuts","Halal, Vegetarian","Grated Carrots, Milk, Khoya, Sugar, Ghee, Cardamom, Nuts",Slow-Cooked,USDA FoodData Central,Pakistan FCT 2001,,74,Y,Carrot pudding. Winter specialty.
Suji Ka Halwa,سوجی کا حلوا,,Pakistani,Dessert/Breakfast,Sweet,,1 bowl,1 Bowl,150.00,320,4.00,46.00,14.00,7.50,0.20,1.50,28.00,Y,45.00,18.00,40.00,1.20,90.00,120 IU,0 mg,"Dairy, Gluten, Tree Nuts","Halal, Vegetarian","Semolina, Sugar, Ghee, Water, Cardamom, Raisins, Almonds",Roasted/Cooked,USDA FoodData Central,Pakistan FCT 2001,,74,Y,Semolina sweet. Common breakfast and religious food.
Lahori Murgh Cholay,لاہوری مرغ چھولے,,Pakistani,Lunch/Dinner,Curry,Punjab/Lahore,1 katori,1 Katori,250.00,340,24.00,22.00,18.00,5.00,0.10,5.50,2.50,N,680.00,55.00,65.00,3.50,410.00,150 IU,6 mg,,Halal,"Chicken, Chickpeas, Onions, Tomatoes, Black Pepper, Spices, Ghee",Simmered,USDA FoodData Central,Pakistan FCT 2001,,72,Y,Lahori chicken and chickpea curry.
Karachi Nihari (Beef),کراچی نہاری,,Pakistani,Breakfast/Dinner,Stew,Sindh/Karachi,1 bowl,1 Bowl,300.00,460,38.00,22.00,24.00,8.00,0.40,2.00,1.50,N,950.00,110.00,55.00,5.20,390.00,60 IU,2 mg,Gluten,Halal,"Beef Shank, Bone Marrow, Wheat Flour, Ghee, Spices",Slow-Cooked,USDA FoodData Central,Pakistan FCT 2001,,72,Y,Karachi-style slow-cooked beef nihari.
Namak Mandi Karahi,نمک منڈی کڑاہی,,Pakistani,Lunch/Dinner,Curry,KPK/Peshawar,1 katori,1 Katori,250.00,420,30.00,4.00,32.00,13.00,0.50,0.50,0.50,N,820.00,115.00,30.00,3.20,340.00,40 IU,6 mg,,Halal,"Mutton, Salt, Ghee, Green Chilies, Tomatoes",Sautéed,USDA FoodData Central,Pakistan FCT 2001,,70,Y,Famous minimal-spice Peshawar karahi.
Quetta Dampukht,کوئٹہ دم پخت,,Pakistani,Dinner,Stew,Balochistan/Quetta,1 katori,1 Katori,220.00,410,28.00,6.00,30.00,12.50,0.50,0.50,0.50,N,540.00,105.00,25.00,3.00,310.00,30 IU,1 mg,,Halal,"Mutton Leg, Whole Potatoes, Onions, Salt, Fat",Slow-Cooked (Sealed),USDA FoodData Central,Pakistan FCT 2001,,68,N,Balochi sealed clay pot meat dish.
Balochi Sajji Lamb,بلوچی سجی,,Pakistani,Dinner,BBQ,Balochistan,1 quarter leg,1 Portion,300.00,580,45.00,0.00,44.00,18.00,0.70,0.00,0.00,N,680.00,150.00,40.00,4.50,480.00,20 IU,0 mg,,Halal,"Lamb Leg, Rock Salt, Carom Seeds, Open Fire",Roasted,USDA FoodData Central,Pakistan FCT 2001,,70,Y,Whole lamb leg roasted over open fire.
Sindhi Seyal Mani,سیال مانی,,Pakistani,Breakfast/Snack,Bread Dish,Sindh,1 bowl,1 Bowl,200.00,240,6.00,34.00,9.00,2.00,0.00,4.00,3.00,N,580.00,0.00,45.00,2.20,290.00,350 IU,15 mg,Gluten,"Halal, Vegetarian","Leftover Chapati, Tomatoes, Garlic, Green Chilies, Spices, Oil",Sautéed,USDA FoodData Central,Pakistan FCT 2001,,68,N,Sindhi leftover bread dish.
Kashmiri Roghan Josh,روغنی جوش,,Pakistani,Dinner,Curry,Kashmir,1 katori,1 Katori,250.00,390,26.00,8.00,28.00,10.00,0.40,1.50,2.50,N,680.00,95.00,40.00,3.20,380.00,250 IU,4 mg,Dairy,Halal,"Mutton, Kashmiri Red Chilies, Fennel, Ginger, Yogurt, Ghee",Slow-Cooked,USDA FoodData Central,Pakistan FCT 2001,,70,Y,Kashmiri red meat curry with whole spices.
Hunza Chapshuro,ہنزہ چپشورو,,Pakistani,Lunch/Snack,Stuffed Bread,Gilgit-Baltistan,1 piece,1 Piece,200.00,420,22.00,44.00,18.00,6.00,0.20,3.50,2.00,N,620.00,55.00,50.00,3.80,340.00,50 IU,6 mg,Gluten,Halal,"Whole Wheat Dough, Minced Meat, Onions, Coriander, Spices",Pan-Baked,USDA FoodData Central,Pakistan FCT 2001,,70,Y,Hunza meat-stuffed pan bread.
Hunza Dowdo Soup,ہنزہ داؤدو,,Pakistani,Starter,Soup,Gilgit-Baltistan,1 bowl,1 Bowl,250.00,140,6.00,22.00,3.00,0.80,0.00,2.50,1.00,N,480.00,15.00,35.00,1.80,260.00,150 IU,5 mg,Gluten,Halal,"Hand-pulled Noodle Bits, Dried Meat Strips, Apricot Kernels, Spices",Boiled,USDA FoodData Central,Pakistan FCT 2001,,68,N,Traditional Hunza wheat noodle soup.
Sajji Rice (Stuffed Chicken Sajji),چکن سجی رائس,,Pakistani,Dinner,Set Meal,Quetta/Balochistan,1 plate,1 Plate,450.00,720,50.00,48.00,30.00,9.00,0.30,2.00,2.00,N,780.00,160.00,55.00,4.00,500.00,60 IU,2 mg,,Halal,"Whole Chicken, Basmati Rice, Salt, Carom Seeds, Lemon",Roasted,USDA FoodData Central,Pakistan FCT 2001,,68,N,Whole chicken sajji served with rice.
Cheeseburger (Double Beef),ڈبل چیز برگر,,Fast Food,Lunch/Dinner,Burger,,1 burger,1 Burger,250.00,610,34.00,42.00,34.00,16.00,1.20,2.50,7.00,N,1150.00,120.00,280.00,4.00,420.00,300 IU,2 mg,"Gluten, Dairy, Soy",Halal,"Beef Patties, Cheese Slices, Bun, Pickles, Sauce",Grilled,USDA FoodData Central,,,82,Y,Double beef patty cheeseburger.
Crispy Chicken Wrap,کرسپی چکن ریپ,,Fast Food,Lunch/Dinner,Wrap,,1 wrap,1 Wrap,200.00,440,20.00,45.00,20.00,5.00,0.20,2.50,4.00,N,890.00,45.00,110.00,2.00,280.00,150 IU,4 mg,"Gluten, Dairy, Eggs",Halal,"Fried Chicken Strips, Tortilla, Mayo, Lettuce, Tomato",Fried/Wrapped,USDA FoodData Central,,,80,Y,Crispy fried chicken in tortilla wrap.
Beef Pizza Slice (Halal),بیف پیزا سلائس,,Italian,Lunch/Dinner,Pizza,,1 medium slice,1 Slice,110.00,310,14.00,32.00,14.00,6.50,0.30,2.00,3.50,N,720.00,35.00,210.00,2.20,180.00,250 IU,2 mg,"Gluten, Dairy",Halal,"Pizza Crust, Tomato Sauce, Mozzarella, Halal Beef Topping",Baked,USDA FoodData Central,,,80,Y,Halal beef pizza slice.
Chicken BBQ Pizza Slice,چکن بی بی کیو پیزا,,Italian,Lunch/Dinner,Pizza,,1 medium slice,1 Slice,115.00,290,15.00,34.00,10.00,4.50,0.10,2.00,6.00,N,650.00,30.00,180.00,1.80,210.00,200 IU,3 mg,"Gluten, Dairy",Halal,"Pizza Crust, BBQ Sauce, Grilled Chicken, Mozzarella, Red Onions",Baked,USDA FoodData Central,,,80,Y,BBQ chicken pizza slice.
Falafel Sandwich,فلافل سینڈوچ,,Middle Eastern,Lunch/Snack,Wrap,,1 wrap,1 Wrap,220.00,410,13.00,54.00,16.00,2.50,0.00,7.50,5.00,N,780.00,0.00,120.00,4.20,410.00,100 IU,8 mg,"Gluten, Sesame","Halal, Vegetarian","Falafel Balls, Pita, Tahini Sauce, Pickles, Salad",Fried/Wrapped,USDA FoodData Central,,,76,Y,Chickpea falafel in pita bread.
Hummus with Pita,حمص,,Middle Eastern,Starter,Dip,,1/2 cup + pita,1 Serving,180.00,320,10.00,36.00,15.00,2.50,0.00,8.00,2.50,N,680.00,0.00,95.00,3.50,350.00,60 IU,6 mg,"Gluten, Sesame","Halal, Vegetarian","Chickpeas, Tahini, Olive Oil, Lemon Juice, Garlic, Pita Bread",Blended,USDA FoodData Central,,,78,Y,Hummus dip served with warm pita.
Shawarma Rice Bowl,شوارمہ رائس باؤل,,Middle Eastern,Lunch/Dinner,Rice,,1 bowl,1 Bowl,350.00,540,32.00,52.00,22.00,6.00,0.20,3.00,4.00,N,920.00,75.00,80.00,3.00,410.00,180 IU,8 mg,Dairy,Halal,"Spiced Rice, Grilled Chicken Shawarma, Garlic Sauce, Salad",Assembled,USDA FoodData Central,,,76,Y,Full shawarma meal with rice and sauce.
Chicken Fried Rice (Chinese Style),چائنیز چکن فرائیڈ رائس,,Chinese,Lunch/Dinner,Rice,,1 plate,1 Plate,300.00,430,20.00,56.00,14.00,2.80,0.10,2.50,2.00,N,840.00,80.00,40.00,1.80,260.00,120 IU,5 mg,"Soy, Eggs, Gluten",Halal,"Rice, Chicken, Egg, Soy Sauce, Green Peas, Carrots, Spring Onions",Stir-Fried,USDA FoodData Central,,,78,Y,Classic Chinese-style fried rice.
Chicken Chow Mein,چکن چاؤمین,,Chinese,Lunch/Dinner,Noodles,,1 plate,1 Plate,300.00,450,24.00,52.00,16.00,3.00,0.10,3.50,3.00,N,910.00,65.00,45.00,2.40,310.00,200 IU,12 mg,"Gluten, Soy, Eggs",Halal,"Noodles, Chicken, Cabbage, Carrots, Capsicum, Soy Sauce, Vinegar",Stir-Fried,USDA FoodData Central,,,78,Y,Stir-fried egg noodles with chicken and vegetables.
Chicken Manchurian,چکن منچورین,,Chinese,Lunch/Dinner,Curry,,1 serving,1 Katori,220.00,280,22.00,18.00,12.00,2.50,0.10,1.50,11.00,N,880.00,60.00,30.00,1.50,290.00,150 IU,10 mg,"Soy, Gluten",Halal,"Fried Chicken Cubes, Tomato Ketchup, Soy Sauce, Chili Sauce, Garlic",Sautéed,USDA FoodData Central,,,78,Y,Indo-Chinese chicken in spicy sauce.
Hot and Sour Soup,ہاٹ اینڈ ساؤر سوپ,,Chinese,Starter,Soup,,1 bowl,1 Bowl,250.00,110,5.00,15.00,3.00,0.80,0.00,1.50,3.00,N,820.00,20.00,20.00,0.80,200.00,60 IU,2 mg,"Soy, Eggs, Gluten",Halal,"Chicken Broth, Vinegar, Soy Sauce, Bamboo Shoots, Egg, Cornstarch",Boiled,USDA FoodData Central,,,78,Y,Spicy and tangy Chinese soup.
Mushroom Soup,مشروم سوپ,,Continental,Starter,Soup,,1 bowl,1 Bowl,250.00,180,4.00,14.00,12.00,5.00,0.00,2.00,4.00,N,680.00,15.00,40.00,1.20,280.00,40 IU,2 mg,"Dairy, Gluten","Halal, Vegetarian","Mushrooms, Cream, Onions, Garlic, Butter, Stock, Flour",Simmered,USDA FoodData Central,,,80,Y,Creamy mushroom soup.
French Onion Soup,فرنچ انیون سوپ,,Continental,Starter,Soup,,1 bowl,1 Bowl,250.00,220,8.00,22.00,10.00,5.00,0.00,2.00,5.00,N,900.00,20.00,180.00,1.50,250.00,60 IU,5 mg,"Gluten, Dairy","Halal, Vegetarian","Caramelized Onions, Beef Broth, Baguette, Gruyere Cheese",Baked,USDA FoodData Central,,,78,Y,Classic French onion soup with cheese toast.
Greek Salad,گریک سلاد,,Mediterranean,Starter,Salad,,1 bowl,1 Bowl,200.00,180,5.00,12.00,13.00,4.00,0.00,2.50,6.00,N,580.00,18.00,190.00,1.50,380.00,500 IU,30 mg,Dairy,"Halal, Vegetarian","Tomatoes, Cucumbers, Olives, Feta Cheese, Red Onion, Olive Oil",Raw,USDA FoodData Central,,,82,Y,Classic Mediterranean salad.
Caesar Salad,سیزر سلاد,,Continental,Starter,Salad,,1 bowl,1 Bowl,200.00,320,12.00,18.00,22.00,5.00,0.00,3.00,3.00,N,680.00,40.00,220.00,2.00,350.00,300 IU,8 mg,"Gluten, Dairy, Eggs","Halal, Vegetarian","Romaine Lettuce, Croutons, Parmesan, Caesar Dressing",Assembled,USDA FoodData Central,,,80,Y,Classic Caesar salad with parmesan.
Coleslaw,کول سلا,,Continental,Side Dish,Salad,,1/2 cup,1/2 Cup,100.00,130,1.50,14.00,8.00,1.20,0.00,1.80,10.00,N,240.00,8.00,35.00,0.50,170.00,200 IU,18 mg,"Dairy, Eggs","Halal, Vegetarian","Cabbage, Carrots, Mayonnaise, Sugar, Vinegar",Raw/Mixed,USDA FoodData Central,,,82,Y,Creamy shredded cabbage salad.
Garden Salad,گارڈن سلاد,,Continental,Starter,Salad,,1 bowl,1 Bowl,200.00,80,3.00,12.00,3.00,0.40,0.00,3.50,6.00,N,120.00,0.00,60.00,1.50,380.00,2500 IU,35 mg,,"Halal, Vegetarian, Vegan","Lettuce, Tomatoes, Cucumbers, Carrots, Radishes, Lemon Dressing",Raw,USDA FoodData Central,,,82,Y,Fresh mixed vegetable salad.
Dahi Bhalla,دہی بھلہ,,Pakistani,Snack,Street Food,,1 plate,1 Plate,200.00,280,9.00,34.00,11.00,3.50,0.00,3.50,9.50,N,480.00,12.00,120.00,2.50,320.00,80 IU,4 mg,"Gluten, Dairy","Halal, Vegetarian","Lentil Dumplings, Yogurt, Tamarind Chutney, Cumin Powder, Coriander",Mixed,USDA FoodData Central,Pakistan FCT 2001,,72,Y,Soft lentil dumplings in spiced yogurt.
Samosa Chaat,سموسہ چاٹ,,Pakistani,Snack,Street Food,,1 plate,1 Plate,200.00,340,8.00,38.00,18.00,5.00,0.10,4.00,5.00,N,620.00,5.00,55.00,2.50,280.00,80 IU,6 mg,"Gluten, Dairy","Halal, Vegetarian","Samosa, Chickpeas, Yogurt, Chutneys, Chaat Masala",Mixed,USDA FoodData Central,Pakistan FCT 2001,,70,Y,Broken samosa with chickpea and chutneys.
Matar Kulcha,مٹر کلچہ,,Pakistani,Snack,Street Food,,1 plate,1 Plate,200.00,380,11.00,52.00,14.00,4.50,0.10,6.00,4.00,N,680.00,0.00,60.00,3.50,350.00,120 IU,12 mg,Gluten,"Halal, Vegetarian","Spiced Yellow Peas, Kulcha Bread, Chutneys, Onions",Boiled/Assembled,USDA FoodData Central,Pakistan FCT 2001,,70,Y,Spiced peas with leavened bread.
Kahwa (Kashmiri Green Tea),کشمیری کہوہ,,Pakistani,Beverage,Hot Beverage,Kashmir,1 cup,1 Cup,200.00,35,0.80,6.00,0.80,0.10,0.00,0.00,4.50,N,8.00,0.00,12.00,0.30,55.00,20 IU,1 mg,Tree Nuts,Halal,"Kashmiri Green Tea, Cardamom, Cinnamon, Almonds, Saffron",Boiled,USDA FoodData Central,Pakistan FCT 2001,,78,Y,Kashmiri pink/green spiced tea.
Doodh Patti (Milk Tea),دودھ پتی,,Pakistani,Beverage,Hot Beverage,,1 cup,1 Cup,200.00,120,5.00,12.00,5.00,3.00,0.00,0.00,11.00,N,80.00,15.00,140.00,0.10,190.00,60 IU,0 mg,Dairy,Halal,"Full Milk, Tea Leaves, Sugar (cooked together, no water)",Boiled,USDA FoodData Central,Pakistan FCT 2001,,78,Y,Strong milk-only tea. No water added.
Noon Chai (Pink Salt Tea),نون چائے,,Pakistani,Beverage,Hot Beverage,Kashmir/GB,1 cup,1 Cup,200.00,130,5.00,10.00,7.00,4.50,0.00,0.00,8.00,N,380.00,18.00,160.00,0.20,180.00,80 IU,0 mg,"Dairy, Tree Nuts",Halal,"Green Tea, Rock Salt, Milk, Baking Soda, Cream, Almonds",Boiled,USDA FoodData Central,Pakistan FCT 2001,,72,Y,Traditional salty pink Kashmiri tea.
Rooh Afza Sharbat,روح افزا شربت,,Pakistani,Beverage,Cold Beverage,,1 glass,1 Glass,250.00,90,0.20,22.00,0.10,0.00,0.00,0.00,22.00,Y,12.00,0.00,5.00,0.10,30.00,10 IU,0 mg,,"Halal, Vegetarian","Rooh Afza Concentrate, Water, Rose Petals, Sugar",Mixed,Pakistan FCT 2001,Hamdard (Brand),,78,Y,Most popular Pakistani summer drink.
Sattu Sharbat,ستو شربت,,Pakistani,Beverage,Cold Beverage,Punjab/Sindh,1 glass,1 Glass,250.00,120,5.00,22.00,1.50,0.30,0.00,3.50,8.00,N,180.00,0.00,28.00,2.00,220.00,10 IU,2 mg,,"Halal, Vegetarian","Roasted Gram Flour (Sattu), Water, Salt, Sugar, Lemon, Cumin",Mixed,Pakistan FCT 2001,India IFCT 2017,,72,Y,Cooling roasted gram drink. High protein.
Sugarcane Juice,گنے کا رس,,Pakistani,Beverage,Cold Beverage,,1 glass,1 Glass,250.00,160,0.30,40.00,0.20,0.00,0.00,0.00,38.00,Y,10.00,0.00,22.00,0.30,310.00,0 IU,3 mg,,"Halal, Vegetarian, Vegan","Freshly Pressed Sugarcane Juice, Lemon, Ginger",Pressed,USDA FoodData Central,Pakistan FCT 2001,,82,Y,Fresh pressed sugarcane juice. Very high sugar.
Thandai,ٹھنڈائی,,Pakistani,Beverage,Cold Beverage,,1 glass,1 Glass,300.00,280,8.00,36.00,12.00,5.00,0.00,1.50,28.00,Y,60.00,12.00,200.00,1.50,360.00,80 IU,0 mg,"Dairy, Tree Nuts","Halal, Vegetarian","Milk, Almonds, Saffron, Rose Petals, Cardamom, Pepper, Sugar, Poppy Seeds",Blended,USDA FoodData Central,India IFCT 2017,,70,Y,Festive chilled spiced milk drink.
Gulab Sharbat,گلاب شربت,,Pakistani,Beverage,Cold Beverage,,1 glass,1 Glass,250.00,80,0.20,20.00,0.10,0.00,0.00,0.00,20.00,Y,5.00,0.00,5.00,0.10,25.00,0 IU,0 mg,,"Halal, Vegetarian","Rose Syrup, Water, Sugar, Rose Water",Mixed,Pakistan FCT 2001,,,68,N,Sweet rose-flavored cold drink.
Lemon Soda,لیمن سوڈا,,Pakistani,Beverage,Cold Beverage,,1 glass,1 Glass,250.00,60,0.20,15.00,0.00,0.00,0.00,0.00,14.00,Y,15.00,0.00,5.00,0.10,35.00,0 IU,10 mg,,"Halal, Vegetarian","Lemon Juice, Soda Water, Salt, Sugar",Mixed,USDA FoodData Central,,,80,Y,Simple carbonated lemon drink.
Mint Lemonade,منٹ لیمونیڈ,,Pakistani,Beverage,Cold Beverage,,1 glass,1 Glass,250.00,65,0.30,16.00,0.10,0.00,0.00,0.50,14.50,Y,80.00,0.00,8.00,0.30,60.00,150 IU,18 mg,,"Halal, Vegetarian","Lemon Juice, Mint Leaves, Sugar, Black Salt, Water",Blended,USDA FoodData Central,,,82,Y,Refreshing mint lemonade. Very popular.
Halwa Puri (Plate),حلوہ پوری,,Pakistani,Breakfast,Set Meal,Punjab,1 full plate,1 Plate,350.00,680,12.00,76.00,36.00,10.00,0.30,4.50,26.00,Y,380.00,20.00,55.00,3.50,250.00,120 IU,2 mg,"Gluten, Dairy","Halal, Vegetarian","Puri (Fried Bread), Halwa (Suji Sweet), Chana Masala, Achar",Assembled,USDA FoodData Central,Pakistan FCT 2001,,72,Y,Classic Pakistani Sunday breakfast plate.
Puri (Fried Bread),پوری,,Pakistani,Breakfast,Bread,,3 pieces,3 Pieces,90.00,280,5.00,32.00,14.00,3.00,0.10,1.50,0.50,N,200.00,0.00,30.00,2.00,80.00,0 IU,0 mg,Gluten,"Halal, Vegetarian","Refined Flour, Salt, Oil (for frying), Water",Fried (Deep),USDA FoodData Central,Pakistan FCT 2001,,74,Y,Deep-fried puffed bread.
Chana Masala (Breakfast),چنا مصالحہ,,Pakistani,Breakfast,Legumes,Punjab,1 katori,1 Katori,200.00,220,10.00,32.00,6.00,1.50,0.00,8.00,2.50,N,600.00,0.00,75.00,3.50,420.00,50 IU,8 mg,,"Halal, Vegetarian","Chickpeas, Onions, Tomatoes, Lemon, Spices, Oil",Sautéed,USDA FoodData Central,Pakistan FCT 2001,,74,Y,Spiced chickpeas for halwa puri breakfast.
Anda Bhurji,انڈہ بھرجی,,Pakistani,Breakfast,Egg Dish,,1 serving,1 Serving,150.00,220,13.00,5.00,16.00,5.00,0.10,1.50,3.00,N,480.00,370.00,40.00,1.80,250.00,400 IU,5 mg,"Eggs, Dairy","Halal, Vegetarian","Eggs, Onions, Tomatoes, Green Chilies, Spices, Oil/Butter",Scrambled,USDA FoodData Central,Pakistan FCT 2001,,78,Y,Pakistani-style scrambled egg bhurji.
Masala Omelet,مصالحہ آملیٹ,,Pakistani,Breakfast,Egg Dish,,1 omelet,1 Piece,150.00,230,14.00,4.00,17.00,5.50,0.10,1.20,2.50,N,460.00,375.00,40.00,1.80,240.00,400 IU,8 mg,"Eggs, Dairy","Halal, Vegetarian","2 Eggs, Onion, Green Chili, Tomato, Coriander, Butter",Pan-Fried,USDA FoodData Central,Pakistan FCT 2001,,80,Y,Spiced Pakistani omelette.
Anda Anda Paratha,انڈہ پراٹھا,,Pakistani,Breakfast,Bread,,1 piece,1 Paratha,130.00,330,11.00,34.00,17.00,5.50,0.20,2.20,1.50,N,460.00,195.00,42.00,2.20,160.00,170 IU,2 mg,"Gluten, Dairy, Eggs",Halal,"Whole Wheat Flour, Egg (folded inside), Ghee/Oil",Fried (Shallow),USDA FoodData Central,Pakistan FCT 2001,,76,Y,Egg-coated paratha.
Boiled Egg,ابلا انڈہ,,Pakistani,Breakfast,Egg Dish,,2 eggs,2 Eggs,100.00,155,12.50,1.10,10.60,3.30,0.00,0.00,0.60,N,124.00,373.00,50.00,1.70,126.00,540 IU,0 mg,Eggs,"Halal, Vegetarian",Eggs,Boiled,USDA FoodData Central #173424,,,92,Y,Plain hard-boiled eggs. USDA lab data.
French Toast (Desi Style),فرنچ ٹوسٹ,,Pakistani,Breakfast,Egg Dish,,2 slices,2 Slices,120.00,280,9.00,30.00,14.00,4.50,0.10,1.50,8.00,N,350.00,185.00,70.00,2.00,130.00,250 IU,0 mg,"Gluten, Dairy, Eggs","Halal, Vegetarian","White Bread, Egg, Milk, Sugar, Ghee/Oil",Pan-Fried,USDA FoodData Central,,,76,Y,Egg-dipped fried bread. Sweet version.
Milk and Dates (Breakfast),دودھ کھجور,,Pakistani,Breakfast,Set Meal,,1 serving,1 Serving,300.00,280,8.00,40.00,8.00,5.00,0.00,3.00,36.00,Y,75.00,22.00,300.00,1.20,380.00,400 IU,1 mg,Dairy,"Halal, Vegetarian","Full Cream Milk, Khajoor Dates, Honey",Mixed,USDA FoodData Central,Pakistan FCT 2001,,78,Y,Prophetic sunnah breakfast. High energy.
Paratha with Lassi,پراٹھا لسی,,Pakistani,Breakfast,Set Meal,Punjab,1 plate set,1 Set,400.00,580,16.00,54.00,32.00,10.50,0.20,3.50,18.00,Y,520.00,30.00,320.00,2.50,440.00,160 IU,2 mg,"Gluten, Dairy","Halal, Vegetarian","Butter Paratha, Sweet Lassi (Yogurt Drink)",Assembled,USDA FoodData Central,Pakistan FCT 2001,,72,Y,Classic Punjabi breakfast combination.
Daal Mash (White Lentils),دال ماش,,Pakistani,Lunch/Dinner,Lentils,,1 katori,1 Katori,200.00,200,12.00,24.00,6.00,1.50,0.00,5.00,2.00,N,480.00,0.00,45.00,3.50,330.00,20 IU,2 mg,,"Halal, Vegetarian","White Urad Lentils, Onions, Tomatoes, Spices, Oil",Boiled/Sautéed,USDA FoodData Central,Pakistan FCT 2001,,74,Y,Rich white lentil curry. Popular at weddings.
Daal Chana (Split Chickpeas),دال چنا,,Pakistani,Lunch/Dinner,Lentils,,1 katori,1 Katori,200.00,230,12.00,30.00,7.00,1.80,0.00,7.00,2.00,N,490.00,0.00,55.00,3.20,370.00,30 IU,2 mg,,"Halal, Vegetarian","Split Chickpea Lentils, Onions, Tomatoes, Spices, Oil",Boiled/Sautéed,USDA FoodData Central,Pakistan FCT 2001,,74,Y,Thick split chickpea lentil curry.
Daal Moong (Yellow),دال مونگ,,Pakistani,Lunch/Dinner,Lentils,,1 katori,1 Katori,200.00,185,10.00,24.00,5.50,1.20,0.00,6.50,1.50,N,460.00,0.00,35.00,2.50,290.00,25 IU,2 mg,,"Halal, Vegetarian","Yellow Moong Lentils, Onions, Tomatoes, Turmeric, Spices, Oil",Boiled/Sautéed,USDA FoodData Central,Pakistan FCT 2001,,76,Y,Light yellow lentil curry. Easy to digest.
Mix Daal (Four Lentils),مکس دال,,Pakistani,Lunch/Dinner,Lentils,,1 katori,1 Katori,200.00,210,12.00,26.00,6.50,1.50,0.00,6.50,2.50,N,490.00,0.00,45.00,3.50,340.00,30 IU,2 mg,,"Halal, Vegetarian","Red Lentils, Yellow Moong, Chana Dal, White Urad Mixed, Spices, Oil",Boiled/Sautéed,USDA FoodData Central,Pakistan FCT 2001,,72,Y,Mixed four-lentil curry. High protein.
Moong Phalli Ki Daal,مونگ پھلی کی دال,,Pakistani,Lunch/Dinner,Lentils,Punjab,1 katori,1 Katori,200.00,240,13.00,24.00,10.00,2.00,0.00,5.50,2.50,N,510.00,0.00,40.00,3.00,320.00,25 IU,2 mg,Peanuts,"Halal, Vegetarian","Peanuts, Lentils, Onions, Tomatoes, Spices, Oil",Boiled/Sautéed,USDA FoodData Central,Pakistan FCT 2001,,70,Y,Peanut lentil curry. Punjab specialty.
Daal Gosht,دال گوشت,,Pakistani,Lunch/Dinner,Lentils,,1 katori,1 Katori,250.00,310,22.00,22.00,14.00,5.00,0.10,5.50,2.00,N,640.00,65.00,55.00,4.50,380.00,40 IU,3 mg,,Halal,"Mixed Lentils, Mutton/Beef, Onions, Tomatoes, Spices, Oil",Slow-Cooked,USDA FoodData Central,Pakistan FCT 2001,,72,Y,Meat and lentil curry. High protein.
Chana Daal Gosht,چنا دال گوشت,,Pakistani,Lunch/Dinner,Lentils,,1 katori,1 Katori,250.00,320,22.00,24.00,14.00,5.00,0.10,6.00,2.50,N,650.00,65.00,60.00,4.50,400.00,40 IU,3 mg,,Halal,"Split Chickpeas, Mutton, Onions, Tomatoes, Spices, Oil",Slow-Cooked,USDA FoodData Central,Pakistan FCT 2001,,72,Y,Chickpea lentil with meat.
Sabut Moong,سابت مونگ,,Pakistani,Lunch/Dinner,Lentils,,1 katori,1 Katori,200.00,190,11.00,28.00,4.50,0.80,0.00,7.50,2.00,N,450.00,0.00,40.00,2.80,340.00,30 IU,2 mg,,"Halal, Vegetarian","Whole Green Moong, Onions, Tomatoes, Spices, Oil",Boiled/Sautéed,USDA FoodData Central,Pakistan FCT 2001,,74,Y,Whole green mung bean curry.
Maash Daal (With Ghee),ماش دال گھی والی,,Pakistani,Lunch/Dinner,Lentils,,1 katori,1 Katori,200.00,240,13.00,22.00,10.00,4.50,0.10,4.50,1.50,N,500.00,10.00,60.00,3.50,350.00,30 IU,2 mg,Dairy,"Halal, Vegetarian","White Urad Lentils, Ghee Tarka, Fried Onions, Garlic, Red Chili",Boiled/Sautéed,USDA FoodData Central,Pakistan FCT 2001,,72,Y,Rich ghee-tadka urad dal.
Sabut Masoor Daal,سابت مسور دال,,Pakistani,Lunch/Dinner,Lentils,,1 katori,1 Katori,200.00,195,11.00,28.00,5.00,1.00,0.00,6.50,2.50,N,460.00,0.00,40.00,3.20,360.00,20 IU,3 mg,,"Halal, Vegetarian","Whole Brown Lentils, Onions, Tomatoes, Spices, Oil",Boiled/Sautéed,USDA FoodData Central,Pakistan FCT 2001,,74,Y,Whole brown lentil curry.
Bread Pakora,بریڈ پکوڑا,,Pakistani,Snack,Street Food,,2 pieces,2 Pieces,120.00,320,8.00,34.00,18.00,4.00,0.10,2.50,2.00,N,450.00,15.00,55.00,2.50,200.00,30 IU,2 mg,"Gluten, Dairy","Halal, Vegetarian","White Bread, Spiced Potato Filling, Chickpea Flour Batter, Oil",Fried (Deep),USDA FoodData Central,Pakistan FCT 2001,,70,Y,Deep-fried stuffed bread fritter.
Aloo Pakora,آلو پکوڑا,,Pakistani,Snack,Street Food,,5 pieces,5 Pieces,100.00,270,5.00,30.00,15.00,3.00,0.10,2.80,1.50,N,380.00,0.00,30.00,1.80,280.00,20 IU,5 mg,Gluten,"Halal, Vegetarian","Sliced Potatoes, Chickpea Flour Batter, Spices, Oil",Fried (Deep),USDA FoodData Central,Pakistan FCT 2001,,72,Y,Crispy potato fritters.
Pyaz Pakora,پیاز پکوڑا,,Pakistani,Snack,Street Food,,5 pieces,5 Pieces,80.00,240,5.00,26.00,13.00,2.50,0.10,2.50,3.50,N,360.00,0.00,35.00,1.50,180.00,20 IU,4 mg,Gluten,"Halal, Vegetarian","Sliced Onions, Chickpea Flour Batter, Chili, Cumin, Oil",Fried (Deep),USDA FoodData Central,Pakistan FCT 2001,,72,Y,Onion fritters. Popular Ramadan iftar item.
Palak Pakora,پالک پکوڑا,,Pakistani,Snack,Street Food,,5 pieces,5 Pieces,80.00,210,5.00,22.00,11.00,2.00,0.00,2.50,1.50,N,340.00,0.00,65.00,2.50,280.00,1500 IU,10 mg,Gluten,"Halal, Vegetarian","Spinach Leaves, Chickpea Flour Batter, Spices, Oil",Fried (Deep),USDA FoodData Central,Pakistan FCT 2001,,72,Y,Spinach fritters. High vitamin A.
Corn Pakora,مکئی پکوڑا,,Pakistani,Snack,Street Food,,5 pieces,5 Pieces,90.00,260,6.00,30.00,13.00,2.50,0.00,3.00,3.00,N,360.00,0.00,25.00,1.00,210.00,80 IU,4 mg,Gluten,"Halal, Vegetarian","Sweet Corn, Chickpea Flour Batter, Spices, Oil",Fried (Deep),USDA FoodData Central,Pakistan FCT 2001,,70,Y,Corn and chickpea flour fritters.
Fish Pakora (Lahori),لاہوری فش پکوڑا,,Pakistani,Snack,Street Food,Lahore,3 pieces,3 Pieces,120.00,300,20.00,20.00,16.00,3.50,0.10,1.50,1.50,N,480.00,55.00,35.00,1.50,280.00,20 IU,4 mg,Gluten,Halal,"Fish Pieces, Chickpea Flour Batter, Carom Seeds, Spices, Oil",Fried (Deep),USDA FoodData Central,Pakistan FCT 2001,,72,Y,Deep-fried fish fritter Lahore style.
Chicken Pakora,چکن پکوڑا,,Pakistani,Snack,Street Food,,5 pieces,5 Pieces,120.00,330,22.00,16.00,18.00,4.00,0.10,1.50,1.50,N,540.00,65.00,30.00,1.80,260.00,50 IU,3 mg,Gluten,Halal,"Chicken Cubes, Chickpea Flour Batter, Garlic, Spices, Oil",Fried (Deep),USDA FoodData Central,Pakistan FCT 2001,,72,Y,Chicken fritters. Popular tea snack.
Moong Dal Halwa,مونگ دال حلوہ,,Pakistani,Dessert,Sweet,Punjab,1 katori,1 Katori,150.00,420,9.00,45.00,24.00,11.00,0.30,3.50,28.00,Y,30.00,30.00,55.00,2.50,200.00,140 IU,0 mg,"Dairy, Tree Nuts","Halal, Vegetarian","Yellow Moong Dal, Ghee, Sugar, Milk, Cardamom, Nuts",Slow-Roasted,USDA FoodData Central,Pakistan FCT 2001,,70,Y,Rich yellow lentil sweet. Wedding dish.
Lauki Halwa,لوکی حلوہ,,Pakistani,Dessert,Sweet,,1 katori,1 Katori,150.00,280,5.00,40.00,12.00,6.00,0.20,2.00,30.00,Y,55.00,18.00,130.00,0.50,290.00,60 IU,12 mg,"Dairy, Tree Nuts","Halal, Vegetarian","Bottle Gourd, Milk, Sugar, Khoya, Ghee, Cardamom, Nuts",Slow-Cooked,USDA FoodData Central,Pakistan FCT 2001,,70,Y,Light bottle gourd sweet pudding.
Naan Khatai,نان کھٹائی,,Pakistani,Snack,Bakery,,3 pieces,3 Pieces,60.00,280,3.50,38.00,13.00,6.50,0.20,1.00,15.00,Y,80.00,10.00,15.00,0.80,50.00,60 IU,0 mg,"Gluten, Dairy","Halal, Vegetarian","Refined Flour, Ghee, Sugar, Cardamom, Semolina",Baked,USDA FoodData Central,Pakistan FCT 2001,,72,Y,Pakistani shortbread cookie. Classic bakery item.
Butter Chicken (Murgh Makhani),مرغ مکھنی,,Indian,Lunch/Dinner,Curry,,1 katori,1 Katori,250.00,380,28.00,14.00,24.00,10.00,0.30,2.00,6.00,N,710.00,90.00,70.00,2.00,350.00,600 IU,6 mg,Dairy,Halal,"Tandoori Chicken, Tomato Butter Sauce, Cream, Spices",Simmered,USDA FoodData Central,India IFCT 2017,,78,Y,Famous creamy Indian tomato-butter chicken.
Paneer Tikka,پنیر ٹکہ,,Indian,Lunch/Dinner,BBQ,,1 serving,1 Serving,200.00,340,18.00,14.00,24.00,12.00,0.30,2.00,5.00,N,680.00,55.00,380.00,1.00,250.00,400 IU,8 mg,Dairy,"Halal, Vegetarian","Paneer Cubes, Bell Peppers, Onions, Yogurt Marinade, Spices",Grilled,USDA FoodData Central,India IFCT 2017,,78,Y,Grilled cottage cheese skewers.
Aloo Tikka Masala,آلو ٹکہ مسالہ,,Indian,Lunch/Dinner,Curry,,1 katori,1 Katori,250.00,280,6.00,38.00,12.00,4.00,0.00,4.50,7.00,N,680.00,0.00,55.00,2.00,490.00,500 IU,18 mg,Dairy,"Halal, Vegetarian","Grilled Potato Cubes, Tomato Cream Sauce, Spices, Butter",Simmered,USDA FoodData Central,India IFCT 2017,,74,Y,Tikka masala with potatoes instead of chicken.
Saag Paneer,ساگ پنیر,,Indian,Lunch/Dinner,Curry,,1 katori,1 Katori,200.00,290,14.00,10.00,22.00,10.50,0.30,3.50,3.00,N,540.00,45.00,420.00,4.50,420.00,5500 IU,14 mg,Dairy,"Halal, Vegetarian","Spinach Puree, Paneer, Onions, Garlic, Cream, Spices, Butter",Sautéed,USDA FoodData Central,India IFCT 2017,,76,Y,Spinach and cottage cheese curry.
Matar Paneer,مٹر پنیر,,Indian,Lunch/Dinner,Curry,,1 katori,1 Katori,200.00,270,13.00,20.00,16.00,7.50,0.20,5.00,5.50,N,580.00,35.00,280.00,2.50,380.00,350 IU,12 mg,Dairy,"Halal, Vegetarian","Paneer, Green Peas, Tomatoes, Onions, Cream, Spices",Sautéed,USDA FoodData Central,India IFCT 2017,,76,Y,Green pea and cottage cheese curry.
Vegetable Biryani (Indian Style),سبزی بریانی (انڈین),,Indian,Lunch/Dinner,Rice,,1 plate,1 Plate,300.00,400,10.00,60.00,14.00,4.50,0.00,5.00,6.00,N,680.00,5.00,65.00,2.50,400.00,800 IU,10 mg,"Dairy, Tree Nuts","Halal, Vegetarian","Basmati Rice, Mixed Vegetables, Saffron, Fried Onions, Ghee, Whole Spices",Slow-Cooked,USDA FoodData Central,India IFCT 2017,,76,Y,Aromatic Indian vegetable biryani.
Aloo Chaat (Indian Style),آلو چاٹ,,Indian,Snack,Street Food,,1 plate,1 Plate,200.00,220,4.50,30.00,9.00,2.00,0.00,3.50,4.50,N,580.00,0.00,30.00,1.20,380.00,60 IU,18 mg,,"Halal, Vegetarian","Boiled Potatoes, Tamarind Chutney, Green Chutney, Chaat Masala, Onions",Mixed,USDA FoodData Central,India IFCT 2017,,74,Y,Indian-style spiced potato chaat.
Dahi Puri,دہی پوری,,Indian,Snack,Street Food,,5 pieces,5 Pieces,120.00,200,5.50,28.00,7.00,2.50,0.00,3.50,7.00,N,420.00,8.00,65.00,1.50,250.00,60 IU,5 mg,"Gluten, Dairy","Halal, Vegetarian","Semolina Shells, Yogurt, Tamarind, Sweet Chutney, Sev, Onions",Mixed,India IFCT 2017,,,72,Y,Crispy puri filled with yogurt.
Masala Dosa,مصالحہ ڈوسہ,,Indian,Breakfast,Savory Pancake,,1 piece,1 Piece,200.00,380,8.00,56.00,14.00,3.00,0.00,4.50,3.00,N,520.00,0.00,45.00,2.50,380.00,60 IU,12 mg,,"Halal, Vegetarian","Fermented Rice-Lentil Batter, Spiced Potato Filling, Oil",Fried (Shallow),India IFCT 2017,USDA FoodData Central,,76,Y,Crispy South Indian stuffed crepe.
Uttapam,اتاپم,,Indian,Breakfast,Savory Pancake,,1 piece,1 Piece,150.00,210,6.00,34.00,6.00,1.20,0.00,3.00,3.00,N,460.00,0.00,30.00,1.80,260.00,120 IU,10 mg,,"Halal, Vegetarian","Fermented Rice-Lentil Batter, Onions, Tomatoes, Green Chilies, Oil",Fried (Shallow),India IFCT 2017,USDA FoodData Central,,74,Y,Thick South Indian savory pancake.
Spaghetti Carbonara (Halal),ہلال کاربوناری,,Italian,Lunch/Dinner,Pasta,,1 plate,1 Plate,300.00,580,22.00,56.00,28.00,9.00,0.20,3.00,4.00,N,580.00,180.00,120.00,2.50,380.00,200 IU,2 mg,"Gluten, Dairy, Eggs",Halal,"Spaghetti, Halal Chicken Bacon, Eggs, Parmesan, Black Pepper",Boiled/Tossed,USDA FoodData Central,,,76,Y,Halal version of carbonara pasta.
Beef Bolognese Pasta,بیف بولونیز,,Italian,Lunch/Dinner,Pasta,,1 plate,1 Plate,350.00,580,28.00,60.00,22.00,8.00,0.30,4.00,7.00,N,680.00,65.00,80.00,3.50,480.00,300 IU,8 mg,"Gluten, Dairy",Halal,"Minced Beef, Tomato Sauce, Spaghetti, Parmesan, Herbs",Boiled/Simmered,USDA FoodData Central,,,78,Y,Classic Italian beef meat sauce pasta.
Chicken Alfredo Pasta,چکن الفریڈو,,Italian,Lunch/Dinner,Pasta,,1 plate,1 Plate,300.00,560,26.00,52.00,26.00,12.00,0.30,3.00,4.00,N,680.00,80.00,200.00,2.00,350.00,300 IU,2 mg,"Gluten, Dairy",Halal,"Fettuccine, Grilled Chicken, Alfredo Cream Sauce, Parmesan",Boiled/Simmered,USDA FoodData Central,,,78,Y,Creamy white sauce chicken pasta.
Margherita Pizza,مارگریٹا پیزا,,Italian,Lunch/Dinner,Pizza,,2 slices,2 Slices,200.00,480,18.00,56.00,20.00,8.00,0.20,3.00,5.00,N,820.00,40.00,320.00,3.00,290.00,400 IU,4 mg,"Gluten, Dairy","Halal, Vegetarian","Pizza Dough, Tomato Sauce, Fresh Mozzarella, Basil, Olive Oil",Baked,USDA FoodData Central,,,82,Y,Classic simple Italian pizza.
Garlic Bread,گارلک بریڈ,,Continental,Starter,Bakery,,3 slices,3 Slices,90.00,280,6.00,30.00,16.00,7.00,0.20,1.50,2.00,N,420.00,20.00,60.00,2.00,95.00,80 IU,1 mg,"Gluten, Dairy","Halal, Vegetarian","Baguette/Bread, Butter, Garlic, Herbs",Baked,USDA FoodData Central,,,82,Y,Butter and garlic toast.
Chicken Sandwich (Grilled),گرلڈ چکن سینڈوچ,,Continental,Lunch,Sandwich,,1 sandwich,1 Sandwich,220.00,380,24.00,34.00,16.00,4.50,0.10,3.50,5.00,N,720.00,50.00,80.00,2.50,350.00,200 IU,8 mg,"Gluten, Dairy, Eggs",Halal,"Grilled Chicken Breast, Whole Wheat Bun, Lettuce, Tomato, Mustard, Mayo",Grilled/Assembled,USDA FoodData Central,,,80,Y,Healthy grilled chicken sandwich.
BLT Sandwich (Halal),ہلال بی ایل ٹی,,Continental,Lunch,Sandwich,,1 sandwich,1 Sandwich,200.00,380,18.00,32.00,20.00,5.50,0.20,3.00,5.00,N,820.00,45.00,60.00,2.00,290.00,150 IU,8 mg,"Gluten, Dairy, Eggs",Halal,"Toast, Halal Beef Bacon, Lettuce, Tomato, Mayonnaise",Assembled,USDA FoodData Central,,,78,Y,Halal version of BLT with beef bacon.
Beef Steak (Grilled),گرلڈ بیف اسٹیک,,Continental,Dinner,Protein,,1 piece 6oz,1 Steak,170.00,360,36.00,0.00,24.00,9.00,0.80,0.00,0.00,N,200.00,110.00,25.00,3.20,480.00,30 IU,0 mg,,Halal,"Beef Sirloin, Salt, Black Pepper, Butter, Herbs",Grilled,USDA FoodData Central #173711,,,90,Y,Grilled beef sirloin. USDA lab data.
Chicken Quesadilla,چکن کیسادیا,,Continental,Lunch/Snack,Wrap,,1 quesadilla,1 Piece,180.00,420,22.00,38.00,20.00,9.00,0.20,3.00,3.00,N,680.00,55.00,280.00,2.00,280.00,300 IU,4 mg,"Gluten, Dairy",Halal,"Flour Tortilla, Grilled Chicken, Cheddar Cheese, Salsa, Sour Cream",Pan-Fried,USDA FoodData Central,,,78,Y,Cheesy chicken quesadilla.
Eggs Benedict,ایگز بینڈکٹ,,Continental,Breakfast,Egg Dish,,1 portion,1 Serving,180.00,420,18.00,24.00,28.00,10.00,0.20,2.00,3.00,N,780.00,280.00,120.00,3.00,220.00,400 IU,1 mg,"Gluten, Dairy, Eggs",Halal,"English Muffin, Poached Egg, Halal Canadian Ham, Hollandaise Sauce",Poached/Assembled,USDA FoodData Central,,,78,Y,Classic brunch item with hollandaise sauce.
Shawarma Chicken (Wrap Only),چکن شاورما ریپ,,Middle Eastern,Lunch/Dinner,Wrap,,1 wrap,1 Wrap,250.00,480,28.00,44.00,20.00,5.50,0.20,3.00,4.00,N,850.00,70.00,80.00,2.50,350.00,150 IU,6 mg,"Gluten, Dairy",Halal,"Spiced Rotisserie Chicken, Pita Bread, Garlic Toum Sauce, Pickles, Parsley",Assembled,USDA FoodData Central,,,80,Y,Classic chicken shawarma wrap.
Mutton Shawarma (Wrap Only),مٹن شاورما ریپ,,Middle Eastern,Lunch/Dinner,Wrap,,1 wrap,1 Wrap,250.00,540,26.00,42.00,26.00,8.00,0.30,3.00,4.00,N,900.00,90.00,75.00,3.50,340.00,100 IU,4 mg,"Gluten, Dairy",Halal,"Spiced Mutton Strips, Pita Bread, Garlic Sauce, Pickles",Assembled,USDA FoodData Central,,,78,Y,Mutton version of shawarma wrap.
Lamb Kebab Platter,لیمب کباب پلیٹ,,Middle Eastern,Lunch/Dinner,BBQ,,1 platter,1 Plate,350.00,560,38.00,28.00,30.00,11.00,0.30,3.00,3.00,N,850.00,120.00,60.00,4.00,480.00,80 IU,4 mg,"Gluten, Dairy",Halal,"Ground Lamb Kebab, Pita, Salad, Tzatziki, Rice",Grilled/Assembled,USDA FoodData Central,,,78,Y,Full Middle Eastern lamb kebab meal.
Baba Ganoush,بابا غنوش,,Middle Eastern,Starter,Dip,,1/2 cup,1/2 Cup,120.00,150,3.00,10.00,11.00,1.50,0.00,4.00,3.50,N,380.00,0.00,20.00,0.80,310.00,30 IU,1 mg,Sesame,"Halal, Vegetarian","Roasted Eggplant, Tahini, Lemon, Garlic, Olive Oil, Cumin",Roasted/Blended,USDA FoodData Central,,,80,Y,Smoky roasted eggplant dip.
Fattoush Salad,فتوش سلاڈ,,Middle Eastern,Starter,Salad,,1 bowl,1 Bowl,200.00,180,4.00,22.00,9.00,1.50,0.00,4.50,6.00,N,480.00,0.00,75.00,1.80,380.00,1200 IU,35 mg,Gluten,"Halal, Vegetarian","Tomatoes, Cucumbers, Radish, Parsley, Fried Pita Chips, Sumac Dressing",Raw/Mixed,USDA FoodData Central,,,80,Y,Lebanese bread salad with sumac.
Kibbeh (Baked),کباؤ بیکڈ,,Middle Eastern,Lunch/Dinner,Kebab,,3 pieces,3 Pieces,180.00,380,20.00,28.00,22.00,8.00,0.20,3.00,3.00,N,560.00,65.00,40.00,3.50,350.00,30 IU,2 mg,"Gluten, Tree Nuts",Halal,"Ground Lamb, Bulgur Wheat, Pine Nuts, Onions, Allspice, Cinnamon",Baked,USDA FoodData Central,,,76,Y,Middle Eastern baked lamb bulgur shell.
Kofta Tagine,کوفتہ ٹیجن,,Middle Eastern,Dinner,Stew,,1 katori,1 Katori,250.00,380,24.00,18.00,24.00,9.00,0.30,3.50,6.00,N,680.00,80.00,50.00,3.50,400.00,400 IU,15 mg,Eggs,Halal,"Spiced Meatballs, Eggs, Tomatoes, Chermoula Herbs, Spices",Baked/Simmered,USDA FoodData Central,,,76,Y,Moroccan-style meatball stew.
Mansaf (Jordanian Lamb Rice),منسف,,Middle Eastern,Dinner,Rice,,1 plate,1 Plate,400.00,680,36.00,62.00,28.00,12.00,0.40,3.00,4.00,N,820.00,110.00,180.00,4.50,580.00,80 IU,2 mg,"Dairy, Tree Nuts",Halal,"Lamb, Jameed Yogurt Sauce, Basmati Rice, Almonds, Pine Nuts, Pita",Assembled,USDA FoodData Central,,,72,Y,Jordanian national dish with fermented yogurt.
Maqluba (Upside Down Rice),مقلوبہ,,Middle Eastern,Lunch/Dinner,Rice,,1 plate,1 Plate,350.00,560,24.00,58.00,22.00,7.00,0.20,4.00,4.50,N,780.00,65.00,80.00,3.00,480.00,300 IU,8 mg,"Dairy, Tree Nuts",Halal,"Chicken, Eggplant, Cauliflower, Rice, Fried Onions, Almonds, Spices",Steamed/Inverted,USDA FoodData Central,,,74,Y,Layered upside-down rice dish. Very popular in Pakistan too.
Lentil Soup (Middle Eastern),مسور سوپ,,Middle Eastern,Starter,Soup,,1 bowl,1 Bowl,250.00,180,9.00,28.00,4.00,0.80,0.00,8.00,3.00,N,680.00,0.00,45.00,3.50,380.00,150 IU,4 mg,,"Halal, Vegetarian","Red Lentils, Onions, Cumin, Turmeric, Lemon, Olive Oil",Simmered,USDA FoodData Central,,,82,Y,Classic Middle Eastern red lentil soup.
Beef Noodle Soup,بیف نوڈل سوپ,,Chinese,Lunch/Dinner,Noodles,,1 bowl,1 Bowl,400.00,420,26.00,50.00,12.00,3.50,0.10,3.00,4.00,N,1100.00,60.00,40.00,3.50,420.00,80 IU,5 mg,"Soy, Gluten, Eggs",Halal,"Beef Brisket, Egg Noodles, Beef Broth, Bok Choy, Soy Sauce, Ginger",Boiled,USDA FoodData Central,,,76,Y,Rich Chinese braised beef noodle soup.
Wonton Soup,وونٹن سوپ,,Chinese,Starter,Soup,,1 bowl,1 Bowl,300.00,180,10.00,18.00,7.00,1.50,0.00,1.50,2.00,N,820.00,35.00,20.00,1.20,200.00,60 IU,2 mg,"Gluten, Soy, Eggs",Halal,"Wontons (Chicken Filling), Chicken Broth, Spring Onions",Boiled,USDA FoodData Central,,,76,Y,Delicate dumplings in clear broth.
Sweet and Sour Chicken,سوئیٹ اینڈ ساور چکن,,Chinese,Lunch/Dinner,Fried,,1 serving,1 Katori,220.00,360,18.00,40.00,14.00,3.00,0.10,2.00,18.00,Y,680.00,45.00,30.00,1.50,280.00,80 IU,8 mg,"Soy, Gluten",Halal,"Fried Chicken Cubes, Sweet Sour Sauce, Pineapple, Capsicum, Tomato Ketchup",Fried/Sautéed,USDA FoodData Central,,,76,Y,Classic Chinese-American sweet sour dish.
Spring Rolls (Beef),اسپرنگ رول,,Chinese,Snack,Fried,,3 pieces,3 Pieces,150.00,290,10.00,30.00,15.00,4.00,0.20,2.50,3.00,N,580.00,30.00,30.00,2.00,220.00,100 IU,4 mg,"Gluten, Soy",Halal,"Spring Roll Wrappers, Beef Mince, Cabbage, Carrots, Soy Sauce",Fried (Deep),USDA FoodData Central,,,76,Y,Crispy deep-fried spring rolls.
Thai Green Curry (Chicken),تھائی گرین کری,,Thai,Lunch/Dinner,Curry,,1 katori,1 Katori,250.00,380,24.00,14.00,26.00,14.00,0.10,3.00,6.00,N,820.00,65.00,45.00,2.50,420.00,300 IU,10 mg,Shellfish,Halal,"Chicken, Coconut Milk, Green Curry Paste, Thai Basil, Green Beans",Simmered,USDA FoodData Central,,,78,Y,Aromatic Thai coconut curry.
Thai Fried Rice,تھائی فرائیڈ رائس,,Thai,Lunch/Dinner,Rice,,1 plate,1 Plate,300.00,420,16.00,52.00,16.00,4.50,0.10,2.50,4.00,N,780.00,60.00,30.00,1.50,280.00,100 IU,8 mg,"Soy, Eggs, Shellfish",Halal,"Jasmine Rice, Egg, Soy Sauce, Fish Sauce, Vegetables, Lime",Stir-Fried,USDA FoodData Central,,,76,Y,Fragrant Thai jasmine rice stir-fry.
Pad Thai (Chicken),پیڈ تھائی,,Thai,Lunch/Dinner,Noodles,,1 plate,1 Plate,300.00,480,22.00,54.00,20.00,4.00,0.10,3.00,8.00,N,820.00,80.00,60.00,3.00,310.00,100 IU,12 mg,"Gluten, Soy, Peanuts, Eggs, Shellfish",Halal,"Rice Noodles, Chicken, Eggs, Bean Sprouts, Peanuts, Tamarind Sauce",Stir-Fried,USDA FoodData Central,,,76,Y,Classic Thai stir-fried rice noodles.
Korean Bibimbap,کوریائی بیبیمباپ,,Korean,Lunch/Dinner,Rice,,1 bowl,1 Bowl,500.00,580,22.00,82.00,16.00,3.50,0.10,5.00,8.00,N,880.00,100.00,80.00,3.50,550.00,1500 IU,25 mg,"Soy, Eggs, Sesame",Halal,"Steamed Rice, Assorted Vegetables, Egg, Beef, Gochujang Sauce, Sesame Oil",Assembled,USDA FoodData Central,,,78,Y,Korean mixed rice bowl with vegetables.
Japanese Gyoza,جاپانیز گیوزا,,Japanese,Snack,Pan-Fried,,5 pieces,5 Pieces,100.00,210,10.00,24.00,8.00,2.50,0.10,2.00,2.50,N,580.00,30.00,25.00,1.80,190.00,50 IU,5 mg,"Gluten, Soy",Halal,"Gyoza Wrappers, Chicken/Pork-Free Filling, Cabbage, Soy Sauce",Pan-Fried,USDA FoodData Central,,,76,Y,Pan-fried Japanese dumplings.
Miso Soup,میسو سوپ,,Japanese,Starter,Soup,,1 bowl,1 Bowl,250.00,50,3.00,5.00,2.00,0.40,0.00,1.00,1.50,N,900.00,0.00,60.00,1.00,140.00,30 IU,0 mg,Soy,"Halal, Vegetarian","Dashi Broth, Miso Paste, Tofu, Wakame Seaweed, Spring Onion",Mixed,USDA FoodData Central,,,82,Y,Traditional Japanese fermented soybean soup.
Sarson (Mustard Greens),سرساں کا ساگ,,Pakistani,Ingredient,Vegetable,Punjab,1 cup raw,1 Cup,56.00,15,1.60,2.70,0.20,0.00,0.00,1.80,0.80,N,14.00,0.00,58.00,1.20,198.00,5800 IU,39 mg,,"Halal, Vegetarian, Vegan",Mustard Greens,Raw,USDA FoodData Central #170061,Pakistan FCT 2001,,92,Y,Key ingredient in Sarson ka Saag.
Palak (Raw Spinach),پالک,,Pakistani,Ingredient,Vegetable,,1 cup raw,1 Cup,30.00,7,0.86,1.09,0.12,0.02,0.00,0.66,0.13,N,4.00,0.00,29.70,0.81,167.00,2813 IU,8 mg,,"Halal, Vegetarian, Vegan",Raw Spinach,Raw,USDA FoodData Central #168462,,,95,Y,USDA lab data. High vitamin A and iron.
Bhindi (Okra Raw),بھنڈی (کچی),,Pakistani,Ingredient,Vegetable,,1 cup raw,1 Cup,100.00,33,1.90,7.50,0.20,0.00,0.00,3.20,1.50,N,7.00,0.00,82.00,0.60,299.00,716 IU,23 mg,,"Halal, Vegetarian, Vegan",Raw Okra,Raw,USDA FoodData Central #169260,Pakistan FCT 2001,,95,Y,USDA lab data. High fiber and vitamin C.
Baingan (Raw Eggplant),بینگن (کچا),,Pakistani,Ingredient,Vegetable,,100g,100g,100.00,25,1.00,5.80,0.20,0.00,0.00,3.00,3.50,N,2.00,0.00,9.00,0.25,230.00,23 IU,2.2 mg,,"Halal, Vegetarian, Vegan",Raw Eggplant,Raw,USDA FoodData Central #169228,Pakistan FCT 2001,,95,Y,USDA lab data.
Karela (Raw Bitter Gourd),کریلا (کچا),,Pakistani,Ingredient,Vegetable,,100g,100g,100.00,17,1.00,3.70,0.20,0.00,0.00,2.80,1.00,N,5.00,0.00,19.00,0.40,319.00,471 IU,84 mg,,"Halal, Vegetarian, Vegan",Raw Bitter Gourd,Raw,USDA FoodData Central #168393,Pakistan FCT 2001,,92,Y,USDA lab data. Very high vitamin C.
Arvi (Raw Taro),ارویاں (کچی),,Pakistani,Ingredient,Vegetable,,100g,100g,100.00,112,1.50,26.50,0.20,0.00,0.00,4.10,0.40,N,11.00,0.00,43.00,0.60,591.00,76 IU,4.5 mg,,"Halal, Vegetarian, Vegan",Raw Taro Root,Raw,USDA FoodData Central,India IFCT 2017,,88,Y,Taro root per 100g.
Shakarkandi (Sweet Potato),شکر قندی,,Pakistani,Ingredient,Vegetable,,100g,100g,100.00,86,1.60,20.10,0.10,0.00,0.00,3.00,4.20,N,55.00,0.00,30.00,0.60,337.00,14187 IU,2.4 mg,,"Halal, Vegetarian, Vegan",Raw Sweet Potato,Raw,USDA FoodData Central #168482,Pakistan FCT 2001,,92,Y,USDA lab data. Extremely high vitamin A.
Turnip (Shalgam),شلجم,,Pakistani,Ingredient,Vegetable,,100g,100g,100.00,28,0.90,6.40,0.10,0.00,0.00,1.80,3.80,N,67.00,0.00,30.00,0.30,191.00,0 IU,21 mg,,"Halal, Vegetarian, Vegan",Raw Turnip,Raw,USDA FoodData Central,Pakistan FCT 2001,,90,Y,Common Pakistani winter vegetable.
Beetroot (Chukandar),چقندر,,Pakistani,Ingredient,Vegetable,,100g,100g,100.00,43,1.60,9.60,0.20,0.00,0.00,2.80,6.80,N,78.00,0.00,16.00,0.80,325.00,33 IU,4.9 mg,,"Halal, Vegetarian, Vegan",Raw Beetroot,Raw,USDA FoodData Central,Pakistan FCT 2001,,90,Y,USDA lab data. High folate.
Methi Leaves (Fresh),میتھی پتے (تازہ),,Pakistani,Ingredient,Herb,,1 cup,1 Cup,50.00,25,2.20,3.00,0.40,0.10,0.00,1.10,0.20,N,33.00,0.00,197.00,9.40,250.00,1200 IU,26 mg,,"Halal, Vegetarian, Vegan",Fresh Fenugreek Leaves,Raw,Pakistan FCT 2001,India IFCT 2017,,90,Y,Aromatic herb. Very high iron.
Canola Oil,کینولا آئل,,International,Ingredient,Oil,,1 tablespoon,1 Tbsp,14.00,124,0.00,0.00,14.00,1.00,0.00,0.00,0.00,N,0.00,0.00,0.00,0.00,0.00,0 IU,0 mg,,"Halal, Vegetarian, Vegan",Canola Oil,Raw,USDA FoodData Central #172336,,,92,Y,USDA lab data. Low saturated fat.
Olive Oil,زیتون کا تیل,,International,Ingredient,Oil,,1 tablespoon,1 Tbsp,14.00,119,0.00,0.00,13.50,1.90,0.00,0.00,0.00,N,0.00,0.00,0.10,0.10,0.00,0 IU,0 mg,,"Halal, Vegetarian, Vegan",Extra Virgin Olive Oil,Raw,USDA FoodData Central #171413,,,92,Y,USDA lab data. High in monounsaturated fat.
Coconut Oil,ناریل کا تیل,,International,Ingredient,Oil,,1 tablespoon,1 Tbsp,14.00,121,0.00,0.00,13.50,11.20,0.00,0.00,0.00,N,0.00,0.00,0.00,0.00,0.00,0 IU,0 mg,,"Halal, Vegetarian, Vegan",Coconut Oil,Raw,USDA FoodData Central #172336,,,92,Y,USDA lab data. Very high in saturated fat.
Sunflower Oil,سورج مکھی کا تیل,,International,Ingredient,Oil,,1 tablespoon,1 Tbsp,14.00,124,0.00,0.00,14.00,1.40,0.00,0.00,0.00,N,0.00,0.00,0.00,0.00,0.00,0 IU,0 mg,,"Halal, Vegetarian, Vegan",Sunflower Oil,Raw,USDA FoodData Central,,,92,Y,USDA lab data. High in omega-6.
Soy Sauce,سویا ساس,,Chinese,Ingredient,Condiment,,1 tablespoon,1 Tbsp,16.00,9,1.30,0.80,0.10,0.00,0.00,0.10,0.30,N,902.00,0.00,3.00,0.40,32.00,0 IU,0 mg,"Soy, Gluten",Halal,"Fermented Soybeans, Wheat, Salt, Water",Fermented,USDA FoodData Central #175127,,,92,Y,USDA lab data. Very high sodium.
Tomato Ketchup,ٹوماٹو کیچپ,,International,Ingredient,Condiment,,1 tablespoon,1 Tbsp,17.00,17,0.20,4.50,0.00,0.00,0.00,0.20,3.70,N,154.00,0.00,5.00,0.10,57.00,140 IU,2 mg,,"Halal, Vegetarian","Tomatoes, Sugar, Vinegar, Salt, Onion Powder",Mixed,USDA FoodData Central #172945,,,90,Y,USDA lab data.
Mayonnaise,مایونیز,,Continental,Ingredient,Condiment,,1 tablespoon,1 Tbsp,14.00,94,0.10,0.10,10.00,1.50,0.00,0.00,0.10,N,73.00,6.00,2.00,0.00,5.00,50 IU,0 mg,Eggs,"Halal, Vegetarian","Egg Yolk, Canola Oil, Vinegar, Lemon Juice, Salt",Emulsified,USDA FoodData Central #172341,,,90,Y,USDA lab data.
Imli Chutney (Tamarind),امیل چٹنی,,Pakistani,Condiment,Chutney,,2 tablespoons,2 Tbsp,30.00,55,0.50,14.00,0.20,0.00,0.00,0.80,10.00,N,380.00,0.00,18.00,1.00,90.00,50 IU,1 mg,,"Halal, Vegetarian, Vegan","Tamarind Pulp, Sugar, Cumin, Red Chili, Salt",Mixed,Pakistan FCT 2001,,,78,Y,Sweet and sour tamarind sauce.
Pudina Chutney (Mint),پودینہ چٹنی,,Pakistani,Condiment,Chutney,,2 tablespoons,2 Tbsp,30.00,20,1.00,3.00,0.30,0.00,0.00,1.50,1.00,N,280.00,0.00,25.00,1.50,60.00,400 IU,8 mg,,"Halal, Vegetarian, Vegan","Fresh Mint Leaves, Green Chili, Garlic, Cumin, Lemon Juice, Salt",Blended,Pakistan FCT 2001,,,80,Y,Fresh green mint chutney.
Hari Mirch Chutney,ہری مرچ چٹنی,,Pakistani,Condiment,Chutney,,2 tablespoons,2 Tbsp,30.00,25,1.20,4.00,0.50,0.10,0.00,1.80,2.00,N,290.00,0.00,22.00,1.20,80.00,200 IU,60 mg,,"Halal, Vegetarian, Vegan","Green Chilies, Garlic, Ginger, Cumin, Coriander Leaves, Lemon",Blended,Pakistan FCT 2001,,,78,Y,Spicy green chili chutney.
Brown Rice (Raw),براؤن چاول (کچا),,Pakistani,Ingredient,Grain,,1 cup raw,1 Cup,185.00,680,14.00,142.00,5.40,1.10,0.00,6.50,1.00,N,12.00,0.00,57.00,4.20,740.00,0 IU,0 mg,,"Halal, Vegetarian, Vegan",Raw Brown Rice,Raw,USDA FoodData Central #168878,,,92,Y,USDA lab data. High fiber whole grain.
White Rice (Raw Basmati),سفید باسمتی (کچا),,Pakistani,Ingredient,Grain,,1 cup raw,1 Cup,185.00,679,12.80,148.00,0.60,0.20,0.00,2.40,0.00,N,9.00,0.00,29.00,1.50,136.00,0 IU,0 mg,,"Halal, Vegetarian, Vegan",Raw Basmati Rice,Raw,USDA FoodData Central,Pakistan FCT 2001,,92,Y,Pakistani premium long-grain basmati.
Whole Wheat Semolina (Suji),سوجی,,Pakistani,Ingredient,Grain,,1 cup,1 Cup,120.00,408,12.00,84.00,1.80,0.30,0.00,4.20,1.00,N,2.00,0.00,18.00,3.80,196.00,0 IU,0 mg,Gluten,"Halal, Vegetarian, Vegan",Semolina (Durum Wheat),Raw,USDA FoodData Central #169747,Pakistan FCT 2001,,90,Y,USDA lab data. Used in halwa and upma.
Oats (Rolled),جئی,,International,Ingredient,Grain,,1 cup raw,1 Cup,80.00,307,11.00,55.00,5.00,0.90,0.00,8.20,0.00,N,3.00,0.00,54.00,4.70,429.00,0 IU,0 mg,Gluten,"Halal, Vegetarian, Vegan",Rolled Oats,Raw,USDA FoodData Central #173904,,,92,Y,USDA lab data. Very high fiber beta-glucan.
Barley (Jau Raw),جو (کچا),,Pakistani,Ingredient,Grain,,1 cup raw,1 Cup,184.00,651,23.00,135.00,4.20,0.90,0.00,31.80,0.00,N,12.00,0.00,58.00,6.60,832.00,22 IU,0 mg,Gluten,"Halal, Vegetarian, Vegan",Hulled Barley,Raw,USDA FoodData Central #170283,Pakistan FCT 2001,,92,Y,USDA lab data. Very high fiber. Used in talbina.
Corn Flour (Maize Flour),مکئی کا آٹا,,Pakistani,Ingredient,Grain,,1 cup,1 Cup,122.00,442,9.90,94.00,4.30,0.60,0.00,8.90,0.80,N,11.00,0.00,7.00,4.40,320.00,572 IU,0 mg,,"Halal, Vegetarian, Vegan",Whole Corn Flour,Raw,USDA FoodData Central #170689,Pakistan FCT 2001,,92,Y,USDA lab data. Used for makai roti.
Black Beans (Raw),کالی پھلیاں (کچی),,International,Ingredient,Legume,,1 cup raw,1 Cup,194.00,662,42.00,120.00,2.40,0.60,0.00,30.20,2.80,N,5.00,0.00,239.00,12.00,2421.00,0 IU,0 mg,,"Halal, Vegetarian, Vegan",Raw Black Beans,Raw,USDA FoodData Central #173734,,,92,Y,USDA lab data. Very high protein and fiber.
Kidney Beans (Rajma Raw),راجمہ (کچا),,Pakistani,Ingredient,Legume,,1 cup raw,1 Cup,185.00,617,42.00,111.00,0.80,0.10,0.00,27.80,3.30,N,28.00,0.00,358.00,14.00,2587.00,0 IU,0 mg,,"Halal, Vegetarian, Vegan",Raw Kidney Beans,Raw,USDA FoodData Central #175243,Pakistan FCT 2001,,92,Y,USDA lab data. Very high protein and iron.
Soybeans (Raw),سویا بین (کچی),,International,Ingredient,Legume,,1 cup raw,1 Cup,186.00,830,74.00,56.00,37.40,5.40,0.00,17.60,14.20,Y,4.00,0.00,277.00,16.00,2280.00,0 IU,0 mg,Soy,"Halal, Vegetarian, Vegan",Raw Dry Soybeans,Raw,USDA FoodData Central #174270,,,92,Y,USDA lab data. Highest plant protein source.
Green Peas (Matar Raw),مٹر (کچا),,Pakistani,Ingredient,Vegetable/Legume,,1 cup,1 Cup,98.00,67,4.30,11.40,0.30,0.10,0.00,3.60,4.20,N,4.00,0.00,27.00,1.10,196.00,765 IU,40 mg,,"Halal, Vegetarian, Vegan",Raw Green Peas,Raw,USDA FoodData Central #170419,Pakistan FCT 2001,,92,Y,USDA lab data.
Chicken Thigh (Raw),چکن ران (کچا),,Pakistani,Ingredient,Protein,,100g,100g,100.00,209,15.10,0.00,16.30,4.60,0.10,0.00,0.00,N,74.00,82.00,12.00,1.10,210.00,36 IU,0 mg,,Halal,Chicken Thigh with Skin,Raw,USDA FoodData Central #171478,,,92,Y,USDA lab data. Higher fat than breast.
Chicken Wings (Raw),چکن ونگ (کچا),,Pakistani,Ingredient,Protein,,100g,100g,100.00,222,18.30,0.00,16.20,4.50,0.10,0.00,0.00,N,77.00,85.00,14.00,0.90,200.00,36 IU,0 mg,,Halal,Chicken Wings with Skin,Raw,USDA FoodData Central #171477,,,92,Y,USDA lab data.
Mutton/Lamb Leg (Raw),مٹن ران (کچا),,Pakistani,Ingredient,Protein,,100g,100g,100.00,258,17.10,0.00,20.60,8.50,0.40,0.00,0.00,N,65.00,75.00,17.00,1.90,340.00,0 IU,0 mg,,Halal,Lamb Leg Raw,Raw,USDA FoodData Central #172158,Pakistan FCT 2001,,90,Y,USDA lab data. Lamb leg per 100g.
Goat Meat (Raw),بکرا (کچا),,Pakistani,Ingredient,Protein,,100g,100g,100.00,109,20.60,0.00,2.30,0.60,0.10,0.00,0.00,N,82.00,57.00,13.00,2.80,385.00,0 IU,0 mg,,Halal,Raw Goat Meat,Raw,USDA FoodData Central #175166,Pakistan FCT 2001,,90,Y,USDA lab data. Very lean meat.
Beef Ribs (Raw),بیف ریبز (کچا),,Pakistani,Ingredient,Protein,,100g,100g,100.00,291,17.50,0.00,24.40,10.30,0.60,0.00,0.00,N,76.00,72.00,20.00,2.30,310.00,0 IU,0 mg,,Halal,Beef Ribs Raw,Raw,USDA FoodData Central,,,90,Y,USDA lab data. High fat cuts.
Beef Brisket (Raw),بیف برسکٹ (کچا),,Pakistani,Ingredient,Protein,,100g,100g,100.00,267,18.00,0.00,21.00,8.30,0.50,0.00,0.00,N,64.00,68.00,18.00,2.50,300.00,0 IU,0 mg,,Halal,Raw Beef Brisket,Raw,USDA FoodData Central,,,90,Y,Fatty beef cut used in nihari.
Catfish (Raw),کیٹ فش (کچی),,Pakistani,Ingredient,Protein,,100g,100g,100.00,95,14.60,0.00,4.00,0.90,0.10,0.00,0.00,N,50.00,58.00,8.00,0.30,358.00,50 IU,0 mg,,Halal,Raw Catfish,Raw,USDA FoodData Central #174194,Pakistan FCT 2001,,88,Y,Common Pakistani freshwater fish.
Trout (Raw),ٹراؤٹ مچھلی,,Pakistani,Ingredient,Protein,,100g,100g,100.00,141,19.90,0.00,6.20,1.80,0.10,0.00,0.00,N,52.00,59.00,86.00,0.50,481.00,40 IU,0 mg,,Halal,Rainbow Trout Raw,Raw,USDA FoodData Central #175153,Pakistan FCT 2001,,90,Y,Northern Pakistan freshwater trout. High omega-3.
Crab (Raw),کیکڑا,,Pakistani,Ingredient,Protein,,100g,100g,100.00,87,18.10,0.00,1.10,0.20,0.00,0.00,0.00,N,295.00,78.00,42.00,0.60,262.00,10 IU,3 mg,Shellfish,Halal,Raw Crab Meat,Raw,USDA FoodData Central #174202,Pakistan FCT 2001,,88,Y,USDA lab data. High protein very low fat.
Squid (Raw),اسکویڈ (کچا),,Pakistani,Ingredient,Protein,,100g,100g,100.00,92,15.60,3.10,1.40,0.40,0.00,0.00,0.00,N,44.00,233.00,32.00,0.70,246.00,10 IU,4 mg,Shellfish,Halal,Raw Squid,Raw,USDA FoodData Central #175176,Pakistan FCT 2001,,86,Y,USDA lab data. Popular in coastal Pakistan.
Achari Aloo,اچاری آلو,,Pakistani,Lunch/Dinner,Vegetable,,1 katori,1 Katori,200.00,210,4.00,28.00,9.00,1.80,0.00,3.50,3.50,N,680.00,0.00,28.00,1.50,380.00,60 IU,10 mg,,"Halal, Vegetarian","Potatoes, Pickle Spices (Mustard Seeds, Fennel, Kalonji), Tomatoes, Oil",Sautéed,USDA FoodData Central,Pakistan FCT 2001,,70,Y,Pickle-spiced potato curry.
Zeera Aloo,زیرہ آلو,,Pakistani,Lunch/Dinner,Vegetable,,1 katori,1 Katori,200.00,195,4.00,28.00,8.00,1.50,0.00,3.20,2.50,N,340.00,0.00,25.00,1.40,380.00,30 IU,12 mg,,"Halal, Vegetarian","Potatoes, Cumin Seeds, Green Chilies, Coriander, Oil",Sautéed,USDA FoodData Central,Pakistan FCT 2001,,74,Y,Cumin-flavored potatoes. Simple dry dish.
Aloo Ki Bhujia,آلو کی بھجیا,,Pakistani,Lunch/Dinner,Vegetable,,1 katori,1 Katori,200.00,200,4.00,28.00,9.00,1.80,0.00,3.50,2.50,N,380.00,0.00,22.00,1.50,360.00,40 IU,10 mg,,"Halal, Vegetarian","Potatoes, Onions, Turmeric, Red Chili, Cumin, Oil",Sautéed,USDA FoodData Central,Pakistan FCT 2001,,74,Y,Simple dry spiced potato side dish.
Chana Masala (Dinner),چنا مصالحہ (کھانہ),,Pakistani,Lunch/Dinner,Legumes,,1 katori,1 Katori,200.00,245,10.00,35.00,7.00,1.80,0.00,8.50,3.00,N,560.00,0.00,72.00,3.20,380.00,80 IU,8 mg,,"Halal, Vegetarian","Chickpeas, Onions, Tomatoes, Amchur, Spices, Oil",Sautéed,USDA FoodData Central,Pakistan FCT 2001,,76,Y,Tangy restaurant-style chickpea curry.
Daal Fry,دال فرائی,,Pakistani,Lunch/Dinner,Lentils,,1 katori,1 Katori,200.00,210,10.00,26.00,7.00,2.00,0.00,5.50,2.00,N,480.00,5.00,40.00,3.00,310.00,80 IU,5 mg,Dairy,"Halal, Vegetarian","Yellow Moong/Toor Dal, Ghee Tarka, Tomatoes, Onions, Garlic, Red Chili",Boiled/Sautéed,USDA FoodData Central,Pakistan FCT 2001,,74,Y,Tempered Indian/Pakistani lentils with ghee.
Chicken Manchow Soup,چکن مانچو سوپ,,Chinese,Starter,Soup,,1 bowl,1 Bowl,250.00,160,8.00,18.00,5.00,1.00,0.00,2.50,3.50,N,880.00,20.00,25.00,1.00,200.00,80 IU,4 mg,"Soy, Gluten, Eggs",Halal,"Minced Chicken, Mixed Vegetables, Soy Sauce, Vinegar, Noodles, Cornstarch",Boiled,USDA FoodData Central,,,76,Y,Thick Indo-Chinese chicken soup with crispy noodles.
Bihari Dal Puri,بہاری دال پوری,,Pakistani,Snack/Breakfast,Bread,,3 pieces,3 Pieces,110.00,320,8.00,36.00,16.00,3.50,0.10,3.50,1.00,N,420.00,0.00,30.00,2.50,180.00,10 IU,1 mg,Gluten,"Halal, Vegetarian","Refined Flour, Cooked Lentil Stuffing, Oil",Fried (Deep),USDA FoodData Central,Pakistan FCT 2001,,70,Y,Lentil-stuffed puri fried bread.
Shahi Tukray,شاہی ٹکڑے,,Pakistani,Dessert,Sweet,,2 pieces,2 Pieces,120.00,360,7.00,42.00,18.00,8.50,0.20,1.00,28.00,Y,80.00,45.00,180.00,0.50,160.00,200 IU,0 mg,"Dairy, Gluten, Tree Nuts","Halal, Vegetarian","Bread Slices, Rabri (Reduced Milk), Sugar Syrup, Ghee, Saffron, Nuts",Fried/Soaked,USDA FoodData Central,Pakistan FCT 2001,,70,Y,Bread soaked in sweetened reduced milk. Mughal dessert.
Kheer (Rice Pudding),کھیر,,Pakistani,Dessert,Sweet,,1 bowl,1 Bowl,200.00,260,6.00,38.00,9.00,5.50,0.10,1.00,30.00,Y,65.00,22.00,180.00,0.80,250.00,80 IU,1 mg,"Dairy, Tree Nuts","Halal, Vegetarian","Rice, Full Cream Milk, Sugar, Cardamom, Saffron, Pistachios, Rose Water",Slow-Cooked,USDA FoodData Central,Pakistan FCT 2001,,74,Y,Creamy slow-cooked rice pudding.
Macaroons (Coconut),ناریل ماکارون,,Continental,Dessert,Bakery,,3 pieces,3 Pieces,60.00,240,2.00,32.00,12.00,10.50,0.10,2.50,24.00,Y,80.00,0.00,10.00,1.20,110.00,0 IU,0 mg,"Gluten, Eggs","Halal, Vegetarian","Desiccated Coconut, Egg White, Sugar, Vanilla",Baked,USDA FoodData Central,,,80,Y,Coconut macaroon cookies.
Chicken Keema Matar,چکن قیمہ مٹر,,Pakistani,Lunch/Dinner,Curry,,1 katori,1 Katori,200.00,320,24.00,18.00,17.00,5.00,0.10,4.50,4.00,N,650.00,70.00,40.00,2.50,360.00,200 IU,15 mg,,Halal,"Chicken Mince, Green Peas, Onions, Tomatoes, Spices, Oil",Sautéed,USDA FoodData Central,Pakistan FCT 2001,,74,Y,Minced chicken with green peas.
Chicken Karahi (Dhaba Style),چکن کڑاہی (ڈھابہ),,Pakistani,Lunch/Dinner,Curry,,1 katori,1 Katori,250.00,360,30.00,8.00,23.00,8.00,0.20,1.50,4.00,N,760.00,90.00,30.00,2.20,330.00,100 IU,8 mg,,Halal,"Chicken, Tomatoes, Ginger, Garlic, Green Chilies, Oil, Coal Smoke",Sautéed,USDA FoodData Central,Pakistan FCT 2001,,72,Y,Roadside dhaba-style smoky karahi.
Mutton Keema,مٹن قیمہ,,Pakistani,Lunch/Dinner,Curry,,1 katori,1 Katori,200.00,350,24.00,8.00,25.00,10.00,0.30,1.50,3.50,N,680.00,80.00,25.00,3.00,280.00,50 IU,4 mg,,Halal,"Mutton Mince, Onions, Tomatoes, Ginger, Garlic, Spices, Oil",Sautéed,USDA FoodData Central,Pakistan FCT 2001,,72,Y,Spiced ground mutton.
Beef Paya,بیف پایہ,,Pakistani,Breakfast/Dinner,Stew,,1 bowl,1 Bowl,300.00,380,28.00,18.00,22.00,8.00,0.30,1.00,1.00,N,950.00,120.00,120.00,3.50,380.00,30 IU,2 mg,Gluten,Halal,"Beef Trotters, Onions, Ginger, Garlic, Whole Spices, Wheat",Slow-Cooked,USDA FoodData Central,Pakistan FCT 2001,,68,N,Beef trotter stew. High collagen and sodium.
Goat Paya,بکرا پایہ,,Pakistani,Breakfast/Dinner,Stew,,1 bowl,1 Bowl,250.00,340,26.00,16.00,20.00,7.50,0.30,1.00,1.00,N,880.00,110.00,110.00,3.20,350.00,30 IU,2 mg,Gluten,Halal,"Goat Trotters, Onions, Ginger, Garlic, Spices, Wheat",Slow-Cooked,USDA FoodData Central,Pakistan FCT 2001,,68,N,Goat trotter stew.
Chicken Siri Paya,چکن سری پایہ,,Pakistani,Breakfast,Stew,,1 bowl,1 Bowl,250.00,360,28.00,14.00,22.00,7.50,0.30,1.00,1.00,N,920.00,150.00,120.00,3.50,320.00,20 IU,1 mg,Gluten,Halal,"Chicken Head and Feet, Onions, Ginger, Garlic, Spices",Slow-Cooked,USDA FoodData Central,Pakistan FCT 2001,,65,N,Chicken head and trotter stew. Traditional breakfast.
Gosht Ka Korma,گوشت کا قورمہ,,Pakistani,Dinner,Curry,Punjab,1 katori,1 Katori,250.00,450,27.00,14.00,32.00,13.00,0.40,1.50,4.50,N,720.00,105.00,55.00,3.00,330.00,100 IU,3 mg,"Dairy, Tree Nuts",Halal,"Mutton/Beef, Fried Onions, Yogurt, Nuts Paste, Whole Spices, Ghee",Slow-Cooked,USDA FoodData Central,Pakistan FCT 2001,,70,Y,Classic meat korma. Wedding dish.
Chicken Qorma (Punjabi),چکن قورمہ (پنجابی),,Pakistani,Lunch/Dinner,Curry,Punjab,1 katori,1 Katori,250.00,400,28.00,14.00,26.00,9.50,0.30,1.50,5.00,N,700.00,95.00,65.00,2.00,320.00,120 IU,3 mg,"Dairy, Tree Nuts",Halal,"Chicken, Fried Onions, Yogurt, Cashew Paste, Whole Spices, Ghee",Slow-Cooked,USDA FoodData Central,Pakistan FCT 2001,,70,Y,Rich Punjabi chicken korma.
Desi Mutton Raan,دیسی مٹن ران,,Pakistani,Dinner,BBQ,,1 serving,1 Serving,300.00,520,40.00,6.00,38.00,15.00,0.50,0.50,1.50,N,780.00,130.00,35.00,4.00,490.00,50 IU,2 mg,Dairy,Halal,"Whole Lamb Leg, Papaya, Yogurt, Ginger, Garlic, Spices, Ghee",Slow-Roasted,USDA FoodData Central,Pakistan FCT 2001,,70,Y,Slow-roasted whole lamb leg.
Chicken Changezi,چکن چنگیزی,,Pakistani,Lunch/Dinner,Curry,,1 katori,1 Katori,250.00,420,30.00,10.00,30.00,11.00,0.30,1.50,5.00,N,750.00,100.00,65.00,2.00,320.00,200 IU,4 mg,Dairy,Halal,"Chicken, Cream, Tomatoes, Spices, Whole Wheat Tandoori Dough on Rim",Simmered,USDA FoodData Central,Pakistan FCT 2001,,68,N,Mughal-style cream chicken. Named after Genghis Khan.
Hyderabadi Biryani,حیدرآبادی بریانی,,Pakistani,Lunch/Dinner,Rice,,1 plate,1 Plate,350.00,540,28.00,56.00,21.00,8.00,0.20,2.20,4.50,N,880.00,88.00,48.00,3.00,360.00,150 IU,3 mg,"Gluten, Dairy",Halal,"Basmati Rice, Mutton, Fried Onions, Fried Potatoes, Saffron, Yogurt, Biryani Spices",Slow-Cooked (Dum),USDA FoodData Central,India IFCT 2017,,72,Y,Traditional Hyderabadi biryani with potato.
Kolachi Biryani,کولاچی بریانی,,Pakistani,Lunch/Dinner,Rice,Karachi,1 plate,1 Plate,350.00,500,27.00,54.00,20.00,7.00,0.20,2.00,4.00,N,820.00,82.00,44.00,2.80,340.00,130 IU,3 mg,"Gluten, Dairy",Halal,"Basmati Rice, Chicken, Potatoes, Tomatoes, Fried Onions, Spices, Oil",Slow-Cooked (Dum),USDA FoodData Central,Pakistan FCT 2001,,70,Y,Karachi's famous spicy biryani.
Aloo Gosht Biryani,آلو گوشت بریانی,,Pakistani,Lunch/Dinner,Rice,,1 plate,1 Plate,350.00,555,28.00,54.00,22.00,8.50,0.30,2.20,4.00,N,850.00,88.00,45.00,3.00,360.00,100 IU,3 mg,"Gluten, Dairy",Halal,"Basmati Rice, Mutton, Potatoes, Onions, Tomatoes, Yogurt, Spices, Ghee",Slow-Cooked (Dum),USDA FoodData Central,Pakistan FCT 2001,,70,Y,Biryani with potato and meat.
Makhni Biryani,مکھنی بریانی,,Pakistani,Lunch/Dinner,Rice,,1 plate,1 Plate,350.00,580,30.00,56.00,25.00,10.00,0.30,2.00,5.00,N,800.00,92.00,60.00,2.80,350.00,250 IU,4 mg,Dairy,Halal,"Basmati Rice, Chicken, Butter Masala Sauce, Cream, Spices, Ghee",Slow-Cooked,USDA FoodData Central,Pakistan FCT 2001,,70,Y,Butter masala biryani.
Ghee Rice (Makhni Chawal),گھی چاول,,Pakistani,Lunch/Dinner,Rice,,1 plate,1 Plate,250.00,380,6.00,56.00,14.00,7.50,0.20,1.50,1.00,N,20.00,10.00,18.00,1.00,120.00,60 IU,0 mg,Dairy,"Halal, Vegetarian","Basmati Rice, Ghee, Fried Onions, Whole Spices, Salt",Steamed,USDA FoodData Central,Pakistan FCT 2001,,76,Y,Plain ghee-flavored white rice.
Peas Pulao (Matar Pulao),مٹر پلاؤ,,Pakistani,Lunch/Dinner,Rice,,1 plate,1 Plate,250.00,360,8.00,58.00,10.00,3.50,0.10,4.50,2.00,N,480.00,0.00,25.00,2.00,220.00,150 IU,6 mg,Dairy,"Halal, Vegetarian","Basmati Rice, Green Peas, Whole Spices, Ghee, Fried Onions",Steamed,USDA FoodData Central,Pakistan FCT 2001,,76,Y,Green peas rice pilaf.
Chicken Biryani (Brown Rice),چکن بریانی (براؤن رائس),,Pakistani,Lunch/Dinner,Rice,,1 plate,1 Plate,350.00,480,28.00,54.00,17.00,5.50,0.10,4.50,3.50,N,800.00,85.00,52.00,3.50,350.00,120 IU,3 mg,Dairy,Halal,"Brown Basmati Rice, Chicken, Yogurt, Onions, Tomatoes, Spices, Ghee",Slow-Cooked (Dum),USDA FoodData Central,Pakistan FCT 2001,,72,Y,Healthier brown rice version of biryani.
Sindhi Biryani (Mutton),سندھی بریانی (مٹن),,Pakistani,Lunch/Dinner,Rice,Sindh,1 plate,1 Plate,350.00,560,28.00,54.00,22.00,8.50,0.30,2.50,5.00,N,920.00,92.00,50.00,3.20,360.00,180 IU,5 mg,"Gluten, Dairy",Halal,"Basmati Rice, Mutton, Potatoes, Dried Plums, Yogurt, Onions, Spices, Whole Chilies",Slow-Cooked (Dum),USDA FoodData Central,Pakistan FCT 2001,,70,Y,Authentic Sindhi mutton biryani.
Shadi Wali Biryani,شادی والی بریانی,,Pakistani,Lunch/Dinner,Rice,,1 plate,1 Plate,400.00,610,34.00,58.00,26.00,9.50,0.30,2.20,5.00,N,900.00,100.00,52.00,3.50,390.00,140 IU,3 mg,Dairy,Halal,"Basmati Rice, Mutton, Fried Onions, Saffron, Kewra Water, Yogurt, Ghee, Spices",Slow-Cooked (Dum),USDA FoodData Central,Pakistan FCT 2001,,70,Y,Large-portion festive wedding biryani.
Kofta Pulao,کوفتہ پلاؤ,,Pakistani,Lunch/Dinner,Rice,,1 plate,1 Plate,300.00,450,22.00,52.00,16.00,5.50,0.10,2.00,2.50,N,680.00,65.00,35.00,2.50,290.00,60 IU,2 mg,Dairy,Halal,"Basmati Rice, Minced Meat Balls (Kofta), Whole Spices, Ghee",Steamed,USDA FoodData Central,Pakistan FCT 2001,,72,Y,Rice with spiced meatballs.
Grilled Pomfret,گرلڈ پمفریٹ,,Pakistani,Lunch/Dinner,Seafood,Karachi,1 medium fish,1 Fish,250.00,300,38.00,2.00,16.00,4.50,0.10,0.00,0.50,N,580.00,120.00,60.00,1.80,520.00,50 IU,4 mg,,Halal,"Silver Pomfret, Lemon, Garlic, Green Chili, Spices, Oil",Grilled,USDA FoodData Central,Pakistan FCT 2001,,74,Y,Whole grilled silver pomfret.
Masala Rohu Fish,مصالحہ روہو مچھلی,,Pakistani,Lunch/Dinner,Seafood,,1 serving,1 Katori,200.00,260,24.00,10.00,14.00,3.50,0.10,1.50,3.00,N,620.00,55.00,30.00,1.50,360.00,40 IU,4 mg,,Halal,"Rohu Fish, Tomatoes, Onions, Spices, Lemon, Oil",Sautéed,USDA FoodData Central,Pakistan FCT 2001,,74,Y,Spiced Rohu fish curry.
Tawa Machli,توا مچھلی,,Pakistani,Lunch/Dinner,Seafood,Punjab/Lahore,2 pieces,2 Pieces,200.00,340,28.00,14.00,20.00,5.00,0.10,1.00,2.00,N,580.00,60.00,30.00,1.80,350.00,30 IU,4 mg,Gluten,Halal,"Fish Pieces, Chickpea Flour Coating, Spices, Tawa Cooked",Pan-Fried,USDA FoodData Central,Pakistan FCT 2001,,72,Y,Griddle-fried fish. Lahori style.
Karachi Prawn Curry,کراچی پراون کری,,Pakistani,Lunch/Dinner,Seafood,Karachi,1 katori,1 Katori,200.00,240,22.00,9.00,13.00,3.00,0.10,1.50,3.50,N,620.00,180.00,80.00,1.80,290.00,80 IU,4 mg,Shellfish,Halal,"Prawns, Tomatoes, Onions, Coconut Milk, Spices, Oil",Sautéed,USDA FoodData Central,Pakistan FCT 2001,,72,Y,Coastal Pakistani prawn curry.
Prawn Tikka,پراون ٹکہ,,Pakistani,Lunch/Dinner,Seafood,,6 pieces,6 Pieces,150.00,190,22.00,4.00,9.00,2.50,0.10,0.50,1.50,N,490.00,175.00,80.00,1.50,250.00,80 IU,3 mg,"Dairy, Shellfish",Halal,"Prawns, Yogurt Marinade, Spices, Lemon, Oil",Grilled,USDA FoodData Central,Pakistan FCT 2001,,74,Y,Grilled marinated prawns.
Butter Garlic Prawns,بٹر گارلک پراونز,,Continental,Lunch/Dinner,Seafood,,1 serving,1 Serving,150.00,240,20.00,4.00,16.00,8.00,0.10,0.50,1.00,N,480.00,200.00,70.00,1.20,220.00,100 IU,2 mg,"Dairy, Shellfish",Halal,"Large Prawns, Butter, Garlic, Lemon, Herbs",Pan-Fried,USDA FoodData Central,,,78,Y,Restaurant-style butter garlic prawns.
Fish and Chips,فش اینڈ چپس,,Continental,Lunch/Dinner,Fried,,1 plate,1 Plate,350.00,680,28.00,62.00,35.00,8.00,0.50,5.00,2.50,N,880.00,80.00,80.00,2.50,620.00,30 IU,10 mg,"Gluten, Eggs",Halal,"Beer-Battered Fish, Deep Fried Potato Chips, Tartar Sauce, Lemon",Fried (Deep),USDA FoodData Central,,,80,Y,Classic British fish and chips.
Calamari Rings,کالامری رنگز,,Continental,Starter,Fried,,1 plate,1 Plate,150.00,290,16.00,22.00,15.00,3.50,0.20,1.50,1.00,N,680.00,245.00,60.00,1.80,320.00,60 IU,4 mg,"Gluten, Shellfish",Halal,"Squid Rings, Breadcrumb Coating, Lemon, Tartar Sauce",Fried (Deep),USDA FoodData Central,,,78,Y,Crispy battered squid rings.
Grilled Sea Bass,گرلڈ سی باس,,Continental,Lunch/Dinner,Seafood,,1 fillet,1 Fillet,200.00,260,34.00,0.00,13.00,3.50,0.10,0.00,0.00,N,260.00,90.00,18.00,0.60,480.00,80 IU,0 mg,,Halal,"Sea Bass Fillet, Olive Oil, Garlic, Herbs, Lemon",Grilled,USDA FoodData Central,,,88,Y,Clean grilled white fish fillet.
Shrimp Scampi,شریمپ اسکامپی,,Italian,Lunch/Dinner,Seafood,,1 plate,1 Plate,250.00,520,26.00,44.00,24.00,8.00,0.10,3.00,3.00,N,780.00,215.00,80.00,2.00,380.00,200 IU,4 mg,"Gluten, Dairy, Shellfish",Halal,"Shrimp, Linguine, White Wine Substitute, Garlic, Butter, Lemon, Parsley",Sautéed/Boiled,USDA FoodData Central,,,78,Y,Italian pasta with garlic butter shrimp.
Chicken Tikka Sandwich,چکن ٹکہ سینڈوچ,,Pakistani,Lunch,Sandwich,,1 sandwich,1 Sandwich,200.00,380,22.00,34.00,16.00,5.00,0.10,3.50,4.50,N,680.00,60.00,55.00,2.50,290.00,100 IU,6 mg,"Gluten, Dairy, Eggs",Halal,"Bread, Chicken Tikka Slices, Chutney, Lettuce, Tomato, Mayo",Assembled,USDA FoodData Central,Pakistan FCT 2001,,74,Y,Chicken tikka bread sandwich.
Beef Shawarma Sub,بیف شاورما سب,,Middle Eastern,Lunch,Sandwich,,1 sandwich,1 Sandwich,250.00,540,28.00,46.00,26.00,8.00,0.20,3.00,5.00,N,920.00,75.00,80.00,3.00,360.00,120 IU,5 mg,"Gluten, Dairy",Halal,"Sub Roll, Beef Shawarma, Garlic Sauce, Pickles, Salad",Assembled,USDA FoodData Central,,,78,Y,Beef shawarma in long bread roll.
Tuna Wrap,ٹونا ریپ,,Continental,Lunch,Wrap,,1 wrap,1 Wrap,200.00,350,24.00,34.00,15.00,3.00,0.10,4.00,4.50,N,720.00,45.00,80.00,2.50,380.00,200 IU,8 mg,"Gluten, Eggs",Halal,"Tortilla, Canned Tuna, Mayo, Cucumber, Tomato, Lettuce",Assembled,USDA FoodData Central,,,80,Y,Tuna mayo wrap sandwich.
Egg Salad Sandwich,انڈہ سلاد سینڈوچ,,Continental,Lunch,Sandwich,,1 sandwich,1 Sandwich,180.00,340,14.00,28.00,18.00,4.00,0.10,3.00,5.00,N,580.00,270.00,70.00,2.00,200.00,200 IU,2 mg,"Gluten, Dairy, Eggs","Halal, Vegetarian","White Bread, Hard-Boiled Eggs, Mayo, Mustard, Celery",Assembled,USDA FoodData Central,,,80,Y,Classic egg salad sandwich.
Chicken Pesto Wrap,چکن پیسٹو ریپ,,Italian,Lunch,Wrap,,1 wrap,1 Wrap,220.00,440,26.00,38.00,20.00,5.00,0.10,3.50,4.00,N,680.00,55.00,120.00,2.50,360.00,250 IU,8 mg,"Gluten, Dairy, Tree Nuts",Halal,"Flour Tortilla, Grilled Chicken, Basil Pesto, Mozzarella, Tomato",Assembled,USDA FoodData Central,,,78,Y,Italian pesto grilled chicken wrap.
Waldorf Salad,والڈورف سلاد,,Continental,Starter,Salad,,1 bowl,1 Bowl,200.00,220,4.00,24.00,14.00,2.50,0.00,3.50,18.00,Y,280.00,8.00,40.00,0.80,280.00,100 IU,10 mg,"Tree Nuts, Eggs","Halal, Vegetarian","Apples, Walnuts, Celery, Grapes, Mayonnaise, Lemon",Mixed,USDA FoodData Central,,,80,Y,Classic American apple walnut salad.
Chicken Nicoise Salad,چکن نیکواز سلاد,,Continental,Lunch,Salad,,1 bowl,1 Bowl,300.00,380,28.00,24.00,20.00,4.00,0.10,6.00,6.00,N,580.00,120.00,80.00,3.50,520.00,800 IU,25 mg,Eggs,Halal,"Chicken, Eggs, Green Beans, Tomatoes, Olives, Potatoes, Vinaigrette",Assembled,USDA FoodData Central,,,80,Y,French-style composed salad.
Pasta Salad,پاستا سلاد,,Continental,Lunch,Salad,,1 bowl,1 Bowl,250.00,380,10.00,44.00,18.00,4.00,0.00,4.00,6.00,N,480.00,8.00,60.00,2.50,320.00,300 IU,12 mg,"Gluten, Eggs","Halal, Vegetarian","Penne, Cherry Tomatoes, Olives, Feta, Basil Pesto, Olive Oil",Mixed,USDA FoodData Central,,,78,Y,Cold Mediterranean pasta salad.
Mango Salad (Thai),تھائی آم سلاد,,Thai,Starter,Salad,,1 bowl,1 Bowl,200.00,140,3.00,28.00,4.00,0.80,0.00,3.00,22.00,Y,380.00,0.00,25.00,0.80,280.00,1200 IU,30 mg,Peanuts,"Halal, Vegetarian","Julienned Green Mango, Peanuts, Chili, Lime Juice, Fish Sauce, Mint",Raw/Mixed,USDA FoodData Central,,,78,Y,Tangy Thai shredded mango salad.
Tabouleh,تبولہ,,Middle Eastern,Starter,Salad,,1 bowl,1 Bowl,200.00,150,4.00,22.00,6.00,1.00,0.00,5.00,3.50,N,350.00,0.00,55.00,3.50,380.00,1000 IU,25 mg,Gluten,"Halal, Vegetarian","Bulgur Wheat, Parsley, Tomatoes, Mint, Lemon Juice, Olive Oil",Mixed,USDA FoodData Central,,,82,Y,Lebanese parsley and bulgur salad.
Kunafa,کنافہ,,Middle Eastern,Dessert,Sweet,,1 slice,1 Slice,120.00,380,8.00,48.00,18.00,9.00,0.20,1.50,28.00,Y,180.00,30.00,120.00,1.00,90.00,120 IU,0 mg,"Gluten, Dairy, Tree Nuts","Halal, Vegetarian","Shredded Pastry (Kataifi), Akkawi Cheese, Sugar Syrup, Rose Water, Pistachios",Baked,USDA FoodData Central,,,76,Y,Middle Eastern shredded pastry cheese dessert.
Baklava,بقلاوہ,,Middle Eastern,Dessert,Sweet,,3 pieces,3 Pieces,80.00,300,4.00,34.00,18.00,5.00,0.10,1.50,22.00,Y,100.00,0.00,20.00,1.20,80.00,20 IU,0 mg,"Gluten, Tree Nuts","Halal, Vegetarian","Phyllo Pastry, Pistachios/Walnuts, Honey Syrup, Butter",Baked,USDA FoodData Central,,,80,Y,Flaky layered pastry with nuts and honey.
Chocolate Mousse,چاکلیٹ موس,,Continental,Dessert,Sweet,,1 cup,1 Cup,120.00,310,5.00,24.00,22.00,12.50,0.20,1.50,20.00,Y,60.00,95.00,45.00,2.50,180.00,150 IU,0 mg,"Dairy, Eggs","Halal, Vegetarian","Dark Chocolate, Whipped Cream, Eggs, Sugar, Vanilla",Whipped/Chilled,USDA FoodData Central,,,80,Y,Airy chocolate mousse dessert.
Creme Brulee,کریم بریلی,,Continental,Dessert,Sweet,,1 ramekin,1 Piece,120.00,290,5.00,22.00,20.00,11.50,0.20,0.00,18.00,Y,55.00,165.00,85.00,0.20,130.00,250 IU,0 mg,"Dairy, Eggs","Halal, Vegetarian","Heavy Cream, Egg Yolks, Sugar, Vanilla, Caramelized Sugar Crust",Baked/Torched,USDA FoodData Central,,,80,Y,Classic French caramelized custard.
Tiramisu,تیرامیسو,,Italian,Dessert,Sweet,,1 slice,1 Slice,120.00,380,6.00,36.00,24.00,12.00,0.20,0.50,24.00,Y,80.00,100.00,80.00,1.20,110.00,200 IU,0 mg,"Dairy, Gluten, Eggs","Halal, Vegetarian","Ladyfinger Cookies, Mascarpone Cheese, Coffee, Cocoa, Cream, Sugar",Assembled/Chilled,USDA FoodData Central,,,78,Y,Italian coffee-flavored layered dessert.
New York Cheesecake,نیویارک چیز کیک,,Continental,Dessert,Sweet,,1 slice,1 Slice,130.00,440,8.00,38.00,28.00,15.00,0.50,0.50,26.00,Y,380.00,115.00,90.00,0.80,110.00,250 IU,0 mg,"Dairy, Gluten, Eggs","Halal, Vegetarian","Cream Cheese, Graham Crust, Eggs, Sugar, Sour Cream, Vanilla",Baked,USDA FoodData Central,,,82,Y,Dense New York style cheesecake.
Apple Pie,ایپل پائی,,Continental,Dessert,Sweet,,1 slice,1 Slice,125.00,320,3.00,46.00,14.00,5.00,0.20,2.50,22.00,Y,290.00,10.00,15.00,1.00,110.00,40 IU,4 mg,"Gluten, Dairy","Halal, Vegetarian","Pie Crust, Cinnamon Apples, Sugar, Butter",Baked,USDA FoodData Central,,,82,Y,Classic American cinnamon apple pie.
Tres Leches Cake,تریس لیچیس کیک,,Continental,Dessert,Sweet,,1 slice,1 Slice,130.00,380,8.00,48.00,18.00,10.00,0.20,0.50,34.00,Y,180.00,55.00,150.00,0.80,180.00,250 IU,0 mg,"Dairy, Gluten, Eggs","Halal, Vegetarian","Sponge Cake, Evaporated Milk, Condensed Milk, Whole Milk, Whipped Cream",Baked/Soaked,USDA FoodData Central,,,80,Y,Three-milk soaked sponge cake.
Lemon Tart,لیمن ٹارٹ,,Continental,Dessert,Sweet,,1 slice,1 Slice,100.00,340,5.00,40.00,18.00,9.00,0.20,1.00,22.00,Y,180.00,120.00,25.00,0.80,70.00,160 IU,15 mg,"Gluten, Dairy, Eggs","Halal, Vegetarian","Pastry Shell, Lemon Curd (Lemon Juice, Eggs, Butter, Sugar), Whipped Cream",Baked,USDA FoodData Central,,,80,Y,Tangy lemon curd in buttery tart shell.
Red Velvet Cake,ریڈ ویلویٹ کیک,,Continental,Dessert,Sweet,,1 slice,1 Slice,110.00,380,5.00,48.00,20.00,9.00,0.20,1.50,34.00,Y,380.00,55.00,55.00,2.50,130.00,80 IU,0 mg,"Gluten, Dairy, Eggs","Halal, Vegetarian","Red Food Color Sponge, Cream Cheese Frosting, Cocoa, Vanilla",Baked,USDA FoodData Central,,,80,Y,Classic red velvet with cream cheese frosting.
Mango Smoothie,آم اسموتھی,,Pakistani,Beverage,Cold Beverage,,1 glass,1 Glass,300.00,220,5.00,48.00,3.00,1.50,0.00,2.50,42.00,Y,80.00,8.00,120.00,0.80,480.00,1800 IU,40 mg,Dairy,"Halal, Vegetarian","Fresh Mango, Yogurt/Milk, Honey, Ice",Blended,USDA FoodData Central,Pakistan FCT 2001,,80,Y,Fresh mango yogurt smoothie.
Strawberry Banana Smoothie,اسٹرابیری بنانا اسموتھی,,Continental,Beverage,Cold Beverage,,1 glass,1 Glass,300.00,230,6.00,48.00,3.00,1.50,0.00,4.00,36.00,Y,75.00,8.00,150.00,1.00,560.00,120 IU,55 mg,Dairy,"Halal, Vegetarian","Strawberries, Banana, Milk, Honey, Ice",Blended,USDA FoodData Central,,,82,Y,Classic fruit smoothie.
Green Detox Smoothie,گرین ڈیٹاکس اسموتھی,,Continental,Beverage,Cold Beverage,,1 glass,1 Glass,300.00,150,5.00,32.00,2.00,0.50,0.00,4.50,20.00,Y,90.00,0.00,80.00,2.50,600.00,3000 IU,60 mg,,"Halal, Vegetarian, Vegan","Spinach, Cucumber, Apple, Lemon, Ginger, Water",Blended,USDA FoodData Central,,,82,Y,Detox green vegetable smoothie.
Protein Shake (Whey Vanilla),پروٹین شیک,,Continental,Beverage,Cold Beverage,,1 shake,1 Shake,350.00,280,30.00,28.00,5.00,1.50,0.00,2.50,8.00,N,180.00,35.00,220.00,2.50,450.00,80 IU,0 mg,Dairy,Halal,"Whey Protein, Milk, Banana, Almond Butter, Vanilla",Blended,USDA FoodData Central,,,82,Y,Post-workout whey protein shake.
Matcha Latte,ماچا لٹے,,Japanese,Beverage,Hot Beverage,,1 cup,1 Cup,240.00,150,6.00,18.00,5.00,2.50,0.00,1.00,12.00,N,80.00,12.00,180.00,0.80,250.00,40 IU,0 mg,Dairy,"Halal, Vegetarian","Matcha Green Tea Powder, Steamed Milk, Honey",Steamed/Mixed,USDA FoodData Central,,,80,Y,Creamy Japanese green tea latte.
Cold Brew Coffee,کولڈ بریو کافی,,Continental,Beverage,Cold Beverage,,1 glass,1 Glass,300.00,15,0.30,3.00,0.00,0.00,0.00,0.00,0.00,N,10.00,0.00,12.00,0.20,160.00,0 IU,0 mg,,"Halal, Vegetarian, Vegan","Cold Brewed Coffee, Water, Ice",Cold Brewed,USDA FoodData Central,,,90,Y,Pure cold brew coffee. No calories without milk.
Lychee Juice,لیچی جوس,,Pakistani,Beverage,Cold Beverage,,1 glass,1 Glass,250.00,110,0.50,28.00,0.20,0.00,0.00,0.50,26.00,Y,8.00,0.00,8.00,0.20,168.00,0 IU,55 mg,,"Halal, Vegetarian","Lychee Fruit, Water, Sugar",Blended/Strained,USDA FoodData Central,Pakistan FCT 2001,,78,Y,Fresh lychee juice. High vitamin C.
Guava Juice,امرود کا رس,,Pakistani,Beverage,Cold Beverage,,1 glass,1 Glass,250.00,120,1.50,28.00,0.60,0.20,0.00,3.50,22.00,Y,10.00,0.00,25.00,0.50,350.00,400 IU,170 mg,,"Halal, Vegetarian","Fresh Guava, Water, Sugar",Blended/Strained,USDA FoodData Central,Pakistan FCT 2001,,80,Y,Fresh guava juice. Very high vitamin C.
Orange Juice (Fresh),تازہ نارنجی کا رس,,Pakistani,Beverage,Cold Beverage,,1 glass,1 Glass,250.00,110,1.50,26.00,0.30,0.00,0.00,0.50,21.00,Y,2.00,0.00,22.00,0.40,490.00,247 IU,124 mg,,"Halal, Vegetarian, Vegan",Fresh Oranges,Pressed,USDA FoodData Central #169098,,,92,Y,Freshly squeezed orange juice. USDA lab data.
Apple Juice (Fresh),تازہ سیب کا رس,,Pakistani,Beverage,Cold Beverage,,1 glass,1 Glass,250.00,115,0.20,28.00,0.20,0.00,0.00,0.20,24.00,Y,5.00,0.00,10.00,0.20,250.00,0 IU,2 mg,,"Halal, Vegetarian, Vegan",Fresh Apples,Pressed,USDA FoodData Central #168869,,,90,Y,Freshly pressed apple juice.
Avocado Toast,ایوکاڈو ٹوسٹ,,Continental,Breakfast,Bread,,1 slice,1 Slice,120.00,220,6.00,20.00,14.00,2.50,0.00,5.50,1.50,N,320.00,0.00,20.00,2.00,380.00,60 IU,8 mg,Gluten,"Halal, Vegetarian","Sourdough Toast, Mashed Avocado, Lemon, Salt, Chili Flakes, Sesame Seeds",Assembled,USDA FoodData Central,,,84,Y,Trendy healthy avocado toast.
Overnight Oats,اوورنایٹ اوٹس,,Continental,Breakfast,Cereal,,1 jar,1 Jar,300.00,380,12.00,58.00,10.00,2.50,0.00,7.50,18.00,Y,120.00,8.00,220.00,4.00,460.00,200 IU,4 mg,"Gluten, Dairy","Halal, Vegetarian","Rolled Oats, Milk, Chia Seeds, Honey, Berries, Banana",Mixed/Chilled,USDA FoodData Central,,,82,Y,Make-ahead healthy breakfast oats.
Chia Pudding,چیا پڈنگ,,Continental,Breakfast,Cereal,,1 cup,1 Cup,250.00,280,8.00,32.00,14.00,3.00,0.00,12.00,14.00,Y,80.00,12.00,350.00,3.50,320.00,100 IU,2 mg,Dairy,"Halal, Vegetarian","Chia Seeds, Almond Milk, Honey, Vanilla, Berries",Mixed/Chilled,USDA FoodData Central,,,84,Y,Healthy chia seed pudding. High in omega-3.
Granola with Yogurt,گرانولا یوگرٹ,,Continental,Breakfast,Cereal,,1 bowl,1 Bowl,250.00,360,12.00,52.00,12.00,2.50,0.00,5.00,22.00,Y,120.00,8.00,160.00,2.50,340.00,80 IU,2 mg,"Gluten, Dairy, Tree Nuts","Halal, Vegetarian","Granola, Whole Milk Yogurt, Honey, Fresh Berries",Mixed,USDA FoodData Central,,,82,Y,Crunchy granola with creamy yogurt.
Egg White Omelette,انڈے کی سفیدی آملیٹ,,Continental,Breakfast,Egg Dish,,1 omelette,1 Omelette,120.00,120,18.00,2.00,4.00,1.00,0.00,0.50,1.50,N,320.00,0.00,15.00,0.20,200.00,0 IU,0 mg,Eggs,"Halal, Vegetarian","Egg Whites, Spinach, Mushrooms, Salt, Pepper, Olive Oil",Pan-Fried,USDA FoodData Central,,,84,Y,Low-calorie high-protein egg white omelette.
Greek Yogurt Bowl,گریک یوگرٹ باؤل,,Continental,Breakfast,Dairy,,1 cup,1 Cup,200.00,180,15.00,18.00,4.00,2.50,0.00,0.50,16.00,Y,65.00,8.00,180.00,0.50,280.00,40 IU,4 mg,Dairy,"Halal, Vegetarian","Greek Yogurt, Honey, Mixed Berries, Granola, Almonds",Mixed,USDA FoodData Central,,,84,Y,Protein-rich Greek yogurt parfait.
Smoothie Bowl (Acai),اکائی اسموتھی باؤل,,Continental,Breakfast,Cereal,,1 bowl,1 Bowl,300.00,320,8.00,58.00,8.00,2.00,0.00,8.00,38.00,Y,80.00,0.00,80.00,2.50,560.00,200 IU,20 mg,Tree Nuts,"Halal, Vegetarian","Acai Puree, Banana, Berries, Granola, Coconut Flakes, Honey",Blended/Assembled,USDA FoodData Central,,,80,Y,Thick blended acai smoothie bowl with toppings.
Shakshuka,شکشوکہ,,Middle Eastern,Breakfast,Egg Dish,,1 serving,1 Serving,250.00,240,14.00,18.00,14.00,3.50,0.00,4.50,8.00,N,680.00,370.00,60.00,3.50,620.00,2000 IU,40 mg,Eggs,"Halal, Vegetarian","Eggs Poached in Tomato Sauce, Onions, Capsicum, Spices",Simmered,USDA FoodData Central,,,82,Y,Middle Eastern eggs in spicy tomato sauce.
French Crepes,فرنچ کریپس,,Continental,Breakfast,Savory Pancake,,2 crepes,2 Pieces,100.00,180,6.00,22.00,8.00,4.00,0.10,1.00,6.00,N,160.00,80.00,60.00,1.20,100.00,180 IU,0 mg,"Gluten, Dairy, Eggs","Halal, Vegetarian","Flour, Eggs, Milk, Butter, Vanilla (thin pancakes)",Pan-Fried,USDA FoodData Central,,,82,Y,Thin French pancakes.
Belgian Waffles with Berries,بیلجیئن وافلز,,Continental,Breakfast,Sweet,,1 waffle,1 Waffle,120.00,340,7.00,48.00,14.00,6.00,0.20,2.50,14.00,Y,420.00,65.00,90.00,2.50,190.00,80 IU,10 mg,"Gluten, Dairy, Eggs","Halal, Vegetarian","Waffle Batter, Whipped Cream, Fresh Berries, Maple Syrup",Baked (Waffle Iron),USDA FoodData Central,,,80,Y,Fluffy Belgian waffle with cream and berries.
Chicken Hot Wings,چکن ہاٹ ونگز,,Continental,Snack,Fried,,6 pieces,6 Pieces,150.00,380,24.00,10.00,28.00,8.00,0.30,0.50,2.00,N,820.00,90.00,20.00,1.50,260.00,200 IU,2 mg,"Gluten, Dairy",Halal,"Chicken Wings, Hot Sauce, Butter, Garlic",Fried (Deep)/Tossed,USDA FoodData Central,,,80,Y,Spicy deep fried chicken wings.
Onion Rings,انیون رنگز,,Continental,Snack,Fried,,8 rings,8 Pieces,90.00,260,4.00,32.00,13.00,3.00,0.10,2.00,4.00,N,480.00,0.00,30.00,1.20,130.00,0 IU,3 mg,"Gluten, Dairy","Halal, Vegetarian","Onion Rings, Beer Batter, Breadcrumbs, Oil",Fried (Deep),USDA FoodData Central,,,78,Y,Crispy battered onion rings.
Loaded Nachos,لوڈڈ ناچوز,,Continental,Snack,Shared,,1 plate,1 Plate,200.00,540,18.00,50.00,30.00,12.00,0.30,5.00,6.00,N,980.00,45.00,280.00,3.00,380.00,400 IU,8 mg,"Gluten, Dairy","Halal, Vegetarian","Tortilla Chips, Cheddar Cheese, Salsa, Sour Cream, Guacamole, Jalapenos",Baked,USDA FoodData Central,,,78,Y,Fully loaded cheese nachos.
Corn Dog,کارن ڈاگ,,Continental,Snack,Fried,,1 piece,1 Piece,90.00,240,8.00,24.00,12.00,3.50,0.20,1.50,4.00,N,640.00,30.00,40.00,1.80,120.00,20 IU,0 mg,"Gluten, Dairy",Halal,"Halal Beef Frank, Cornmeal Batter",Fried (Deep),USDA FoodData Central,,,78,Y,Halal beef sausage in cornmeal batter.
Fish Taco,فش ٹیکو,,Mexican,Snack/Lunch,Wrap,,2 tacos,2 Tacos,200.00,380,18.00,38.00,18.00,4.00,0.10,4.50,5.00,N,620.00,45.00,80.00,2.50,320.00,200 IU,10 mg,"Gluten, Dairy",Halal,"Corn Tortilla, Grilled Fish, Cabbage Slaw, Lime Crema, Salsa",Assembled,USDA FoodData Central,,,78,Y,Mexican-style fish tacos.
Bean Burrito,بین بریٹو,,Mexican,Lunch,Wrap,,1 burrito,1 Burrito,250.00,480,18.00,66.00,16.00,6.00,0.10,10.00,4.00,N,880.00,20.00,200.00,4.50,560.00,300 IU,8 mg,"Gluten, Dairy","Halal, Vegetarian","Flour Tortilla, Refried Beans, Rice, Cheese, Salsa, Sour Cream",Assembled,USDA FoodData Central,,,78,Y,Classic Mexican bean and cheese burrito.
Chicken Tacos,چکن ٹیکو,,Mexican,Snack/Lunch,Wrap,,2 tacos,2 Tacos,180.00,360,20.00,38.00,15.00,4.50,0.10,4.50,4.00,N,680.00,55.00,80.00,2.50,350.00,200 IU,8 mg,"Gluten, Dairy",Halal,"Corn Tortillas, Grilled Chicken, Onion, Cilantro, Salsa, Lime",Assembled,USDA FoodData Central,,,78,Y,Street-style chicken tacos.
Churros,چرو,,Mexican,Snack/Dessert,Fried,,3 pieces,3 Pieces,90.00,290,4.00,40.00,14.00,3.00,0.10,1.50,14.00,Y,220.00,10.00,25.00,1.50,75.00,20 IU,0 mg,"Gluten, Dairy","Halal, Vegetarian","Choux Dough, Sugar, Cinnamon, Oil, Chocolate Dipping Sauce",Fried (Deep),USDA FoodData Central,,,78,Y,Crispy cinnamon sugar fried dough. Served with chocolate.
Sushi Roll (California),سوشی رول,,Japanese,Snack/Lunch,Sushi,,8 pieces,8 Pieces,200.00,320,10.00,44.00,12.00,2.50,0.00,2.50,4.00,N,780.00,25.00,40.00,1.50,180.00,20 IU,2 mg,"Soy, Shellfish, Sesame",Halal,"Sushi Rice, Halal Crab Stick, Avocado, Cucumber, Nori, Sesame",Rolled,USDA FoodData Central,,,76,Y,California roll sushi with avocado.
Edamame,ادامامے,,Japanese,Snack,Legume,,1 cup,1 Cup,155.00,189,17.00,14.00,8.00,1.00,0.00,8.00,3.50,N,9.00,0.00,98.00,3.50,676.00,14 IU,9 mg,Soy,"Halal, Vegetarian, Vegan","Boiled Green Soybeans, Sea Salt",Boiled,USDA FoodData Central #168411,,,90,Y,USDA lab data. Boiled soybeans in pod.
Chicken Shawarma (Platter),شاورما پلیٹ,,Middle Eastern,Lunch/Dinner,Set Meal,,1 platter,1 Plate,400.00,620,34.00,52.00,28.00,7.50,0.20,4.00,5.00,N,920.00,80.00,90.00,3.20,420.00,200 IU,8 mg,"Gluten, Dairy, Sesame",Halal,"Chicken Shawarma, Garlic Sauce, Pickles, Salad, Pita, Hummus",Assembled,USDA FoodData Central,,,78,Y,Complete shawarma meal platter.
Lamb Rack (Grilled),گرلڈ لیمب ریک,,Continental,Dinner,Protein,,3 ribs,3 Ribs,210.00,480,32.00,0.00,38.00,16.00,0.50,0.00,0.00,N,380.00,115.00,25.00,3.00,480.00,30 IU,0 mg,,Halal,"Lamb Rib Rack, Rosemary, Garlic, Olive Oil, Dijon Mustard",Grilled,USDA FoodData Central,,,84,Y,French-trimmed lamb rack roasted to perfection.
Beef Tenderloin Steak,بیف ٹینڈرلوئن,,Continental,Dinner,Protein,,1 fillet 6oz,1 Fillet,170.00,340,34.00,0.00,22.00,8.00,0.60,0.00,0.00,N,260.00,100.00,25.00,2.80,460.00,0 IU,0 mg,,Halal,"Beef Tenderloin, Sea Salt, Black Pepper, Butter, Herbs",Pan-Fried/Oven,USDA FoodData Central,,,88,Y,Most tender beef cut. Lean and rich.
Pasta Primavera,پاستا پریماویرا,,Italian,Lunch/Dinner,Pasta,,1 plate,1 Plate,300.00,420,14.00,64.00,12.00,3.00,0.00,6.00,8.00,N,420.00,8.00,80.00,3.00,480.00,1500 IU,45 mg,"Gluten, Dairy","Halal, Vegetarian","Pasta, Mixed Spring Vegetables, Olive Oil, Garlic, Parmesan, Herbs",Boiled/Sautéed,USDA FoodData Central,,,80,Y,Spring vegetable pasta toss.
Vegetarian Lasagna,ویجیٹیرین لازانیا,,Italian,Lunch/Dinner,Pasta,,1 serving,1 Serving,280.00,380,18.00,44.00,15.00,7.50,0.10,5.50,8.00,N,680.00,30.00,280.00,3.00,480.00,1200 IU,20 mg,"Gluten, Dairy","Halal, Vegetarian","Lasagna Sheets, Ricotta, Spinach, Tomato Sauce, Mozzarella, Vegetables",Baked,USDA FoodData Central,,,80,Y,Vegetable ricotta lasagna.
Moussaka,موساکا,,Mediterranean,Dinner,Baked,,1 serving,1 Serving,280.00,420,20.00,28.00,26.00,10.00,0.20,4.00,8.00,N,680.00,65.00,80.00,2.50,520.00,400 IU,8 mg,"Dairy, Eggs",Halal,"Eggplant, Ground Beef, Bechamel Sauce, Tomatoes, Cinnamon, Allspice",Baked,USDA FoodData Central,,,78,Y,Greek baked eggplant and meat dish.
Chicken Marsala,چکن مارسالا,,Italian,Dinner,Protein,,1 serving,1 Serving,200.00,360,30.00,14.00,20.00,8.00,0.10,1.50,4.00,N,580.00,90.00,30.00,2.00,480.00,80 IU,2 mg,"Dairy, Gluten",Halal,"Chicken Breast, Marsala Wine Reduction (non-alcoholic), Mushrooms, Butter",Pan-Fried,USDA FoodData Central,,,78,Y,Chicken in Marsala mushroom sauce.
Beef Stroganoff,بیف اسٹروگانوف,,Russian,Dinner,Pasta,,1 plate,1 Plate,300.00,520,28.00,44.00,24.00,10.00,0.20,3.00,5.00,N,780.00,85.00,80.00,3.50,480.00,200 IU,4 mg,"Gluten, Dairy",Halal,"Beef Strips, Sour Cream, Mushrooms, Onions, Egg Noodles, Mustard",Sautéed,USDA FoodData Central,,,78,Y,Russian beef in creamy mushroom sauce.
Chicken Pot Pie,چکن پاٹ پائی,,Continental,Dinner,Baked,,1 serving,1 Serving,280.00,480,22.00,44.00,24.00,9.00,0.20,3.50,6.00,N,780.00,55.00,80.00,2.50,380.00,400 IU,6 mg,"Gluten, Dairy",Halal,"Chicken, Mixed Vegetables, Creamy Sauce, Flaky Pastry Crust",Baked,USDA FoodData Central,,,78,Y,Savory pastry-topped chicken pot pie.
Shepherd's Pie,شیفرڈ پائی,,Continental,Dinner,Baked,,1 serving,1 Serving,300.00,420,22.00,42.00,18.00,8.00,0.20,5.00,6.00,N,720.00,65.00,50.00,3.00,580.00,400 IU,12 mg,Dairy,Halal,"Ground Lamb, Mixed Vegetables, Mashed Potato Topping, Gravy",Baked,USDA FoodData Central,,,78,Y,British minced lamb pie with mashed potato top.
Pasanda,پسندہ,,Pakistani,Dinner,Curry,,1 katori,1 Katori,250.00,420,32.00,10.00,26.00,10.00,0.40,1.50,4.00,N,720.00,110.00,60.00,3.50,380.00,120 IU,4 mg,Dairy,Halal,"Beef Steaks, Yogurt, Raw Papaya, Fried Onions, Spices, Ghee",Slow-Cooked,USDA FoodData Central,Pakistan FCT 2001,,72,Y,Mughlai beef steak curry.
Kofta Curry (Meatball),کوفتہ کری,,Pakistani,Lunch/Dinner,Curry,,1 katori,1 Katori,250.00,380,26.00,14.00,24.00,9.00,0.30,2.50,4.00,N,680.00,85.00,60.00,3.20,350.00,80 IU,6 mg,Dairy,Halal,"Beef/Mutton Mince, Gram Flour, Yogurt, Onions, Spices, Oil",Simmered,USDA FoodData Central,Pakistan FCT 2001,,74,Y,Spiced meatballs in yogurt-tomato gravy.
Nargisi Kofta,نرگسی کوفتہ,,Pakistani,Dinner,Curry,,1 serving,1 Serving,300.00,450,30.00,16.00,28.00,10.50,0.30,2.50,5.00,N,750.00,280.00,80.00,4.00,390.00,200 IU,6 mg,"Dairy, Eggs",Halal,"Boiled Eggs, Minced Meat Coating, Yogurt Gravy, Spices",Simmered,USDA FoodData Central,Pakistan FCT 2001,,74,Y,Scotch egg style meatballs in gravy.
Aloo Keema,آلو قیمہ,,Pakistani,Lunch/Dinner,Curry,,1 katori,1 Katori,250.00,340,22.00,22.00,18.00,6.50,0.20,3.50,4.00,N,620.00,70.00,40.00,3.00,420.00,250 IU,15 mg,,Halal,"Mince Meat, Potatoes, Onions, Tomatoes, Spices, Oil",Sautéed,USDA FoodData Central,Pakistan FCT 2001,,76,Y,Classic everyday potato and mince curry.
Matar Keema,مٹر قیمہ,,Pakistani,Lunch/Dinner,Curry,,1 katori,1 Katori,250.00,350,24.00,20.00,18.00,6.50,0.20,4.50,4.50,N,610.00,70.00,45.00,3.20,390.00,350 IU,20 mg,,Halal,"Mince Meat, Green Peas, Onions, Tomatoes, Spices, Oil",Sautéed,USDA FoodData Central,Pakistan FCT 2001,,76,Y,Mince with green peas.
Shimla Mirch Keema,شملہ مرچ قیمہ,,Pakistani,Lunch/Dinner,Curry,,1 katori,1 Katori,250.00,330,22.00,18.00,18.00,6.50,0.20,3.50,5.00,N,590.00,70.00,35.00,3.00,380.00,1200 IU,60 mg,,Halal,"Mince Meat, Bell Peppers, Onions, Tomatoes, Spices, Oil",Sautéed,USDA FoodData Central,Pakistan FCT 2001,,76,Y,Capsicum and mince meat.
Gobi Gosht,گوبھی گوشت,,Pakistani,Lunch/Dinner,Curry,,1 katori,1 Katori,250.00,350,24.00,16.00,22.00,8.00,0.30,4.50,4.50,N,660.00,80.00,65.00,3.20,430.00,100 IU,35 mg,,Halal,"Mutton, Cauliflower, Onions, Tomatoes, Ginger, Spices, Oil",Slow-Cooked,USDA FoodData Central,Pakistan FCT 2001,,74,Y,Cauliflower with meat.
Tinda Gosht,ٹنڈا گوشت,,Pakistani,Lunch/Dinner,Curry,,1 katori,1 Katori,250.00,320,24.00,14.00,18.00,6.50,0.20,3.50,4.00,N,580.00,75.00,45.00,2.80,380.00,150 IU,12 mg,,Halal,"Mutton, Apple Gourd, Onions, Tomatoes, Spices, Oil",Simmered,USDA FoodData Central,Pakistan FCT 2001,,72,Y,Apple gourd with meat.
Arvi Gosht,اروی گوشت,,Pakistani,Lunch/Dinner,Curry,,1 katori,1 Katori,250.00,380,24.00,24.00,20.00,7.50,0.20,4.00,3.50,N,620.00,80.00,50.00,3.00,460.00,80 IU,8 mg,,Halal,"Mutton, Taro Root, Onions, Tomatoes, Spices, Oil",Simmered,USDA FoodData Central,Pakistan FCT 2001,,72,Y,Taro root and meat stew.
Lauki Gosht,لوکی گوشت,,Pakistani,Lunch/Dinner,Curry,,1 katori,1 Katori,250.00,310,24.00,12.00,18.00,6.50,0.20,3.00,4.00,N,590.00,75.00,45.00,2.50,390.00,60 IU,10 mg,,Halal,"Mutton, Bottle Gourd, Onions, Tomatoes, Spices, Oil",Simmered,USDA FoodData Central,Pakistan FCT 2001,,72,Y,Bottle gourd with meat.
Shalgam Gosht,شلجم گوشت,,Pakistani,Lunch/Dinner,Curry,,1 katori,1 Katori,250.00,330,24.00,14.00,18.00,6.50,0.20,3.50,4.50,N,610.00,75.00,55.00,2.80,380.00,80 IU,15 mg,,Halal,"Mutton, Turnips, Onions, Tomatoes, Spices, Oil",Simmered,USDA FoodData Central,Pakistan FCT 2001,,72,Y,Turnip with meat.
Aloo Anday (Potato & Egg),آلو انڈے,,Pakistani,Lunch/Dinner,Curry,,1 katori,1 Katori,250.00,280,12.00,24.00,16.00,3.50,0.10,3.50,4.00,N,520.00,380.00,50.00,2.50,390.00,450 IU,12 mg,Eggs,"Halal, Vegetarian","Hard Boiled Eggs, Potatoes, Onions, Tomatoes, Spices, Oil",Simmered,USDA FoodData Central,Pakistan FCT 2001,,76,Y,Egg and potato curry.
Chicken Jalfrezi,چکن جل فریزی,,Pakistani,Lunch/Dinner,Curry,,1 katori,1 Katori,250.00,320,28.00,16.00,16.00,3.50,0.10,3.00,6.00,N,720.00,85.00,45.00,2.50,380.00,600 IU,45 mg,Eggs,Halal,"Chicken, Capsicum, Onions, Tomatoes, Eggs, Ketchup, Spices",Stir-Fried,USDA FoodData Central,Pakistan FCT 2001,,76,Y,Stir-fried chicken with bell peppers and egg.
Mutanjan (Meat),متنجن گوشت,,Pakistani,Lunch/Dinner,Rice,,1 plate,1 Plate,350.00,580,28.00,62.00,24.00,9.00,0.30,3.00,18.00,Y,650.00,85.00,60.00,3.50,390.00,120 IU,3 mg,"Dairy, Tree Nuts",Halal,"Rice, Mutton, Sugar, Saffron, Nuts, Whole Spices, Ghee",Slow-Cooked,USDA FoodData Central,Pakistan FCT 2001,,68,N,Sweet and savory meat rice (old Mughal recipe).
Prawn Biryani,پراون بریانی,,Pakistani,Lunch/Dinner,Rice,Karachi,1 plate,1 Plate,350.00,510,24.00,60.00,18.00,6.00,0.10,2.50,4.00,N,780.00,140.00,75.00,2.50,340.00,100 IU,5 mg,"Dairy, Shellfish",Halal,"Basmati Rice, Prawns, Tomatoes, Onions, Yogurt, Biryani Spices",Slow-Cooked (Dum),USDA FoodData Central,Pakistan FCT 2001,,72,Y,Spicy prawn biryani.
Fish Biryani,فش بریانی,,Pakistani,Lunch/Dinner,Rice,Karachi,1 plate,1 Plate,350.00,490,26.00,58.00,16.00,5.00,0.10,2.50,4.00,N,720.00,70.00,60.00,2.50,350.00,80 IU,4 mg,Dairy,Halal,"Basmati Rice, Fried Fish Pieces, Tomatoes, Yogurt, Biryani Spices",Slow-Cooked (Dum),USDA FoodData Central,Pakistan FCT 2001,,72,Y,"Fish biryani, coastal style."
Bannu Beef Pulao,بنوں بیف پلاؤ,,Pakistani,Lunch/Dinner,Rice,KPK,1 plate,1 Plate,400.00,680,32.00,64.00,32.00,12.00,0.50,3.00,2.00,N,850.00,110.00,50.00,4.00,420.00,50 IU,2 mg,,Halal,"Rice, Beef Shank, Beef Bone Marrow, Black Pepper, Whole Spices, Ghee",Slow-Cooked,USDA FoodData Central,Pakistan FCT 2001,,70,Y,Famous Bannu fatty beef pulao.
Meethe Chawal (Gur Wale),گڑ والے چاول,,Pakistani,Dessert,Sweet Rice,Punjab,1 plate,1 Plate,250.00,380,5.00,72.00,8.00,4.50,0.10,1.50,35.00,Y,30.00,15.00,40.00,2.50,180.00,50 IU,0 mg,"Dairy, Tree Nuts","Halal, Vegetarian","Basmati Rice, Jaggery (Gur), Ghee, Fennel, Nuts",Steamed,USDA FoodData Central,Pakistan FCT 2001,,72,Y,Jaggery sweetened rice. Rustic Punjabi dessert.
"Khichdi (Moong Dal, Plain)",کھچڑی (سادہ),,Pakistani,Lunch/Dinner,Rice,,1 plate,1 Plate,250.00,260,8.00,45.00,4.00,1.50,0.00,3.50,1.50,N,320.00,0.00,30.00,1.80,180.00,20 IU,1 mg,,"Halal, Vegetarian","Rice, Yellow Moong Dal, Salt, Turmeric, Mild Oil",Boiled,USDA FoodData Central,Pakistan FCT 2001,,78,Y,Plain khichdi for invalid/sick diet.
Afghani Boti,افغانی بوٹی,,Pakistani,Dinner,BBQ,,4 pieces,4 Pieces,150.00,280,26.00,2.00,18.00,7.00,0.20,0.50,0.50,N,450.00,85.00,30.00,1.80,260.00,40 IU,1 mg,,Halal,"Mutton/Beef, Black Pepper, Salt, Fat, Green Papaya",Grilled,USDA FoodData Central,Pakistan FCT 2001,,72,Y,Mildly spiced fatty meat skewers.
Chapli Kebab (Mutton),چپلی کباب (مٹن),,Pakistani,Lunch/Dinner,BBQ,KPK,1 large kebab,1 Kebab,180.00,480,28.00,12.00,35.00,14.00,0.50,2.50,3.00,N,780.00,105.00,45.00,3.50,420.00,100 IU,8 mg,"Gluten, Eggs",Halal,"Mutton Mince, Tomatoes, Onions, Coriander Seeds, Corn Flour, Animal Fat",Pan-Fried (Shallow),USDA FoodData Central,Pakistan FCT 2001,,72,Y,Peshawari flat mutton kebab.
Seekh Kebab (Chicken),چکن سیخ کباب,,Pakistani,Lunch/Dinner,BBQ,,2 skewers,2 Skewers,120.00,220,22.00,4.00,12.00,3.50,0.10,1.00,1.50,N,550.00,75.00,35.00,1.50,240.00,120 IU,2 mg,,Halal,"Chicken Mince, Onions, Green Chilies, Spices, Oil",Grilled,USDA FoodData Central,Pakistan FCT 2001,,76,Y,Leaner chicken seekh kebabs.
Zinger Burger,زنگر برگر,,Fast Food,Lunch/Dinner,Burger,,1 burger,1 Burger,250.00,560,26.00,52.00,28.00,6.00,0.20,2.50,6.00,N,980.00,65.00,110.00,2.50,290.00,150 IU,2 mg,"Gluten, Dairy, Eggs",Halal,"Fried Chicken Breast, Bun, Mayo, Lettuce",Fried (Deep)/Assembled,USDA FoodData Central,,,78,Y,Crispy fried chicken burger.
Club Sandwich,کلب سینڈوچ,,Fast Food,Lunch,Sandwich,,1 sandwich,1 Sandwich,250.00,480,24.00,42.00,24.00,6.50,0.10,3.50,5.00,N,850.00,210.00,120.00,2.80,320.00,300 IU,6 mg,"Gluten, Dairy, Eggs",Halal,"3 Bread Slices, Chicken, Egg, Cheese, Lettuce, Tomato, Mayo",Assembled,USDA FoodData Central,,,78,Y,Classic triple-decker club sandwich.
Broast Chicken (Quarter),چکن بروسٹ,,Fast Food,Lunch/Dinner,Fried,Karachi,1 quarter,1 Piece,200.00,490,32.00,18.00,32.00,8.00,0.30,1.50,1.00,N,880.00,110.00,40.00,2.00,280.00,80 IU,1 mg,Gluten,Halal,"Skin-on Chicken, Flour Batter, Spices, Oil",Fried (Pressure),USDA FoodData Central,,,76,Y,Pressure-fried crispy chicken (Karachi style).
Loaded Fries,لوڈڈ فرائز,,Fast Food,Snack,Potato,,1 plate,1 Plate,250.00,620,14.00,64.00,34.00,12.00,0.20,4.50,4.00,N,920.00,45.00,210.00,1.80,680.00,250 IU,15 mg,Dairy,"Halal, Vegetarian","French Fries, Cheddar Cheese Sauce, Jalapenos, Mayo/Garlic Sauce",Fried/Baked,USDA FoodData Central,,,76,Y,French fries topped with cheese and sauces.
Sarson Ka Saag (Cooked),سرساں کا ساگ,,Pakistani,Lunch/Dinner,Vegetable,Punjab,1 katori,1 Katori,250.00,180,6.00,18.00,10.00,4.50,0.00,6.00,3.50,N,420.00,15.00,160.00,2.50,450.00,6000 IU,45 mg,Dairy,"Halal, Vegetarian","Mustard Greens, Spinach, Bathua, Maize Flour, Ghee, Garlic, Green Chilies",Simmered,USDA FoodData Central,Pakistan FCT 2001,,76,Y,Rich Punjabi mustard greens cooked with ghee.
Makki Ki Roti,مکئی کی روٹی,,Pakistani,Staple,Bread,Punjab,1 roti,1 Roti,100.00,220,5.00,44.00,3.00,0.50,0.00,4.50,1.00,N,20.00,0.00,15.00,1.20,120.00,150 IU,0 mg,,"Halal, Vegetarian","Maize Flour, Warm Water, Salt",Baked (Tawa),USDA FoodData Central,Pakistan FCT 2001,,78,Y,Cornmeal flatbread. Paired with Saag.
Aloo Gajar Matar,آلو گاجر مٹر,,Pakistani,Lunch/Dinner,Vegetable,,1 katori,1 Katori,200.00,165,4.00,24.00,7.00,1.20,0.00,5.50,6.50,N,380.00,0.00,45.00,1.50,410.00,6000 IU,20 mg,,"Halal, Vegetarian","Potatoes, Carrots, Green Peas, Onions, Tomatoes, Spices, Oil",Sautéed,USDA FoodData Central,Pakistan FCT 2001,,76,Y,Winter mix vegetable curry.
Mix Sabzi (Mixed Veg),مکس سبزی,,Pakistani,Lunch/Dinner,Vegetable,,1 katori,1 Katori,200.00,180,4.00,22.00,9.00,1.50,0.00,5.00,5.50,N,410.00,0.00,50.00,1.60,390.00,4500 IU,25 mg,,"Halal, Vegetarian","Potatoes, Carrots, Peas, Beans, Cauliflower, Spices, Oil",Sautéed,USDA FoodData Central,Pakistan FCT 2001,,76,Y,Mixed vegetables in spiced base.
Gia Tori (Sponge Gourd),توری,,Pakistani,Lunch/Dinner,Vegetable,,1 katori,1 Katori,200.00,120,2.00,14.00,7.00,1.00,0.00,2.50,4.00,N,380.00,0.00,35.00,0.80,280.00,120 IU,10 mg,,"Halal, Vegetarian","Sponge Gourd, Onions, Tomatoes, Green Chilies, Spices, Oil",Sautéed,USDA FoodData Central,Pakistan FCT 2001,,74,Y,Light sponge gourd curry.
Karele Ki Sabzi (Dry),کریلے کی سبزی,,Pakistani,Lunch/Dinner,Vegetable,,1 katori,1 Katori,200.00,190,4.00,16.00,13.00,2.00,0.00,4.50,3.00,N,420.00,0.00,40.00,1.80,380.00,500 IU,55 mg,,"Halal, Vegetarian","Bitter Gourd, Onions, Amchur, Spices, Oil (Fried slightly)",Pan-Fried,USDA FoodData Central,Pakistan FCT 2001,,74,Y,Dry bitter gourd with onions.
Baingan Ka Bharta,بینگن کا بھرتہ,,Pakistani,Lunch/Dinner,Vegetable,,1 katori,1 Katori,200.00,160,3.00,18.00,9.00,1.50,0.00,5.00,6.00,N,410.00,0.00,45.00,1.20,340.00,300 IU,15 mg,,"Halal, Vegetarian","Roasted Fire-Smoked Eggplant, Onions, Tomatoes, Garlic, Mustard Oil/Ghee",Sautéed,USDA FoodData Central,Pakistan FCT 2001,,76,Y,Smoked mashed eggplant curry.
Lauki Chana Dal,لوکی چنا دال,,Pakistani,Lunch/Dinner,Lentil/Veg,,1 katori,1 Katori,200.00,180,8.00,26.00,5.00,1.00,0.00,6.50,3.00,N,460.00,0.00,45.00,2.50,310.00,80 IU,12 mg,,"Halal, Vegetarian","Bottle Gourd, Split Chickpeas, Onions, Tomatoes, Spices, Oil",Simmered,USDA FoodData Central,Pakistan FCT 2001,,76,Y,Bottle gourd cooked with lentils. Very healthy.
Shalgam Chana Dal,شلجم چنا دال,,Pakistani,Lunch/Dinner,Lentil/Veg,,1 katori,1 Katori,200.00,190,8.00,28.00,5.00,1.00,0.00,7.00,4.00,N,480.00,0.00,50.00,2.80,320.00,60 IU,15 mg,,"Halal, Vegetarian","Turnips, Split Chickpeas, Onions, Spices, Oil",Simmered,USDA FoodData Central,Pakistan FCT 2001,,74,Y,Turnip and chickpea lentil.
Mooli Ki Roti,مولی کی روٹی,,Pakistani,Breakfast/Staple,Bread,,1 piece,1 Paratha,140.00,280,6.00,44.00,9.00,2.50,0.10,4.50,2.50,N,420.00,5.00,40.00,1.80,290.00,40 IU,15 mg,"Gluten, Dairy","Halal, Vegetarian","Whole Wheat Flour, Grated Radish, Spices, Ghee (Shallow Fried)",Pan-Fried (Shallow),USDA FoodData Central,Pakistan FCT 2001,,76,Y,Radish stuffed flatbread.
Besan Ki Roti (Missi Roti),بیسن کی روٹی,,Pakistani,Staple,Bread,,1 piece,1 Roti,100.00,260,10.00,40.00,7.00,1.00,0.00,6.50,2.00,N,380.00,0.00,45.00,2.80,310.00,60 IU,0 mg,Gluten,"Halal, Vegetarian","Gram Flour, Whole Wheat Flour, Onions, Green Chilies, Spices, Oil",Baked (Tawa),USDA FoodData Central,Pakistan FCT 2001,,78,Y,High protein gram flour bread.
Golgappe (Pani Puri),گول گپے,,Pakistani,Snack,Street Food,,6 pieces,6 Pieces,150.00,180,4.00,30.00,5.00,1.00,0.00,2.50,2.00,N,680.00,0.00,30.00,1.50,180.00,40 IU,5 mg,Gluten,"Halal, Vegetarian","Semolina Puris, Chickpeas, Potatoes, Tamarind Water, Mint Water",Mixed,USDA FoodData Central,Pakistan FCT 2001,,76,Y,Crispy hollow spheres with spicy tangy water.
Chaat (Fruit Chaat),فروٹ چاٹ,,Pakistani,Snack/Dessert,Fruit,,1 bowl,1 Bowl,200.00,120,1.50,30.00,0.50,0.00,0.00,4.50,22.00,Y,180.00,0.00,25.00,0.80,350.00,400 IU,45 mg,,"Halal, Vegetarian, Vegan","Apples, Bananas, Guava, Grapes, Chaat Masala, Orange Juice/Sugar",Mixed,USDA FoodData Central,Pakistan FCT 2001,,78,Y,Mixed fruit salad with spicy tangy chaat masala.
Aloo Tikki,آلو ٹکی,,Pakistani,Snack,Street Food,,2 pieces,2 Pieces,120.00,260,4.00,32.00,13.00,2.50,0.00,3.50,2.00,N,460.00,0.00,25.00,1.50,320.00,40 IU,8 mg,,"Halal, Vegetarian","Mashed Potatoes, Coriander, Green Chilies, Cumin, Oil",Fried (Shallow),USDA FoodData Central,Pakistan FCT 2001,,76,Y,Spiced potato patties.
Bun Kebab (Daal/Aloo),بن کباب,,Pakistani,Snack,Street Food,Karachi,1 burger,1 Burger,200.00,320,10.00,48.00,10.00,2.50,0.10,5.00,5.00,N,620.00,110.00,65.00,3.00,310.00,120 IU,8 mg,"Gluten, Eggs","Halal, Vegetarian","Burger Bun, Lentil/Potato Patty, Egg Wash, Chutney, Onions",Fried (Shallow)/Assembled,USDA FoodData Central,Pakistan FCT 2001,,76,Y,Karachi's famous street burger.
Shami Kebab (Beef),شامی کباب,,Pakistani,Snack/Side,Kebab,,2 pieces,2 Pieces,100.00,240,16.00,14.00,13.00,4.00,0.20,2.50,1.50,N,480.00,85.00,35.00,3.20,280.00,60 IU,2 mg,Eggs,Halal,"Beef Mince, Chana Dal, Whole Spices, Egg, Oil",Fried (Shallow),USDA FoodData Central,Pakistan FCT 2001,,78,Y,Beef and lentil patties.
Shami Kebab (Chicken),چکن شامی کباب,,Pakistani,Snack/Side,Kebab,,2 pieces,2 Pieces,100.00,210,16.00,14.00,10.00,2.50,0.10,2.50,1.50,N,450.00,75.00,30.00,2.20,250.00,40 IU,2 mg,Eggs,Halal,"Chicken Mince, Chana Dal, Whole Spices, Egg, Oil",Fried (Shallow),USDA FoodData Central,Pakistan FCT 2001,,78,Y,Chicken and lentil patties.
Chicken Roll (Paratha Roll),چکن پراٹھا رول,,Pakistani,Snack/Lunch,Wrap,,1 roll,1 Roll,220.00,520,22.00,48.00,26.00,7.50,0.20,3.50,4.00,N,850.00,65.00,70.00,2.50,290.00,180 IU,6 mg,"Gluten, Dairy",Halal,"Fried Paratha, Chicken Tikka, Onions, Tamarind Chutney, Mayo",Assembled,USDA FoodData Central,,,76,Y,Chicken tikka wrapped in fried paratha.
Beef Roll (Paratha Roll),بیف پراٹھا رول,,Pakistani,Snack/Lunch,Wrap,,1 roll,1 Roll,220.00,560,24.00,46.00,30.00,9.00,0.30,3.50,4.00,N,880.00,75.00,65.00,3.20,320.00,150 IU,5 mg,"Gluten, Dairy",Halal,"Fried Paratha, Beef Boti/Bihari, Onions, Chutney",Assembled,USDA FoodData Central,,,76,Y,Beef wrapped in fried paratha.
Namak Pare,نمک پارے,,Pakistani,Snack,Bakery,,1/2 cup,1/2 Cup,50.00,260,4.00,28.00,15.00,3.00,0.10,1.50,0.50,N,420.00,0.00,15.00,1.00,80.00,0 IU,0 mg,Gluten,"Halal, Vegetarian","Refined Flour, Carom Seeds, Cumin, Ghee/Oil, Salt",Fried (Deep),USDA FoodData Central,Pakistan FCT 2001,,74,Y,Crispy savory diamond-shaped pastry.
Rasgulla,رسگلہ,,Pakistani,Dessert,Sweet,,2 pieces,2 Pieces,100.00,240,6.00,42.00,5.00,3.00,0.10,0.50,38.00,Y,40.00,15.00,140.00,0.30,120.00,80 IU,0 mg,Dairy,"Halal, Vegetarian","Chenna (Cottage Cheese), Sugar Syrup, Rose Water",Boiled,USDA FoodData Central,India IFCT 2017,,76,Y,Spongy cheese balls in syrup.
Ras Malai,رس ملائی,,Pakistani,Dessert,Sweet,,2 pieces + milk,1 Bowl,150.00,310,9.00,35.00,14.00,8.50,0.20,0.80,28.00,Y,75.00,35.00,210.00,0.50,240.00,200 IU,1 mg,"Dairy, Tree Nuts","Halal, Vegetarian","Flattened Chenna Balls, Sweetened Thickened Milk, Pistachios, Saffron",Simmered,USDA FoodData Central,Pakistan FCT 2001,,76,Y,Cottage cheese discs in sweet creamy milk.
Gajrela (Carrot Kheer),گجریلا,,Pakistani,Dessert,Sweet,,1 bowl,1 Bowl,200.00,240,6.00,38.00,7.00,4.00,0.10,2.00,28.00,Y,85.00,22.00,190.00,0.80,310.00,9000 IU,4 mg,"Dairy, Tree Nuts","Halal, Vegetarian","Grated Carrots, Milk, Rice, Sugar, Cardamom, Nuts",Slow-Cooked,USDA FoodData Central,Pakistan FCT 2001,,76,Y,Carrot and milk pudding (runnier than halwa).
Sheer Khurma,شیر خرمہ,,Pakistani,Dessert,Sweet,,1 bowl,1 Bowl,200.00,290,8.00,44.00,9.00,5.00,0.10,2.50,32.00,Y,95.00,25.00,220.00,1.20,340.00,180 IU,1 mg,"Dairy, Gluten, Tree Nuts","Halal, Vegetarian","Vermicelli, Full Fat Milk, Dates, Sugar, Almonds, Pistachios, Ghee",Simmered,USDA FoodData Central,Pakistan FCT 2001,,76,Y,Eid special sweet vermicelli with dates and milk.
Firni (Phiri),پھرنی,,Pakistani,Dessert,Sweet,,1 bowl (clay pot),1 Bowl,150.00,210,5.00,32.00,7.00,4.50,0.10,0.50,24.00,Y,55.00,20.00,160.00,0.40,190.00,120 IU,0 mg,"Dairy, Tree Nuts","Halal, Vegetarian","Ground Rice, Milk, Sugar, Kewra Water, Almonds/Pistachios",Simmered/Set,USDA FoodData Central,Pakistan FCT 2001,,76,Y,Ground rice pudding set in clay pots.
Zarda (Mutanjan),زردہ دیگی,,Pakistani,Dessert,Sweet,,1 plate,1 Plate,200.00,380,5.00,66.00,11.00,6.00,0.20,1.50,35.00,Y,40.00,15.00,40.00,1.20,120.00,80 IU,0 mg,"Dairy, Tree Nuts","Halal, Vegetarian","Basmati Rice, Sugar, Ghee, Food Colors, Ashrafi (Candied Fruit), Nuts",Steamed,USDA FoodData Central,Pakistan FCT 2001,,72,Y,Traditional wedding sweet rice.
Khoya (Unsweetened),کھویا (پھیکا),,Pakistani,Ingredient,Dairy,,100g,100g,100.00,360,18.00,12.00,26.00,16.00,0.80,0.00,12.00,N,120.00,90.00,650.00,1.00,420.00,800 IU,2 mg,Dairy,"Halal, Vegetarian",Whole Milk (Slow reduced until solid),Slow-Boiled,India IFCT 2017,Pakistan FCT 2001,,78,Y,Reduced milk solids used in mithai.
Soan Papdi,سون پاپڑی,,Pakistani,Dessert,Sweet,,2 pieces,2 Pieces,50.00,250,3.00,34.00,12.00,6.00,0.10,1.00,22.00,Y,20.00,10.00,30.00,1.20,110.00,60 IU,0 mg,"Gluten, Dairy, Tree Nuts","Halal, Vegetarian","Gram Flour, Flour, Ghee, Sugar, Cardamom, Pistachio",Pulled/Flaky,USDA FoodData Central,,,74,Y,Flaky spun sugar and gram flour sweet.
Patisa,پتیسہ,,Pakistani,Dessert,Sweet,,2 pieces,2 Pieces,60.00,290,4.00,36.00,15.00,8.00,0.20,1.50,24.00,Y,25.00,12.00,40.00,1.40,130.00,80 IU,0 mg,"Gluten, Dairy, Tree Nuts","Halal, Vegetarian","Gram Flour, Ghee, Sugar, Cardamom (Dense version of Soan Papdi)",Cooked/Set,USDA FoodData Central,,,74,Y,Denser cousin of Soan Papdi.
Fruit Cake (Bakery),فروٹ کیک,,Pakistani,Dessert,Bakery,,1 slice,1 Slice,80.00,310,4.00,42.00,14.00,6.00,0.20,1.50,26.00,Y,240.00,45.00,60.00,1.20,90.00,120 IU,1 mg,"Gluten, Dairy, Eggs","Halal, Vegetarian","Flour, Sugar, Butter/Oil, Eggs, Candied Fruit Peel (Ashrafi), Vanilla",Baked,USDA FoodData Central,,,76,Y,Standard Pakistani bakery tea cake.
Cake Rusk,کیک رسک,,Pakistani,Snack,Bakery,,2 pieces,2 Pieces,60.00,260,4.00,36.00,11.00,4.50,0.10,1.00,16.00,Y,180.00,30.00,45.00,1.00,75.00,80 IU,0 mg,"Gluten, Dairy, Eggs","Halal, Vegetarian",Double-baked sponge cake,Baked,USDA FoodData Central,,,78,Y,Crispy double baked cake. Dipped in tea.
Baqarkhani (Sweet),میٹھی باقر خانی,,Pakistani,Snack,Bakery,,1 piece,1 Piece,80.00,340,5.00,44.00,16.00,8.00,0.20,1.50,12.00,N,290.00,20.00,35.00,1.40,85.00,100 IU,0 mg,"Gluten, Dairy","Halal, Vegetarian","Layered Flour Pastry, Ghee, Sugar",Baked,USDA FoodData Central,,,74,Y,Sweet layered bakery pastry.
Zeera Biscuit (Cumin),زیرہ بسکٹ,,Pakistani,Snack,Bakery,,4 pieces,4 Pieces,50.00,240,4.00,30.00,12.00,5.50,0.10,1.50,6.00,N,260.00,15.00,30.00,1.50,70.00,60 IU,0 mg,"Gluten, Dairy","Halal, Vegetarian","Flour, Butter/Ghee, Sugar, Cumin Seeds, Salt",Baked,USDA FoodData Central,,,76,Y,Salty-sweet cumin biscuits.
Almonds (Badam Raw),بادام (کچا),,International,Ingredient,Nuts,,1/4 cup (1 oz),28g,28.00,164,6.00,6.00,14.00,1.10,0.00,3.50,1.20,N,1.00,0.00,76.00,1.00,208.00,0 IU,0 mg,Tree Nuts,"Halal, Vegetarian, Vegan",Raw Almonds,Raw,USDA FoodData Central #170567,,,92,Y,USDA lab data.
Walnuts (Akhrot Raw),اخروٹ (کچا),,International,Ingredient,Nuts,,1/4 cup (1 oz),28g,28.00,185,4.30,3.90,18.50,1.70,0.00,1.90,0.70,N,0.00,0.00,28.00,0.80,125.00,6 IU,0.3 mg,Tree Nuts,"Halal, Vegetarian, Vegan",Raw Walnuts,Raw,USDA FoodData Central #170187,,,92,Y,USDA lab data.
Pistachios (Pista Raw),پستہ (کچا),,International,Ingredient,Nuts,,1/4 cup (1 oz),28g,28.00,159,5.70,7.70,12.90,1.50,0.00,3.00,2.20,N,0.00,0.00,30.00,1.10,291.00,116 IU,1.6 mg,Tree Nuts,"Halal, Vegetarian, Vegan",Raw Pistachios,Raw,USDA FoodData Central #170184,,,92,Y,USDA lab data.
Cashews (Kaju Raw),کاجو (کچا),,International,Ingredient,Nuts,,1/4 cup (1 oz),28g,28.00,157,5.20,8.60,12.40,2.20,0.00,0.90,1.70,N,3.00,0.00,10.00,1.90,187.00,0 IU,0.1 mg,Tree Nuts,"Halal, Vegetarian, Vegan",Raw Cashews,Raw,USDA FoodData Central #170162,,,92,Y,USDA lab data.
Peanuts (Mungfali Raw),مونگ پھلی (کچی),,International,Ingredient,Legume/Nut,,1/4 cup (1 oz),28g,28.00,161,7.30,4.50,14.00,1.90,0.00,2.40,1.30,N,5.00,0.00,26.00,1.30,197.00,0 IU,0 mg,Peanuts,"Halal, Vegetarian, Vegan",Raw Peanuts,Raw,USDA FoodData Central #172430,,,92,Y,USDA lab data. Actually a legume.
Pine Nuts (Chilgoza),چلغوزہ,,International,Ingredient,Nuts,,1 oz,28g,28.00,191,3.90,3.70,19.10,1.40,0.00,1.10,1.00,N,1.00,0.00,4.50,1.60,169.00,8 IU,0.2 mg,Tree Nuts,"Halal, Vegetarian, Vegan",Raw Pine Nuts,Raw,USDA FoodData Central #170183,,,92,Y,USDA lab data. Premium nut from northern Pakistan.
Flax Seeds (Alsi),السی کے بیج,,International,Ingredient,Seeds,,1 tablespoon,10g,10.00,53,1.80,2.90,4.20,0.40,0.00,2.70,0.20,N,3.00,0.00,25.00,0.60,81.00,0 IU,0.1 mg,,"Halal, Vegetarian, Vegan",Whole Flax Seeds,Raw,USDA FoodData Central #169414,,,92,Y,High in ALA Omega 3.
Chia Seeds (Tukhm-e-Balanga),تخم بالنگا,,International,Ingredient,Seeds,,1 tablespoon,10g,10.00,49,1.70,4.20,3.10,0.30,0.00,3.40,0.00,N,2.00,0.00,63.00,0.80,41.00,5 IU,0.2 mg,,"Halal, Vegetarian, Vegan",Chia Seeds/Basil Seeds,Raw,USDA FoodData Central #170554,,,92,Y,Very high fiber and omega 3.
Pumpkin Seeds (Kaddu Ke Beej),کدو کے بیج,,International,Ingredient,Seeds,,1 oz,28g,28.00,158,8.50,4.20,13.90,2.40,0.00,1.80,0.40,N,2.00,0.00,12.00,2.50,226.00,11 IU,0.5 mg,,"Halal, Vegetarian, Vegan",Dried Pumpkin Seeds Kernel,Raw,USDA FoodData Central #170188,,,92,Y,High magnesium and zinc.
Sesame Seeds (Til),تل,,International,Ingredient,Seeds,,1 tablespoon,9g,9.00,52,1.60,2.10,4.50,0.60,0.00,1.10,0.00,N,1.00,0.00,88.00,1.30,42.00,1 IU,0 mg,Sesame,"Halal, Vegetarian, Vegan",Whole Dried Sesame Seeds,Raw,USDA FoodData Central #170150,,,92,Y,USDA lab data. Very high calcium.
Garlic (Lehsan Raw),لہسن (کچا),,International,Ingredient,Herb,,1 clove,3g,3.00,4,0.20,1.00,0.00,0.00,0.00,0.10,0.00,N,1.00,0.00,5.00,0.10,12.00,0 IU,0.9 mg,,"Halal, Vegetarian, Vegan",Raw Garlic Clove,Raw,USDA FoodData Central #169230,,,94,Y,USDA lab data.
Ginger (Adrak Raw),ادرک (کچی),,International,Ingredient,Herb,,1 slice (approx),11g,11.00,9,0.20,2.00,0.10,0.00,0.00,0.20,0.20,N,1.00,0.00,2.00,0.10,46.00,0 IU,0.6 mg,,"Halal, Vegetarian, Vegan",Raw Ginger Root,Raw,USDA FoodData Central #169231,,,94,Y,USDA lab data.
Turmeric Powder (Haldi),ہلدی پاؤڈر,,International,Ingredient,Spice,,1 teaspoon,3g,3.00,9,0.20,2.00,0.10,0.00,0.00,0.60,0.10,N,1.00,0.00,5.00,1.20,76.00,0 IU,0.8 mg,,"Halal, Vegetarian, Vegan",Ground Turmeric,Dried,USDA FoodData Central #172231,,,94,Y,USDA lab data. High iron content for a spice.
Cumin Seeds (Zeera),سفید زیرہ,,International,Ingredient,Spice,,1 teaspoon,2g,2.00,8,0.40,0.90,0.50,0.00,0.00,0.20,0.00,N,3.00,0.00,19.00,1.40,36.00,25 IU,0.2 mg,,"Halal, Vegetarian, Vegan",Whole Cumin Seeds,Dried,USDA FoodData Central #170920,,,94,Y,USDA lab data.
Coriander Seeds (Dhania),سوکھا دھنیا,,International,Ingredient,Spice,,1 teaspoon,2g,2.00,5,0.20,1.00,0.30,0.00,0.00,0.80,0.00,N,1.00,0.00,13.00,0.30,22.00,0 IU,0.4 mg,,"Halal, Vegetarian, Vegan",Whole Coriander Seeds,Dried,USDA FoodData Central #170919,,,94,Y,USDA lab data.
Garam Masala,گرم مصالحہ,,Pakistani,Ingredient,Spice Blend,,1 teaspoon,2g,2.00,7,0.30,1.20,0.30,0.00,0.00,0.60,0.00,N,1.00,0.00,18.00,0.70,30.00,10 IU,0.1 mg,,"Halal, Vegetarian, Vegan","Mixed Ground Spices (Cinnamon, Cumin, Cardamom, Cloves, Pepper)",Mixed,USDA FoodData Central #172242,,,90,Y,Standard subcontinental spice blend.
Red Chili Powder (Lal Mirch),لال مرچ پاؤڈر,,Pakistani,Ingredient,Spice,,1 teaspoon,3g,3.00,8,0.40,1.40,0.40,0.10,0.00,1.00,0.30,N,1.00,0.00,9.00,0.50,58.00,885 IU,2.1 mg,,"Halal, Vegetarian, Vegan",Ground Red Chili Peppers,Dried,USDA FoodData Central #170933,,,94,Y,High Vitamin A content.
Salt (Namak),نمک,,International,Ingredient,Condiment,,1 teaspoon,6g,6.00,0,0.00,0.00,0.00,0.00,0.00,0.00,0.00,N,2325.00,0.00,1.00,0.00,0.00,0 IU,0 mg,,"Halal, Vegetarian, Vegan","Table Salt, Iodized",Processed,USDA FoodData Central #172778,,,98,Y,Pure table salt. ~2300mg sodium per tsp.
Chicken Corn Soup,چکن کارن سوپ,,Chinese,Starter,Soup,,1 bowl,1 Bowl,250.00,180,12.00,22.00,5.00,1.50,0.00,2.00,4.00,N,780.00,45.00,25.00,1.20,220.00,120 IU,4 mg,"Eggs, Soy",Halal,"Chicken Broth, Shredded Chicken, Sweet Corn, Egg Drop, Cornstarch",Boiled,USDA FoodData Central,,,78,Y,Classic Indo-Chinese thick soup.
Hakka Noodles,ہکا نوڈلز,,Chinese,Lunch/Dinner,Noodles,,1 plate,1 Plate,300.00,420,12.00,68.00,14.00,2.50,0.10,4.50,5.00,N,850.00,0.00,50.00,2.50,280.00,400 IU,25 mg,"Gluten, Soy","Halal, Vegetarian","Wheat Noodles, Cabbage, Carrots, Capsicum, Soy Sauce, Vinegar, Oil",Stir-Fried,USDA FoodData Central,,,76,Y,Vegetable stir-fried noodles.
Beef Chili Dry,بیف چلی ڈرائی,,Chinese,Lunch/Dinner,Stir-Fry,,1 serving,1 Katori,220.00,380,26.00,14.00,24.00,8.00,0.20,1.50,3.00,N,920.00,70.00,30.00,3.00,380.00,180 IU,35 mg,"Gluten, Soy",Halal,"Beef Strips, Green Chilies, Ginger, Soy Sauce, Oyster Sauce (Halal), Oil",Stir-Fried,USDA FoodData Central,,,76,Y,Spicy Indo-Chinese beef stir-fry.
Kung Pao Chicken,کنگ پاؤ چکن,,Chinese,Lunch/Dinner,Curry,,1 serving,1 Katori,250.00,410,24.00,22.00,25.00,4.50,0.10,3.50,6.00,N,880.00,55.00,40.00,2.00,350.00,250 IU,15 mg,"Gluten, Soy, Peanuts",Halal,"Chicken, Peanuts, Dried Red Chilies, Soy Sauce, Vinegar, Sugar, Oil",Stir-Fried,USDA FoodData Central,,,76,Y,Spicy and sweet peanut chicken.
Margarita Pizza Slice,مارگریٹا سلائس,,Italian,Lunch/Dinner,Pizza,,1 slice (large),1 Slice,130.00,280,12.00,32.00,11.00,5.50,0.10,2.00,3.00,N,580.00,25.00,180.00,1.80,160.00,250 IU,2 mg,"Gluten, Dairy","Halal, Vegetarian","Pizza Dough, Tomato Sauce, Mozzarella, Basil, Olive Oil",Baked,USDA FoodData Central,,,80,Y,Simple cheese pizza slice.
Pepperoni Pizza (Halal Beef),بیف پیپرونی پیزا,,Italian,Lunch/Dinner,Pizza,,1 slice (large),1 Slice,140.00,340,16.00,34.00,16.00,7.50,0.20,2.00,3.00,N,820.00,40.00,210.00,2.20,190.00,300 IU,2 mg,"Gluten, Dairy",Halal,"Pizza Dough, Tomato Sauce, Mozzarella, Halal Beef Pepperoni",Baked,USDA FoodData Central,,,78,Y,Halal beef pepperoni slice.
"Apple, Raw with Skin",سیب,,International,Ingredient,Fruit,,100g,100g,100.00,52,0.30,13.80,0.20,0.00,0.00,2.40,10.40,N,1.00,0.00,6.00,0.10,107.00,54 IU,4.6 mg,,"Halal, Vegetarian, Vegan",Raw Apple,Raw,USDA FoodData Central #09003,,,92,Y,USDA #09003
"Banana, Raw",کیلا,,International,Ingredient,Fruit,,100g,100g,100.00,89,1.10,22.80,0.30,0.10,0.00,2.60,12.20,Y,1.00,0.00,5.00,0.30,358.00,64 IU,8.7 mg,,"Halal, Vegetarian, Vegan",Raw Banana,Raw,USDA FoodData Central #09040,,,92,Y,USDA #09040
"Orange, Raw",مالٹا,,International,Ingredient,Fruit,,100g,100g,100.00,47,0.90,11.80,0.10,0.00,0.00,2.40,9.40,N,0.00,0.00,40.00,0.10,181.00,225 IU,53.2 mg,,"Halal, Vegetarian, Vegan",Raw Orange,Raw,USDA FoodData Central #09200,,,92,Y,USDA #09200
"Mango, Raw",آم,,International,Ingredient,Fruit,,100g,100g,100.00,60,0.80,15.00,0.40,0.10,0.00,1.60,13.70,Y,1.00,0.00,11.00,0.20,168.00,1082 IU,36.4 mg,,"Halal, Vegetarian, Vegan",Raw Mango,Raw,USDA FoodData Central #09176,,,92,Y,USDA #09176
"Grapes, Raw (Green/Red)",انگور,,International,Ingredient,Fruit,,100g,100g,100.00,69,0.70,18.10,0.20,0.10,0.00,0.90,15.50,Y,2.00,0.00,10.00,0.40,191.00,66 IU,3.2 mg,,"Halal, Vegetarian, Vegan",Raw Grapes,Raw,USDA FoodData Central #09129,,,92,Y,USDA #09129
"Papaya, Raw",پپیتا,,International,Ingredient,Fruit,,100g,100g,100.00,43,0.50,10.80,0.30,0.10,0.00,1.70,7.80,N,8.00,0.00,20.00,0.30,182.00,950 IU,60.9 mg,,"Halal, Vegetarian, Vegan",Raw Papaya,Raw,USDA FoodData Central #09226,,,92,Y,USDA #09226
"Watermelon, Raw",تربوز,,International,Ingredient,Fruit,,100g,100g,100.00,30,0.60,7.60,0.20,0.00,0.00,0.40,6.20,N,1.00,0.00,7.00,0.20,112.00,569 IU,8.1 mg,,"Halal, Vegetarian, Vegan",Raw Watermelon,Raw,USDA FoodData Central #09326,,,92,Y,USDA #09326
"Pomegranate, Raw",انار,,International,Ingredient,Fruit,,100g,100g,100.00,83,1.70,18.70,1.20,0.10,0.00,4.00,13.70,Y,3.00,0.00,10.00,0.30,236.00,0 IU,10.2 mg,,"Halal, Vegetarian, Vegan",Raw Pomegranate Arils,Raw,USDA FoodData Central #09286,,,92,Y,USDA #09286
"Guava, Raw",امرود,,International,Ingredient,Fruit,,100g,100g,100.00,68,2.60,14.30,1.00,0.30,0.00,5.40,8.90,N,2.00,0.00,18.00,0.30,417.00,624 IU,228.3 mg,,"Halal, Vegetarian, Vegan",Raw Guava,Raw,USDA FoodData Central #09139,,,92,Y,USDA #09139. Very high Vit C.
"Pear, Raw",ناشپاتی,,International,Ingredient,Fruit,,100g,100g,100.00,57,0.40,15.20,0.10,0.00,0.00,3.10,9.70,N,1.00,0.00,9.00,0.20,116.00,25 IU,4.3 mg,,"Halal, Vegetarian, Vegan",Raw Pear,Raw,USDA FoodData Central #09252,,,92,Y,USDA #09252
"Peach, Raw",آڑو,,International,Ingredient,Fruit,,100g,100g,100.00,39,0.90,9.50,0.30,0.00,0.00,1.50,8.40,N,0.00,0.00,6.00,0.30,190.00,326 IU,6.6 mg,,"Halal, Vegetarian, Vegan",Raw Peach,Raw,USDA FoodData Central #09236,,,92,Y,USDA #09236
"Apricot, Raw",خوبانی (تازہ),,International,Ingredient,Fruit,,100g,100g,100.00,48,1.40,11.10,0.40,0.00,0.00,2.00,9.20,N,1.00,0.00,13.00,0.40,259.00,1926 IU,10.0 mg,,"Halal, Vegetarian, Vegan",Raw Apricot,Raw,USDA FoodData Central #09021,,,92,Y,USDA #09021
"Strawberry, Raw",اسٹرابیری,,International,Ingredient,Fruit,,100g,100g,100.00,32,0.70,7.70,0.30,0.00,0.00,2.00,4.90,N,1.00,0.00,16.00,0.40,153.00,12 IU,58.8 mg,,"Halal, Vegetarian, Vegan",Raw Strawberry,Raw,USDA FoodData Central #09316,,,92,Y,USDA #09316
"Blueberry, Raw",بلیو بیری,,International,Ingredient,Fruit,,100g,100g,100.00,57,0.70,14.50,0.30,0.00,0.00,2.40,9.90,N,1.00,0.00,6.00,0.30,77.00,54 IU,9.7 mg,,"Halal, Vegetarian, Vegan",Raw Blueberry,Raw,USDA FoodData Central #09050,,,92,Y,USDA #09050
"Kiwi, Raw",کیوی,,International,Ingredient,Fruit,,100g,100g,100.00,61,1.10,14.70,0.50,0.00,0.00,3.00,9.00,N,3.00,0.00,34.00,0.30,312.00,87 IU,92.7 mg,,"Halal, Vegetarian, Vegan",Raw Kiwifruit,Raw,USDA FoodData Central #09148,,,92,Y,USDA #09148
"Pineapple, Raw",انناس,,International,Ingredient,Fruit,,100g,100g,100.00,50,0.50,13.10,0.10,0.00,0.00,1.40,9.90,N,1.00,0.00,13.00,0.30,109.00,58 IU,47.8 mg,,"Halal, Vegetarian, Vegan",Raw Pineapple,Raw,USDA FoodData Central #09266,,,92,Y,USDA #09266
"Lychee, Raw",لیچی,,International,Ingredient,Fruit,,100g,100g,100.00,66,0.80,16.50,0.40,0.10,0.00,1.30,15.20,Y,1.00,0.00,5.00,0.30,171.00,0 IU,71.5 mg,,"Halal, Vegetarian, Vegan",Raw Lychee,Raw,USDA FoodData Central #09164,,,92,Y,USDA #09164
"Fig, Raw",انجیر (تازہ),,International,Ingredient,Fruit,,100g,100g,100.00,74,0.80,19.20,0.30,0.10,0.00,2.90,16.30,Y,1.00,0.00,35.00,0.40,232.00,142 IU,2.0 mg,,"Halal, Vegetarian, Vegan",Raw Fig,Raw,USDA FoodData Central #09089,,,92,Y,USDA #09089
"Cherry, Sweet, Raw",چیری,,International,Ingredient,Fruit,,100g,100g,100.00,63,1.10,16.00,0.20,0.00,0.00,2.10,12.80,Y,0.00,0.00,13.00,0.40,222.00,64 IU,7.0 mg,,"Halal, Vegetarian, Vegan",Raw Sweet Cherry,Raw,USDA FoodData Central #09070,,,92,Y,USDA #09070
"Plum, Raw",بیر (آلو بخارا),,International,Ingredient,Fruit,,100g,100g,100.00,46,0.70,11.40,0.30,0.00,0.00,1.40,9.90,N,0.00,0.00,6.00,0.20,157.00,345 IU,9.5 mg,,"Halal, Vegetarian, Vegan",Raw Plum,Raw,USDA FoodData Central #09279,,,92,Y,USDA #09279
"Coconut Meat, Raw",ناریل (کچا),,International,Ingredient,Fruit,,100g,100g,100.00,354,3.30,15.20,33.50,29.70,0.00,9.00,6.20,N,20.00,0.00,14.00,2.40,356.00,0 IU,3.3 mg,Tree Nuts,"Halal, Vegetarian, Vegan",Raw Coconut Meat,Raw,USDA FoodData Central #12104,,,92,Y,USDA #12104
"Avocado, Raw",ایواکاڈو,,International,Ingredient,Fruit,,100g,100g,100.00,160,2.00,8.50,14.70,2.10,0.00,6.70,0.70,N,7.00,0.00,12.00,0.60,485.00,146 IU,10.0 mg,,"Halal, Vegetarian, Vegan",Raw Avocado (Hass),Raw,USDA FoodData Central #09037,,,92,Y,USDA #09037. High healthy fats.
"Tomato, Red, Ripe, Raw",ٹماٹر,,International,Ingredient,Vegetable,,100g,100g,100.00,18,0.90,3.90,0.20,0.00,0.00,1.20,2.60,N,5.00,0.00,10.00,0.30,237.00,833 IU,13.7 mg,,"Halal, Vegetarian, Vegan",Raw Tomato,Raw,USDA FoodData Central #11529,,,94,Y,USDA #11529
"Onion, Raw",پیاز (کچا),,International,Ingredient,Vegetable,,100g,100g,100.00,40,1.10,9.30,0.10,0.00,0.00,1.70,4.20,N,4.00,0.00,23.00,0.20,146.00,2 IU,7.4 mg,,"Halal, Vegetarian, Vegan",Raw Onion,Raw,USDA FoodData Central #11282,,,94,Y,USDA #11282
"Potato, Raw, Flesh and Skin",آلو (کچا),,International,Ingredient,Vegetable,,100g,100g,100.00,77,2.00,17.50,0.10,0.00,0.00,2.20,0.80,N,6.00,0.00,12.00,0.80,421.00,2 IU,19.7 mg,,"Halal, Vegetarian, Vegan",Raw Potato,Raw,USDA FoodData Central #11352,,,94,Y,USDA #11352
"Cucumber, Raw, With Peel",کھیرا,,International,Ingredient,Vegetable,,100g,100g,100.00,15,0.70,3.60,0.10,0.00,0.00,0.50,1.70,N,2.00,0.00,16.00,0.30,147.00,105 IU,2.8 mg,,"Halal, Vegetarian, Vegan",Raw Cucumber,Raw,USDA FoodData Central #11205,,,94,Y,USDA #11205
"Carrot, Raw",گاجر (کچی),,International,Ingredient,Vegetable,,100g,100g,100.00,41,0.90,9.60,0.20,0.00,0.00,2.80,4.70,N,69.00,0.00,33.00,0.30,320.00,16706 IU,5.9 mg,,"Halal, Vegetarian, Vegan",Raw Carrot,Raw,USDA FoodData Central #11124,,,94,Y,USDA #11124. Very high Vitamin A.
"Cabbage, Raw",بند گوبھی,,International,Ingredient,Vegetable,,100g,100g,100.00,25,1.30,5.80,0.10,0.00,0.00,2.50,3.20,N,18.00,0.00,40.00,0.50,170.00,98 IU,36.6 mg,,"Halal, Vegetarian, Vegan",Raw Cabbage,Raw,USDA FoodData Central #11109,,,94,Y,USDA #11109
"Cauliflower, Raw",پھول گوبھی,,International,Ingredient,Vegetable,,100g,100g,100.00,25,1.90,5.00,0.30,0.00,0.00,2.00,1.90,N,30.00,0.00,22.00,0.40,299.00,0 IU,48.2 mg,,"Halal, Vegetarian, Vegan",Raw Cauliflower,Raw,USDA FoodData Central #11135,,,94,Y,USDA #11135
"Broccoli, Raw",بروکلی,,International,Ingredient,Vegetable,,100g,100g,100.00,34,2.80,6.60,0.40,0.10,0.00,2.60,1.70,N,33.00,0.00,47.00,0.70,316.00,623 IU,89.2 mg,,"Halal, Vegetarian, Vegan",Raw Broccoli,Raw,USDA FoodData Central #11090,,,94,Y,USDA #11090
"Spinach, Raw",پالک (کچی),,International,Ingredient,Vegetable,,100g,100g,100.00,23,2.90,3.60,0.40,0.10,0.00,2.20,0.40,N,79.00,0.00,99.00,2.70,558.00,9376 IU,28.1 mg,,"Halal, Vegetarian, Vegan",Raw Spinach,Raw,USDA FoodData Central #11457,,,94,Y,"USDA #11457. Very high Vit K, A."
"Lettuce, Romaine, Raw",رومین سلاد,,International,Ingredient,Vegetable,,100g,100g,100.00,17,1.20,3.30,0.30,0.00,0.00,2.10,1.20,N,8.00,0.00,33.00,1.00,247.00,8710 IU,4.0 mg,,"Halal, Vegetarian, Vegan",Raw Romaine Lettuce,Raw,USDA FoodData Central #11251,,,94,Y,USDA #11251
"Radish, Raw",مولی,,International,Ingredient,Vegetable,,100g,100g,100.00,16,0.70,3.40,0.10,0.00,0.00,1.60,1.90,N,39.00,0.00,25.00,0.30,233.00,7 IU,14.8 mg,,"Halal, Vegetarian, Vegan",Raw Radish,Raw,USDA FoodData Central #11429,,,94,Y,USDA #11429
"Green Bell Pepper, Raw",سبز شملہ مرچ,,International,Ingredient,Vegetable,,100g,100g,100.00,20,0.90,4.60,0.20,0.00,0.00,1.70,2.40,N,3.00,0.00,10.00,0.30,175.00,370 IU,80.4 mg,,"Halal, Vegetarian, Vegan",Raw Green Bell Pepper,Raw,USDA FoodData Central #11333,,,94,Y,USDA #11333
"Mushroom, White, Raw",سفید مشروم,,International,Ingredient,Vegetable,,100g,100g,100.00,22,3.10,3.30,0.30,0.10,0.00,1.00,2.00,N,5.00,0.00,3.00,0.50,318.00,0 IU,2.1 mg,,"Halal, Vegetarian, Vegan",Raw White Mushroom,Raw,USDA FoodData Central #11260,,,94,Y,USDA #11260
"Pumpkin, Raw",کدو (پمپکن),,International,Ingredient,Vegetable,,100g,100g,100.00,26,1.00,6.50,0.10,0.10,0.00,0.50,1.40,N,1.00,0.00,21.00,0.80,340.00,8513 IU,9.0 mg,,"Halal, Vegetarian, Vegan",Raw Pumpkin,Raw,USDA FoodData Central #11422,,,94,Y,USDA #11422. High Vit A.
"Green Beans, Raw",سبز پھلیاں,,International,Ingredient,Vegetable,,100g,100g,100.00,31,1.80,7.00,0.20,0.00,0.00,2.70,3.30,N,6.00,0.00,37.00,1.00,211.00,690 IU,12.2 mg,,"Halal, Vegetarian, Vegan",Raw Green Beans,Raw,USDA FoodData Central #11052,,,94,Y,USDA #11052
"Zucchini, Raw",زکینی,,International,Ingredient,Vegetable,,100g,100g,100.00,17,1.20,3.10,0.30,0.10,0.00,1.00,2.50,N,8.00,0.00,16.00,0.40,261.00,200 IU,17.9 mg,,"Halal, Vegetarian, Vegan",Raw Zucchini (Summer Squash),Raw,USDA FoodData Central #11477,,,94,Y,USDA #11477
"Sweet Potato, Raw",شکر قندی,,International,Ingredient,Vegetable,,100g,100g,100.00,86,1.60,20.10,0.10,0.00,0.00,3.00,4.20,N,55.00,0.00,30.00,0.60,337.00,14187 IU,2.4 mg,,"Halal, Vegetarian, Vegan",Raw Sweet Potato,Raw,USDA FoodData Central #11507,,,94,Y,USDA #11507. Very high Vit A.
"Corn, Yellow, Raw",مکئی (کچی),,International,Ingredient,Vegetable,,100g,100g,100.00,86,3.30,19.00,1.20,0.20,0.00,2.70,3.20,N,15.00,0.00,2.00,0.50,270.00,187 IU,6.8 mg,,"Halal, Vegetarian, Vegan",Raw Yellow Sweet Corn,Raw,USDA FoodData Central #11167,,,94,Y,USDA #11167
"Peas, Green, Raw",مٹر (کچے),,International,Ingredient,Vegetable,,100g,100g,100.00,81,5.40,14.50,0.40,0.10,0.00,5.10,5.70,N,5.00,0.00,25.00,1.50,244.00,765 IU,40.0 mg,,"Halal, Vegetarian, Vegan",Raw Green Peas,Raw,USDA FoodData Central #11304,,,94,Y,USDA #11304
"Eggplant (Brinjal), Raw",بینگن (کچا),,International,Ingredient,Vegetable,,100g,100g,100.00,25,1.00,5.90,0.20,0.00,0.00,3.00,3.50,N,2.00,0.00,9.00,0.20,229.00,23 IU,2.2 mg,,"Halal, Vegetarian, Vegan",Raw Eggplant/Aubergine,Raw,USDA FoodData Central #11209,,,94,Y,USDA #11209
"Okra, Raw",بھنڈی (کچی),,International,Ingredient,Vegetable,,100g,100g,100.00,33,1.90,7.50,0.20,0.00,0.00,3.20,1.50,N,7.00,0.00,82.00,0.60,299.00,716 IU,23.0 mg,,"Halal, Vegetarian, Vegan",Raw Okra,Raw,USDA FoodData Central #11278,,,94,Y,USDA #11278. High calcium vegetable.
"Bitter Gourd (Karela), Raw",کریلا (کچا),,International,Ingredient,Vegetable,,100g,100g,100.00,17,1.00,3.70,0.20,0.00,0.00,2.80,1.70,N,5.00,0.00,19.00,0.40,296.00,471 IU,84.0 mg,,"Halal, Vegetarian, Vegan",Raw Bitter Gourd,Raw,USDA FoodData Central #11065,,,90,Y,USDA #11065. High Vit C.
"Bottle Gourd (Lauki), Raw",لوکی (کچی),,International,Ingredient,Vegetable,,100g,100g,100.00,14,0.60,3.40,0.00,0.00,0.00,0.50,1.30,N,2.00,0.00,26.00,0.20,150.00,0 IU,10.1 mg,,"Halal, Vegetarian, Vegan",Raw Bottle Gourd,Raw,India IFCT 2017,,,82,Y,India IFCT 2017 data.
"Taro Root (Arvi), Raw",اروی (کچی),,International,Ingredient,Vegetable,,100g,100g,100.00,112,1.50,26.50,0.20,0.00,0.00,4.10,0.50,N,11.00,0.00,43.00,0.60,591.00,76 IU,4.5 mg,,"Halal, Vegetarian, Vegan",Raw Taro Root,Raw,USDA FoodData Central #11590,,,90,Y,USDA #11590
"Milk, Whole, 3.25% Milkfat",گائے کا دودھ (فل فیٹ),,International,Ingredient,Dairy,,1 cup / 244g,1 cup / 244g,244.00,149,7.70,11.70,8.00,4.60,0.00,0.00,12.30,Y,105.00,24.00,276.00,0.10,322.00,395 IU,0 mg,Dairy,"Halal, Vegetarian",Whole Cow Milk,Pasteurized,USDA FoodData Central #01077,,,94,Y,USDA #01077
"Milk, Reduced Fat, 2%",کم چکنائی والا دودھ,,International,Ingredient,Dairy,,1 cup / 244g,1 cup / 244g,244.00,122,8.10,11.90,4.80,3.10,0.00,0.00,12.40,Y,115.00,20.00,293.00,0.10,366.00,459 IU,0 mg,Dairy,"Halal, Vegetarian",2% Reduced Fat Milk,Pasteurized,USDA FoodData Central #01079,,,94,Y,USDA #01079
"Yogurt, Plain, Whole Milk",دہی,,International,Ingredient,Dairy,,1 cup / 245g,1 cup / 245g,245.00,149,8.50,11.40,8.00,5.10,0.00,0.00,11.40,N,113.00,32.00,296.00,0.10,380.00,243 IU,1.2 mg,Dairy,"Halal, Vegetarian",Whole Milk Plain Yogurt,Cultured,USDA FoodData Central #01116,,,94,Y,USDA #01116
"Yogurt, Greek, Plain, Whole Milk",گریک یوگرٹ,,International,Ingredient,Dairy,,1 cup / 245g,1 cup / 245g,245.00,238,22.00,9.70,12.20,7.80,0.00,0.00,8.50,N,83.00,37.00,245.00,0.20,345.00,343 IU,0 mg,Dairy,"Halal, Vegetarian",Greek Strained Yogurt,Strained/Cultured,USDA FoodData Central #01158,,,94,Y,USDA #01158
"Cheese, Cheddar",چیڈر چیز,,International,Ingredient,Dairy,,1 oz / 28g,1 oz / 28g,28.00,114,7.10,0.40,9.40,6.00,0.00,0.00,0.10,N,185.00,28.00,204.00,0.20,28.00,284 IU,0 mg,Dairy,"Halal, Vegetarian",Cheddar Cheese,Aged,USDA FoodData Central #01009,,,94,Y,USDA #01009
"Cheese, Mozzarella, Whole Milk",موزاریلا چیز,,International,Ingredient,Dairy,,1 oz / 28g,1 oz / 28g,28.00,85,6.30,0.60,6.30,3.70,0.00,0.00,0.30,N,138.00,22.00,143.00,0.10,22.00,192 IU,0 mg,Dairy,"Halal, Vegetarian",Whole Milk Mozzarella,Fresh,USDA FoodData Central #01026,,,94,Y,USDA #01026
"Butter, Unsalted",مکھن (بغیر نمک),,International,Ingredient,Dairy,,1 tbsp / 14g,1 tbsp / 14g,14.00,102,0.10,0.00,11.50,7.30,0.00,0.00,0.00,N,2.00,31.00,3.00,0.00,3.00,355 IU,0 mg,Dairy,"Halal, Vegetarian",Unsalted Butter,Churned,USDA FoodData Central #01145,,,94,Y,USDA #01145
"Cream, Heavy Whipping",ہیوی کریم,,International,Ingredient,Dairy,,1 tbsp / 15g,1 tbsp / 15g,15.00,51,0.40,0.40,5.40,3.50,0.00,0.00,0.40,N,5.00,20.00,10.00,0.00,14.00,221 IU,0.1 mg,Dairy,"Halal, Vegetarian",Heavy Whipping Cream,Pasteurized,USDA FoodData Central #01053,,,94,Y,USDA #01053
"Egg, Whole, Raw",انڈہ (خام),,International,Ingredient,Eggs,,1 large / 50g,1 large / 50g,50.00,72,6.30,0.40,4.80,1.60,0.00,0.00,0.20,N,71.00,186.00,28.00,0.90,69.00,270 IU,0 mg,Eggs,Halal,Raw Whole Egg,Raw,USDA FoodData Central #01123,,,94,Y,USDA #01123
"Egg, Boiled, Hard",انڈہ ابلا ہوا,,International,Ingredient,Eggs,,1 large / 50g,1 large / 50g,50.00,78,6.30,0.60,5.30,1.60,0.00,0.00,0.50,N,62.00,187.00,25.00,0.60,63.00,260 IU,0 mg,Eggs,Halal,Hard Boiled Egg,Boiled,USDA FoodData Central #01129,,,94,Y,USDA #01129
"Egg, Fried",انڈہ فرائی,,International,Ingredient,Eggs,,1 large / 46g,1 large / 46g,46.00,90,6.30,0.40,6.80,2.00,0.00,0.00,0.40,N,94.00,184.00,27.00,0.90,81.00,396 IU,0 mg,"Eggs, Dairy",Halal,"Egg, Butter/Oil",Pan-Fried,USDA FoodData Central #01131,,,94,Y,USDA #01131
"Egg, Scrambled",انڈہ سکرامبلڈ,,International,Ingredient,Eggs,,1 large / 61g,1 large / 61g,61.00,100,6.80,1.30,7.30,2.20,0.00,0.00,1.20,N,170.00,215.00,43.00,0.70,93.00,399 IU,0.1 mg,"Eggs, Dairy",Halal,"Egg, Milk, Butter",Pan-Cooked,USDA FoodData Central #01132,,,94,Y,USDA #01132
"Tofu, Firm",ٹوفو (فرم),,International,Ingredient,Soy/Protein,,1/2 cup / 126g,1/2 cup / 126g,126.00,181,21.80,3.50,11.00,1.60,0.00,3.00,0.80,N,17.00,0.00,861.00,3.40,299.00,0 IU,0 mg,Soy,"Halal, Vegetarian, Vegan",Firm Tofu (Calcium set),Processed,USDA FoodData Central #16426,,,90,Y,USDA #16426. Very high calcium.
"Quinoa, Cooked",کینووا (پکا),,International,Ingredient,Grains,,1 cup / 185g,1 cup / 185g,185.00,222,8.10,39.40,3.60,0.40,0.00,5.20,1.60,N,13.00,0.00,31.00,2.80,318.00,9 IU,0 mg,,"Halal, Vegetarian, Vegan",Cooked Quinoa,Boiled,USDA FoodData Central #168917,,,92,Y,USDA #168917. Complete protein grain.
"Brown Rice, Cooked",براؤن چاول (پکے),,International,Ingredient,Grains,,1 cup / 195g,1 cup / 195g,195.00,216,5.00,44.80,1.80,0.40,0.00,3.50,0.70,N,10.00,0.00,20.00,0.80,84.00,0 IU,0 mg,,"Halal, Vegetarian, Vegan",Cooked Long-grain Brown Rice,Boiled,USDA FoodData Central #168875,,,92,Y,USDA #168875
"White Rice, Short Grain, Cooked",سفید چاول (چھوٹے دانے),,International,Ingredient,Grains,,1 cup / 158g,1 cup / 158g,158.00,242,4.40,53.40,0.40,0.10,0.00,0.50,0.10,N,1.00,0.00,5.00,1.40,26.00,0 IU,0 mg,,"Halal, Vegetarian, Vegan",Cooked Short-grain White Rice,Boiled,USDA FoodData Central #168878,,,92,Y,USDA #168878
"Oats, Rolled, Cooked",دلیہ (جئی),,International,Ingredient,Grains,,1 cup / 234g,1 cup / 234g,234.00,158,5.90,27.40,3.60,0.70,0.00,4.00,0.60,N,115.00,0.00,19.00,1.80,143.00,47 IU,0 mg,Gluten,"Halal, Vegetarian","Rolled Oats, Water, Salt",Boiled,USDA FoodData Central #08121,,,92,Y,USDA #08121
"Lentils, Cooked, Boiled",مسور دال (پکی),,International,Ingredient,Legumes,,1 cup / 198g,1 cup / 198g,198.00,230,17.90,39.90,0.80,0.10,0.00,15.60,3.60,N,4.00,0.00,38.00,6.60,731.00,16 IU,3.0 mg,,"Halal, Vegetarian, Vegan",Cooked Red/Green Lentils,Boiled,USDA FoodData Central #172421,,,92,Y,USDA #172421. Excellent iron source.
"Chickpeas (Garbanzo), Cooked",سفید چنے (پکے),,International,Ingredient,Legumes,,1 cup / 164g,1 cup / 164g,164.00,269,14.50,45.00,4.20,0.40,0.00,12.50,7.90,N,11.00,0.00,80.00,4.70,477.00,44 IU,2.1 mg,,"Halal, Vegetarian, Vegan",Cooked Chickpeas,Boiled,USDA FoodData Central #173757,,,92,Y,USDA #173757
"Black Beans, Cooked",کالی پھلیاں (پکی),,International,Ingredient,Legumes,,1 cup / 172g,1 cup / 172g,172.00,227,15.20,40.80,0.90,0.20,0.00,15.00,0.60,N,2.00,0.00,46.00,3.60,611.00,0 IU,0 mg,,"Halal, Vegetarian, Vegan",Cooked Black Beans,Boiled,USDA FoodData Central #173735,,,92,Y,USDA #173735
"Kidney Beans, Cooked",راجمہ (پکا),,International,Ingredient,Legumes,,1 cup / 177g,1 cup / 177g,177.00,225,15.30,40.40,0.90,0.10,0.00,11.30,0.60,N,2.00,0.00,50.00,5.20,713.00,0 IU,0 mg,,"Halal, Vegetarian, Vegan",Cooked Kidney Beans,Boiled,USDA FoodData Central #175197,,,92,Y,USDA #175197
"Peanut Butter, Smooth",مونگ پھلی کا مکھن,,International,Ingredient,Nut Butters,,2 tbsp / 32g,2 tbsp / 32g,32.00,191,7.10,7.20,16.40,3.30,0.00,1.80,3.40,N,152.00,0.00,17.00,0.60,214.00,0 IU,0.1 mg,Peanuts,"Halal, Vegetarian","Peanuts, Salt, Sugar",Processed,USDA FoodData Central #16098,,,90,Y,USDA #16098
"Pasta, Spaghetti, Cooked",اسپیگیٹی (پکی),,International,Ingredient,Grains,,1 cup / 140g,1 cup / 140g,140.00,221,8.10,43.20,1.30,0.20,0.00,2.50,0.80,N,1.00,0.00,10.00,1.80,62.00,0 IU,0 mg,Gluten,"Halal, Vegetarian","Semolina Pasta, Water, Salt",Boiled,USDA FoodData Central #20124,,,92,Y,USDA #20124
"Chicken Breast, Roasted, No Skin",چکن بریسٹ (ابلا/گرل),,International,Ingredient,Protein,,100g,100g,100.00,165,31.00,0.00,3.60,1.00,0.00,0.00,0.00,N,74.00,85.00,15.00,1.00,256.00,0 IU,0 mg,,Halal,Boneless Skinless Chicken Breast,Roasted,USDA FoodData Central #171477,,,94,Y,USDA #171477. Lean protein reference.
"Chicken Thigh, Roasted, Skin-On",چکن ران (گرل),,International,Ingredient,Protein,,100g,100g,100.00,229,25.00,0.00,13.70,3.80,0.10,0.00,0.00,N,95.00,93.00,12.00,1.30,225.00,0 IU,0 mg,,Halal,Bone-in Skin-on Chicken Thigh,Roasted,USDA FoodData Central #05165,,,94,Y,USDA #05165
"Beef, Ground, 85% Lean, Cooked",بیف قیمہ (85%),,International,Ingredient,Protein,,100g,100g,100.00,215,26.10,0.00,11.80,4.60,0.50,0.00,0.00,N,79.00,88.00,19.00,2.60,338.00,0 IU,0 mg,,Halal,Ground Beef 85% Lean,Pan-Broiled,USDA FoodData Central #174036,,,94,Y,USDA #174036
"Beef, Sirloin Steak, Grilled",بیف سرلوئن (گرل),,International,Ingredient,Protein,,100g,100g,100.00,207,30.00,0.00,9.00,3.50,0.40,0.00,0.00,N,57.00,90.00,20.00,2.80,372.00,0 IU,0 mg,,Halal,Beef Top Sirloin Steak,Grilled,USDA FoodData Central #174033,,,94,Y,USDA #174033
"Lamb, Leg, Roasted",مٹن ران (بھنا),,International,Ingredient,Protein,,100g,100g,100.00,218,29.00,0.00,10.50,3.80,0.20,0.00,0.00,N,65.00,88.00,16.00,2.70,340.00,0 IU,0 mg,,Halal,"Lamb Leg, Roasted",Roasted,USDA FoodData Central #17073,,,94,Y,USDA #17073
"Salmon, Atlantic, Baked",سالمن مچھلی (بھنی),,International,Ingredient,Seafood,,100g,100g,100.00,206,20.40,0.00,13.40,2.80,0.00,0.00,0.00,N,59.00,63.00,15.00,0.80,363.00,50 IU,3.9 mg,,Halal,Atlantic Salmon Fillet,Baked,USDA FoodData Central #175168,,,94,Y,USDA #175168. High Omega 3.
"Tuna, Light, Canned in Water",ٹونا مچھلی (ڈبہ),,International,Ingredient,Seafood,,100g,100g,100.00,109,25.50,0.00,0.80,0.20,0.00,0.00,0.00,N,247.00,30.00,12.00,1.40,207.00,0 IU,0 mg,,Halal,"Light Tuna in Water, Drained",Processed,USDA FoodData Central #175159,,,94,Y,USDA #175159
"Shrimp/Prawn, Cooked",جھینگا (پکا),,International,Ingredient,Seafood,,100g,100g,100.00,99,24.00,0.00,0.30,0.10,0.00,0.00,0.00,N,224.00,189.00,70.00,3.10,259.00,0 IU,0 mg,Shellfish,Halal,Steamed Shrimp,Steamed,USDA FoodData Central #175180,,,94,Y,USDA #175180
"Tilapia, Baked",تلاپیا مچھلی (بھنی),,International,Ingredient,Seafood,,100g,100g,100.00,128,26.20,0.00,2.70,0.90,0.00,0.00,0.00,N,52.00,57.00,14.00,0.70,302.00,0 IU,0 mg,,Halal,Tilapia Fillet,Baked,USDA FoodData Central #175176,,,92,Y,USDA #175176
"Tea, Black, Brewed (No Milk, No Sugar)",کالی چائے,,International,Beverage,Hot Drink,,1 cup / 237g,1 cup / 237g,237.00,2,0.00,0.70,0.00,0.00,0.00,0.00,0.00,N,7.00,0.00,0.00,0.00,88.00,0 IU,0 mg,,"Halal, Vegetarian, Vegan","Black Tea Leaves, Hot Water",Brewed,USDA FoodData Central #14355,,,94,Y,USDA #14355. Near zero calories plain.
"Tea, Green, Brewed",گرین ٹی,,International,Beverage,Hot Drink,,1 cup / 237g,1 cup / 237g,237.00,2,0.50,0.00,0.00,0.00,0.00,0.00,0.00,N,2.00,0.00,2.00,0.10,20.00,0 IU,0 mg,,"Halal, Vegetarian, Vegan","Green Tea Leaves, Hot Water",Brewed,USDA FoodData Central #14215,,,94,Y,USDA #14215
Milk Tea (Chai with Milk and Sugar),دودھ چائے,,Pakistani,Beverage,Hot Drink,,1 cup / 200g,1 cup / 200g,200.00,80,3.20,11.50,2.50,1.50,0.00,0.00,9.50,N,40.00,8.00,95.00,0.10,180.00,120 IU,0.5 mg,Dairy,"Halal, Vegetarian","Black Tea, Whole Milk, Sugar",Brewed/Boiled,,Pakistan FCT 2001,,80,Y,Estimated per Pakistan FCT & USDA components.
"Lassi, Sweet (Mango)",میٹھی لسی (آم),,Pakistani,Beverage,Cold Drink,,1 glass / 250g,1 glass / 250g,250.00,180,5.00,34.00,3.50,2.20,0.00,0.50,30.00,Y,60.00,12.00,170.00,0.30,310.00,500 IU,4.0 mg,Dairy,"Halal, Vegetarian","Yogurt, Mango Pulp, Sugar, Cardamom",Blended,,Pakistan FCT 2001,,78,Y,Calculated from components.
"Lassi, Salted",نمکین لسی,,Pakistani,Beverage,Cold Drink,,1 glass / 250g,1 glass / 250g,250.00,90,4.50,9.50,4.00,2.50,0.00,0.00,9.00,N,480.00,16.00,148.00,0.10,190.00,120 IU,0.5 mg,Dairy,"Halal, Vegetarian","Yogurt, Water, Salt, Cumin, Mint",Blended,,Pakistan FCT 2001,,78,Y,Calculated from components.
"Coffee, Brewed, Black",سیاہ کافی,,International,Beverage,Hot Drink,,1 cup / 237g,1 cup / 237g,237.00,2,0.30,0.00,0.00,0.00,0.00,0.00,0.00,N,5.00,0.00,5.00,0.00,116.00,0 IU,0 mg,,"Halal, Vegetarian, Vegan",Brewed Ground Coffee,Brewed,USDA FoodData Central #14209,,,94,Y,USDA #14209
"Orange Juice, Fresh Squeezed",تازہ اورنج جوس,,International,Beverage,Cold Drink,,1 cup / 248g,1 cup / 248g,248.00,112,1.70,25.80,0.50,0.10,0.00,0.50,20.80,Y,2.00,0.00,27.00,0.50,496.00,496 IU,124.0 mg,,"Halal, Vegetarian, Vegan",Fresh Orange Juice,Squeezed,USDA FoodData Central #09206,,,94,Y,USDA #09206
"Mango Juice/Nectar, Canned",مینگو جوس,,Pakistani,Beverage,Cold Drink,,1 cup / 250g,1 cup / 250g,250.00,128,0.40,32.30,0.30,0.10,0.00,0.80,28.00,Y,17.00,0.00,17.00,0.40,103.00,638 IU,25.5 mg,,"Halal, Vegetarian, Vegan","Mango Pulp, Water, Sugar, Citric Acid",Processed,USDA FoodData Central #09221,,,86,Y,USDA #09221. High sugar content.
Rooh Afza Sherbet,روح افزاء شربت,,Pakistani,Beverage,Cold Drink,,1 glass / 200g,1 glass / 200g,200.00,110,0.20,27.50,0.00,0.00,0.00,0.00,26.00,Y,10.00,0.00,5.00,0.10,20.00,120 IU,3.0 mg,,"Halal, Vegetarian","Rooh Afza Concentrate, Water, Sugar",Mixed,,Pakistan FCT 2001,,80,Y,Estimated from product label info.
"Water, Plain, Still",سادہ پانی,,International,Beverage,Water,,1 cup / 237g,1 cup / 237g,237.00,0,0.00,0.00,0.00,0.00,0.00,0.00,0.00,N,7.00,0.00,7.00,0.00,2.00,0 IU,0 mg,,"Halal, Vegetarian, Vegan",Purified Water,Still,USDA FoodData Central #14429,,,98,Y,USDA #14429. Zero calories.
Anda Bhurji (Spiced Scrambled Eggs),انڈہ بھرجی,,Pakistani,Breakfast,Egg Dish,,1 serving / 150g,1 serving / 150g,150.00,220,14.00,6.00,16.00,4.50,0.10,1.50,3.50,N,420.00,375.00,60.00,1.80,280.00,450 IU,15 mg,Eggs,Halal,"Eggs, Onions, Tomatoes, Green Chilies, Oil, Spices",Pan-Cooked,,Pakistan FCT 2001,,78,Y,Spiced desi scrambled eggs.
Masala Omelette,مصالحہ آملیٹ,,Pakistani,Breakfast,Egg Dish,,1 omelette / 110g,1 omelette / 110g,110.00,190,12.00,4.00,14.00,3.50,0.10,1.50,2.50,N,380.00,375.00,55.00,1.50,220.00,350 IU,10 mg,Eggs,Halal,"Eggs, Onions, Green Chilies, Coriander, Oil",Pan-Fried,,Pakistan FCT 2001,,78,Y,Pakistani spiced omelette.
Poached Egg,انڈہ پوچڈ,,International,Breakfast,Egg Dish,,1 large / 50g,1 large / 50g,50.00,72,6.00,0.40,4.80,1.60,0.00,0.00,0.40,N,147.00,185.00,25.00,0.90,66.00,270 IU,0 mg,Eggs,Halal,"Egg, Water",Poached,USDA FoodData Central #01133,,,94,Y,USDA #01133
Siri Paye (Trotters),سری پائے,,Pakistani,Breakfast/Dinner,Meat Stew,,1 bowl / 300g,1 bowl / 300g,300.00,380,28.00,8.00,26.00,10.00,0.50,1.50,2.50,N,620.00,120.00,180.00,2.80,280.00,60 IU,3 mg,,Halal,"Goat/Beef Trotters, Onions, Ginger, Garlic, Whole Spices",Slow-Cooked,,Pakistan FCT 2001,,72,Y,Traditional bone broth and trotter stew.
Nihari,نہاری,,Pakistani,Breakfast/Dinner,Meat Stew,,1 bowl / 300g,1 bowl / 300g,300.00,520,32.00,18.00,36.00,14.00,0.60,2.50,3.50,N,780.00,110.00,80.00,4.50,380.00,80 IU,4 mg,Gluten,Halal,"Beef Shank, Bone Marrow, Wheat Flour, Fried Onions, Nihari Spices, Ghee",Slow-Cooked,,Pakistan FCT 2001,,72,Y,Famous slow-cooked Mughal beef stew.
Anday Ka Paratha,انڈے کا پراٹھا,,Pakistani,Breakfast,Bread/Egg,,1 piece / 150g,1 piece / 150g,150.00,340,12.00,38.00,17.00,5.50,0.10,3.50,1.50,N,480.00,280.00,60.00,2.50,220.00,350 IU,2 mg,"Gluten, Eggs",Halal,"Whole Wheat Flour, Egg, Oil/Ghee, Salt",Pan-Fried,,Pakistan FCT 2001,,76,Y,Egg-stuffed flatbread.
Dahi Phulki,دہی پھلکی,,Pakistani,Breakfast/Snack,Snack,,1 serving / 200g,1 serving / 200g,200.00,210,9.00,28.00,8.00,4.00,0.10,3.50,8.50,N,420.00,18.00,200.00,1.20,310.00,160 IU,3 mg,"Dairy, Gluten","Halal, Vegetarian","Gram Flour Fritters (Boondi), Yogurt, Tamarind, Cumin",Mixed/Assembled,,Pakistan FCT 2001,,74,Y,Crispy gram flour bites in seasoned yogurt.
Dal Makhani,دال مکھنی,,Pakistani,Lunch/Dinner,Lentil,,1 katori / 250g,1 katori / 250g,250.00,280,12.00,32.00,12.00,6.50,0.10,8.50,4.50,N,680.00,25.00,90.00,3.80,420.00,150 IU,4 mg,Dairy,"Halal, Vegetarian","Black Lentils, Red Kidney Beans, Butter, Cream, Tomatoes, Spices",Slow-Cooked,,India IFCT 2017,,76,Y,Slow-cooked creamy black lentils.
Gobi Paratha,گوبھی پراٹھا,,Pakistani,Breakfast,Bread,,1 piece / 130g,1 piece / 130g,130.00,295,7.00,38.00,13.00,3.50,0.10,4.50,2.50,N,430.00,8.00,55.00,1.80,280.00,50 IU,25 mg,"Gluten, Dairy","Halal, Vegetarian","Whole Wheat Flour, Grated Cauliflower, Spices, Ghee",Pan-Fried,,Pakistan FCT 2001,,76,Y,Cauliflower stuffed flatbread.
Methi Paratha,میتھی پراٹھا,,Pakistani,Breakfast,Bread,,1 piece / 120g,1 piece / 120g,120.00,270,7.00,36.00,11.00,2.50,0.10,4.50,1.50,N,420.00,5.00,120.00,3.50,290.00,500 IU,10 mg,"Gluten, Dairy","Halal, Vegetarian","Whole Wheat Flour, Fresh Fenugreek Leaves, Spices, Ghee",Pan-Fried,,Pakistan FCT 2001,,76,Y,Fenugreek flatbread. High in iron.
Chana Dal Tadka,چنا دال تڑکہ,,Pakistani,Lunch/Dinner,Lentil,,1 katori / 250g,1 katori / 250g,250.00,260,13.00,38.00,7.00,1.50,0.00,9.50,3.50,N,580.00,0.00,60.00,3.80,430.00,180 IU,8 mg,,"Halal, Vegetarian","Split Chickpeas, Onions, Tomatoes, Garlic, Whole Red Chilies, Oil, Cumin Tadka",Simmered,,Pakistan FCT 2001,,78,Y,Tadka-seasoned split chickpea dal.
"Moong Dal (Yellow, Cooked)",موٹی مونگ دال,,Pakistani,Lunch/Dinner,Lentil,,1 katori / 250g,1 katori / 250g,250.00,200,13.00,32.00,4.00,0.50,0.00,7.50,2.50,N,380.00,0.00,45.00,3.00,380.00,120 IU,5 mg,,"Halal, Vegetarian","Yellow Moong Dal, Onions, Tomatoes, Turmeric, Cumin, Oil",Simmered,,Pakistan FCT 2001,,78,Y,Light yellow lentil soup.
Masoor Dal (Red Lentil),مسور دال,,Pakistani,Lunch/Dinner,Lentil,,1 katori / 250g,1 katori / 250g,250.00,210,13.00,34.00,4.00,0.50,0.00,7.50,2.50,N,390.00,0.00,40.00,4.00,360.00,100 IU,4 mg,,"Halal, Vegetarian","Red Lentils, Tomatoes, Onions, Turmeric, Garlic, Oil",Simmered,,Pakistan FCT 2001,,78,Y,Everyday red lentil dal.
Urad Dal (Black Gram),اڑد دال (ماش),,Pakistani,Lunch/Dinner,Lentil,,1 katori / 250g,1 katori / 250g,250.00,240,14.00,36.00,6.00,1.00,0.00,8.00,2.50,N,420.00,0.00,55.00,3.50,390.00,60 IU,3 mg,,"Halal, Vegetarian","Black Gram Lentil, Onions, Garlic, Tomatoes, Oil, Tempering",Simmered,,Pakistan FCT 2001,,76,Y,Split black gram lentil.
Grilled Salmon Steak,گرلڈ سالمن,,International,Dinner,Seafood,,1 fillet / 180g,1 fillet / 180g,180.00,367,36.00,0.00,24.00,5.00,0.00,0.00,0.00,N,106.00,113.00,27.00,1.40,653.00,90 IU,7.0 mg,,Halal,"Atlantic Salmon Fillet, Olive Oil, Lemon, Herbs",Grilled,USDA FoodData Central #175168,,,84,Y,Rich in EPA/DHA omega-3.
"Caesar Salad (With Dressing, No Croutons)",قیصر سلاد,,International,Lunch/Dinner,Salad,,1 plate / 200g,1 plate / 200g,200.00,250,8.00,12.00,20.00,4.50,0.10,3.00,3.50,N,580.00,22.00,140.00,1.80,320.00,1800 IU,15 mg,"Dairy, Eggs","Halal, Vegetarian","Romaine Lettuce, Parmesan, Caesar Dressing, Lemon",Assembled,USDA FoodData Central,,,78,Y,Classic Caesar without croutons.
Beef Burger (Halal),بیف برگر,,International,Lunch/Dinner,Burger,,1 burger / 230g,1 burger / 230g,230.00,540,28.00,42.00,28.00,10.50,0.50,2.50,6.00,N,980.00,85.00,120.00,4.50,360.00,80 IU,2 mg,Gluten,Halal,"Beef Patty, Sesame Bun, Lettuce, Tomato, Onion, Mayo, Ketchup",Grilled/Assembled,USDA FoodData Central,,,80,Y,Classic halal beef burger.
Cheese Omelette,چیز آملیٹ,,International,Breakfast,Egg Dish,,1 omelette / 110g,1 omelette / 110g,110.00,210,14.00,1.50,16.00,7.00,0.10,0.00,0.80,N,350.00,390.00,165.00,1.20,150.00,480 IU,0.5 mg,"Eggs, Dairy","Halal, Vegetarian","Eggs, Cheddar Cheese, Butter",Pan-Cooked,USDA FoodData Central,,,86,Y,USDA component-based estimate.
"Pancakes, Plain (Buttermilk)",پینکیک,,International,Breakfast,Baked/Cooked,,2 medium / 152g,2 medium / 152g,152.00,352,9.70,58.00,9.40,2.90,0.30,1.80,12.50,Y,606.00,72.00,188.00,2.50,188.00,267 IU,0.5 mg,"Gluten, Dairy, Eggs","Halal, Vegetarian","Flour, Buttermilk, Egg, Butter, Baking Powder, Sugar",Pan-Cooked,USDA FoodData Central #18259,,,90,Y,USDA #18259
"Waffles, Plain, Frozen",ویفل,,International,Breakfast,Baked,,1 waffle / 75g,1 waffle / 75g,75.00,218,5.90,32.50,8.00,1.30,1.80,1.10,5.60,N,473.00,8.00,112.00,2.40,90.00,87 IU,0.1 mg,"Gluten, Dairy, Eggs","Halal, Vegetarian","Enriched Flour, Water, Egg, Sugar, Oil, Leavening",Toasted,USDA FoodData Central #18370,,,90,Y,USDA #18370
French Toast,فرنچ ٹوسٹ,,International,Breakfast,Egg/Bread,,1 slice / 65g,1 slice / 65g,65.00,149,5.00,16.30,6.70,1.70,0.10,0.50,4.90,N,311.00,75.00,72.00,1.30,72.00,190 IU,0.1 mg,"Gluten, Dairy, Eggs","Halal, Vegetarian","Bread, Egg, Milk, Butter, Cinnamon, Sugar",Pan-Cooked,USDA FoodData Central #18266,,,90,Y,USDA #18266
"Wrap, Chicken Caesar",چکن قیصر ریپ,,International,Lunch,Wrap,,1 wrap / 200g,1 wrap / 200g,200.00,420,22.00,38.00,20.00,4.50,0.10,3.50,4.00,N,680.00,55.00,120.00,2.50,280.00,800 IU,8 mg,"Gluten, Dairy",Halal,"Flour Tortilla, Grilled Chicken, Romaine, Parmesan, Caesar Dressing",Assembled,USDA FoodData Central,,,78,Y,
Tom Yum Soup,ٹام یم سوپ,,International,Starter,Soup,,1 bowl / 350g,1 bowl / 350g,350.00,120,8.00,12.00,4.00,1.20,0.00,1.50,3.50,N,880.00,30.00,30.00,1.20,280.00,300 IU,15 mg,Shellfish,Halal,"Shrimp, Mushrooms, Lemongrass, Galangal, Kaffir Lime, Fish Sauce, Chili",Boiled,USDA FoodData Central,,,76,Y,Thai hot and sour soup.
Minestrone Soup,مینیسٹرون سوپ,,International,Starter,Soup,,1 bowl / 350g,1 bowl / 350g,350.00,180,8.00,28.00,5.00,1.00,0.00,6.50,5.50,N,720.00,5.00,75.00,2.50,480.00,3200 IU,18 mg,Gluten,"Halal, Vegetarian","Pasta, Vegetables, Tomatoes, Kidney Beans, Herbs, Parmesan",Boiled,USDA FoodData Central,,,78,Y,Italian vegetable pasta soup.
"Mushroom Soup, Cream of",کریم آف مشروم سوپ,,International,Starter,Soup,,1 cup / 245g,1 cup / 245g,245.00,166,4.60,13.40,11.50,4.70,0.00,0.70,2.50,N,920.00,15.00,178.00,0.50,190.00,0 IU,0.5 mg,"Dairy, Gluten","Halal, Vegetarian","Mushrooms, Cream, Butter, Flour, Broth",Simmered,USDA FoodData Central,,,78,Y,
"Tomato Soup, Cream of",کریم آف ٹماٹو سوپ,,International,Starter,Soup,,1 cup / 245g,1 cup / 245g,245.00,161,6.00,22.30,6.00,1.50,0.00,1.50,14.00,Y,744.00,15.00,48.00,1.50,396.00,1690 IU,68.0 mg,"Dairy, Gluten","Halal, Vegetarian","Tomatoes, Cream, Butter, Flour, Broth, Basil",Blended/Simmered,USDA FoodData Central,,,80,Y,Classic cream of tomato.
Dal Soup (Desi Style),دال سوپ,,Pakistani,Starter,Soup,,1 cup / 250g,1 cup / 250g,250.00,120,7.00,18.00,3.00,0.50,0.00,5.50,2.00,N,380.00,0.00,35.00,2.50,290.00,80 IU,5 mg,,"Halal, Vegetarian","Red Lentils, Garlic, Onions, Cumin, Vegetable Stock",Simmered,,Pakistan FCT 2001,,76,Y,Light desi-style lentil soup.
"Paella (Seafood, Halal)",پایلا,,International,Lunch/Dinner,Rice,,1 plate / 350g,1 plate / 350g,350.00,520,28.00,64.00,14.00,2.50,0.00,3.50,3.00,N,980.00,95.00,65.00,3.50,480.00,400 IU,15 mg,"Shellfish, Gluten",Halal,"Bomba Rice, Shrimp, Mussels, Saffron, Tomatoes, Bell Peppers, Olive Oil",Slow-Cooked,USDA FoodData Central,,,76,Y,Spanish saffron seafood rice.
"Sushi Platter (Mixed, Halal)",سوشی پلیٹر,,International,Lunch/Dinner,Sushi,,8 pieces / 200g,8 pieces / 200g,200.00,310,12.00,48.00,8.00,1.50,0.00,2.50,6.00,N,780.00,25.00,30.00,1.50,200.00,80 IU,3 mg,"Soy, Sesame, Gluten",Halal,"Sushi Rice, Avocado, Cucumber, Halal Fish/Crab, Nori, Sesame, Wasabi",Assembled,USDA FoodData Central,,,76,Y,Halal-friendly mixed sushi platter.
Falafel (3 pieces),فلافل,,International,Snack,Middle Eastern,,3 pieces / 90g,3 pieces / 90g,90.00,255,9.00,22.00,14.00,1.80,0.00,4.50,2.50,N,580.00,0.00,55.00,3.00,320.00,40 IU,3 mg,Gluten,"Halal, Vegetarian, Vegan","Chickpeas, Parsley, Coriander, Garlic, Cumin, Flour, Oil",Fried (Deep),USDA FoodData Central,,,80,Y,Fried chickpea balls.
Kebab Wrap (Doner Style),کباب ریپ (ڈونر),,International,Lunch/Dinner,Wrap,,1 wrap / 300g,1 wrap / 300g,300.00,560,26.00,54.00,28.00,8.00,0.20,4.50,5.50,N,980.00,75.00,80.00,3.50,380.00,150 IU,6 mg,"Gluten, Dairy",Halal,"Flatbread, Doner Meat, Garlic Sauce, Salad, Tomatoes",Assembled,USDA FoodData Central,,,78,Y,Turkish-style doner wrap.
Beef Rendang,بیف رینڈانگ,,International,Dinner,Curry,,1 serving / 250g,1 serving / 250g,250.00,480,30.00,12.00,36.00,18.00,0.30,3.50,5.50,N,680.00,95.00,30.00,4.50,380.00,80 IU,8 mg,,Halal,"Beef, Coconut Milk, Lemongrass, Galangal, Red Chilies, Spices",Slow-Cooked/Dry,,,,78,Y,Indonesian/Malaysian dry beef curry.
Nasi Goreng (Indonesian Fried Rice),ناسی گورنگ,,International,Lunch/Dinner,Rice,,1 plate / 300g,1 plate / 300g,300.00,430,14.00,64.00,14.00,3.50,0.10,3.00,4.50,N,820.00,55.00,45.00,2.50,250.00,350 IU,8 mg,"Eggs, Soy",Halal,"Cooked Rice, Egg, Kecap Manis (sweet soy), Shrimp Paste (Halal), Chicken, Vegetables",Stir-Fried,,,,78,Y,Indonesian sweet soy fried rice.
Bibimbap (Korean Rice Bowl),بیبی مباپ,,International,Lunch/Dinner,Rice Bowl,,1 bowl / 350g,1 bowl / 350g,350.00,450,18.00,70.00,12.00,2.00,0.00,5.50,6.00,N,780.00,55.00,55.00,3.50,480.00,1500 IU,15 mg,"Eggs, Soy, Sesame",Halal,"Steamed Rice, Assorted Vegetables, Beef, Fried Egg, Gochujang, Sesame Oil",Assembled,,,,76,Y,Korean mixed rice bowl.
Beef Tacos (2 pieces),بیف ٹیکو,,International,Lunch/Snack,Mexican,,2 tacos / 180g,2 tacos / 180g,180.00,380,20.00,32.00,18.00,6.50,0.20,4.50,3.50,N,680.00,55.00,80.00,3.00,260.00,200 IU,6 mg,"Gluten, Dairy",Halal,"Corn Tortillas, Ground Beef, Onion, Cilantro, Salsa, Sour Cream, Lime",Assembled,USDA FoodData Central,,,78,Y,Halal beef street tacos.
Nachos with Cheese,ناچوز,,International,Snack,Mexican,,1 serving / 180g,1 serving / 180g,180.00,480,12.00,56.00,24.00,9.50,0.10,4.50,2.00,N,760.00,35.00,220.00,2.00,260.00,200 IU,2 mg,"Gluten, Dairy","Halal, Vegetarian","Corn Tortilla Chips, Cheddar Cheese Sauce, Jalapenos",Baked/Assembled,USDA FoodData Central,,,78,Y,
Baklava (Middle Eastern),بقلاوا,,International,Dessert,Pastry,,2 pieces / 60g,2 pieces / 60g,60.00,290,4.00,32.00,18.00,5.50,0.10,1.50,18.00,Y,80.00,15.00,30.00,0.80,75.00,40 IU,0.5 mg,"Gluten, Tree Nuts","Halal, Vegetarian","Phyllo Pastry, Walnuts/Pistachios, Butter, Honey/Sugar Syrup",Baked,USDA FoodData Central,,,80,Y,Flaky pastry with nuts and syrup.
Crème Brûlée,کریم بروولے,,International,Dessert,French,,1 ramekin / 130g,1 ramekin / 130g,130.00,290,5.00,28.00,18.00,10.50,0.10,0.00,22.00,Y,65.00,158.00,92.00,0.20,120.00,680 IU,0.5 mg,"Dairy, Eggs","Halal, Vegetarian","Heavy Cream, Egg Yolks, Sugar, Vanilla",Baked/Brûléed,USDA FoodData Central,,,80,Y,Classic French baked custard.
Katakat,کٹاکٹ,,Pakistani,Dinner,Offal,,1 serving / 200g,1 serving / 200g,200.00,420,28.00,8.00,32.00,12.00,0.50,2.00,2.50,N,680.00,280.00,60.00,5.50,340.00,200 IU,8 mg,,Halal,"Mixed Offal (Brain, Kidneys, Liver, Heart), Spices, Tomatoes, Green Chilies, Butter",Stir-Fried on Tawa,,Pakistan FCT 2001,,70,Y,Lahori specialty offal tawa dish.
Peshwari Namkeen Karahi,پشاوری نمکین کڑاہی,,Pakistani,Dinner,Curry,,1 katori / 250g,1 katori / 250g,250.00,460,30.00,8.00,34.00,13.00,0.50,2.00,2.50,N,760.00,100.00,45.00,3.20,360.00,100 IU,5 mg,,Halal,"Mutton/Chicken, Tomatoes, White Pepper, Salt, Green Chilies, Oil/Fat",Stir-Fried (Wok),,Pakistan FCT 2001,,72,Y,Peshawari-style salt-and-pepper karahi.
Chicken Rice (Mandi),چکن مندی,,Pakistani,Lunch/Dinner,Rice,,1 plate / 400g,1 plate / 400g,400.00,620,34.00,64.00,24.00,7.50,0.20,3.00,2.50,N,820.00,90.00,65.00,3.50,480.00,80 IU,4 mg,,Halal,"Basmati Rice, Whole Chicken, Dried Lemon, Saffron, Mandi Spices",Slow-Cooked (Oven/Pit),,Pakistan FCT 2001,,74,Y,Arabic-style slow roasted chicken on rice.
Bihari Beef Roll,بہاری رول,,Pakistani,Snack/Lunch,Wrap,,1 roll / 200g,1 roll / 200g,200.00,520,24.00,44.00,28.00,8.50,0.30,4.00,4.50,N,820.00,70.00,60.00,3.00,320.00,120 IU,5 mg,Gluten,Halal,"Tawa Paratha, Bihari Beef (Tender Grilled Beef Strips), Onions, Chutney",Assembled,,Pakistan FCT 2001,,76,Y,Bihari kebab wrapped in paratha.
Gola Ganda (Shaved Ice),گولہ گنڈا,,Pakistani,Dessert,Street Dessert,,1 medium / 150g,1 medium / 150g,150.00,120,0.20,30.50,0.00,0.00,0.00,0.00,28.00,Y,5.00,0.00,2.00,0.10,10.00,40 IU,1 mg,,"Halal, Vegetarian","Crushed Ice, Flavored Syrups (Rose, Kala Khata, Lemon), Chaat Masala",Assembled,,Pakistan FCT 2001,,74,Y,Pakistani street shaved ice with syrups.
Chur Chur Naan,چر چر نان,,Pakistani,Breakfast/Lunch,Bread,,1 piece / 150g,1 piece / 150g,150.00,420,8.00,48.00,22.00,9.50,0.20,3.50,2.50,N,480.00,15.00,55.00,2.50,180.00,80 IU,0 mg,"Gluten, Dairy","Halal, Vegetarian","Refined Flour, Ghee, Butter, Salt, Yogurt (crushed flaky naan)",Baked (Tawa/Oven),,Pakistan FCT 2001,,74,Y,Crispy crumbly layered Delhi-style naan.
Atta Ka Halwa,آٹے کا حلوہ,,Pakistani,Dessert,Halwa,,1 serving / 150g,1 serving / 150g,150.00,380,5.00,52.00,17.00,9.50,0.20,2.50,26.00,Y,75.00,15.00,40.00,2.50,80.00,120 IU,0 mg,"Gluten, Dairy, Tree Nuts","Halal, Vegetarian","Whole Wheat Flour, Ghee, Sugar, Cardamom, Nuts",Roasted/Cooked,,Pakistan FCT 2001,,76,Y,Whole wheat flour halwa.
Pinni,پنی,,Pakistani,Dessert/Snack,Traditional Sweet,,2 pieces / 80g,2 pieces / 80g,80.00,380,6.00,40.00,22.00,11.50,0.20,3.50,18.00,Y,40.00,15.00,60.00,2.80,120.00,100 IU,0.5 mg,"Gluten, Dairy, Tree Nuts","Halal, Vegetarian","Whole Wheat Flour, Ghee, Sugar, Desi Ghee, Almonds, Gond (Edible Gum)",Roasted/Set,,Pakistan FCT 2001,,72,Y,Traditional Punjabi energy sweet.
Rabri,رابڑی,,Pakistani,Dessert,Dairy Sweet,,1 bowl / 150g,1 bowl / 150g,150.00,280,7.00,30.00,14.00,9.00,0.20,0.00,28.00,Y,60.00,28.00,240.00,0.20,290.00,300 IU,1 mg,"Dairy, Tree Nuts","Halal, Vegetarian","Full-Fat Milk (Reduced to thick creamy solid), Sugar, Rose Water, Cardamom, Nuts",Slow-Reduced,,Pakistan FCT 2001,,74,Y,Thick reduced sweetened milk dessert.
Doodh Sawaiyan (Sweet Vermicelli),دودھ سیویاں,,Pakistani,Dessert,Dairy/Vermicelli,,1 bowl / 200g,1 bowl / 200g,200.00,290,8.00,44.00,9.00,5.00,0.10,2.00,30.00,Y,85.00,25.00,240.00,1.50,320.00,200 IU,1 mg,"Gluten, Dairy, Tree Nuts","Halal, Vegetarian","Roasted Vermicelli, Full Fat Milk, Sugar, Cardamom, Nuts",Boiled/Simmered,,Pakistan FCT 2001,,76,Y,Milk-based sweet vermicelli dessert.
Jalebi (Fresh),جلیبی,,Pakistani,Dessert/Snack,Street Sweet,,4 pieces / 80g,4 pieces / 80g,80.00,310,2.00,52.00,12.00,5.50,0.10,0.50,38.00,Y,10.00,3.00,10.00,0.50,35.00,0 IU,0 mg,Gluten,"Halal, Vegetarian","Refined Flour, Batter, Sugar Syrup, Food Color, Saffron",Fermented/Fried,,Pakistan FCT 2001,,76,Y,Crispy deep fried spirals in syrup.
Imli Ka Pani (Tamarind Drink),املی کا پانی,,Pakistani,Beverage,Cold Drink,,1 glass / 200g,1 glass / 200g,200.00,65,0.50,16.00,0.20,0.00,0.00,1.00,10.00,N,180.00,0.00,15.00,0.50,140.00,20 IU,2 mg,,"Halal, Vegetarian, Vegan","Tamarind Pulp, Water, Sugar, Salt, Cumin, Mint",Mixed,,Pakistan FCT 2001,,74,Y,Tangy tamarind-based drink.
Maghaz (Goat Brain Curry),مغز,,Pakistani,Dinner,Offal,,1 serving / 200g,1 serving / 200g,200.00,380,22.00,4.00,30.00,11.50,0.50,1.50,2.00,N,620.00,1680.00,25.00,1.80,220.00,180 IU,6 mg,,Halal,"Goat Brain, Onions, Tomatoes, Ginger, Garlic, Egg, Spices, Oil",Simmered/Stir-Fried,,Pakistan FCT 2001,,68,Y,Very high cholesterol. Goat brain curry.
Kapura (Kidney),کپورہ,,Pakistani,Dinner,Offal,,1 serving / 150g,1 serving / 150g,150.00,240,24.00,4.00,14.00,4.50,0.30,1.50,2.50,N,580.00,340.00,20.00,5.50,300.00,600 IU,5 mg,,Halal,"Goat/Lamb Kidney, Onions, Tomatoes, Spices, Oil",Stir-Fried,,Pakistan FCT 2001,,70,Y,Spiced goat kidney. High in vitamins.
Fried Calamari (Halal),فرائیڈ قلماری,,International,Starter/Snack,Seafood,,1 serving / 120g,1 serving / 120g,120.00,290,18.00,18.00,14.00,3.50,0.10,1.00,0.50,N,680.00,260.00,60.00,1.50,260.00,40 IU,3 mg,"Gluten, Shellfish",Halal,"Squid Rings, Seasoned Flour, Oil",Fried (Deep),USDA FoodData Central,,,78,Y,Crispy fried squid rings.
"Dates (Khajoor), Dried",کھجور (خشک),,International,Ingredient,Fruit/Snack,,5 dates / 45g,5 dates / 45g,45.00,138,1.00,37.10,0.10,0.00,0.00,3.30,31.20,Y,1.00,0.00,17.00,0.50,235.00,15 IU,0.1 mg,,"Halal, Vegetarian, Vegan",Dried Medjool Dates,Dried,USDA FoodData Central #09421,,,92,Y,"USDA #09421. High sugar, high fiber."
"Apricot, Dried (Khushk Khubani)",خشک خوبانی,,International,Ingredient,Dried Fruit,,5 halves / 28g,5 halves / 28g,28.00,67,1.00,17.50,0.10,0.00,0.00,1.90,14.00,Y,2.00,0.00,12.00,0.80,226.00,1009 IU,0.4 mg,,"Halal, Vegetarian, Vegan",Dried Apricot Halves,Dried,USDA FoodData Central #09024,,,92,Y,USDA #09024. High Vit A.
Raisins (Kishmish),کشمش,,International,Ingredient,Dried Fruit,,1/4 cup / 40g,1/4 cup / 40g,40.00,123,1.30,32.70,0.20,0.00,0.00,1.60,24.70,Y,5.00,0.00,27.00,0.80,299.00,2 IU,0.8 mg,,"Halal, Vegetarian, Vegan",Dried Seedless Grapes,Dried,USDA FoodData Central #09298,,,92,Y,USDA #09298
"Roasted Chickpeas (Chana, Roasted)",بھنے ہوئے چنے,,Pakistani,Snack,Snack,,1/4 cup / 40g,1/4 cup / 40g,40.00,170,7.00,26.00,5.00,0.50,0.00,5.50,0.80,N,120.00,0.00,35.00,1.80,215.00,25 IU,1.5 mg,,"Halal, Vegetarian, Vegan","Roasted Chickpeas, Salt, Spices",Roasted,,Pakistan FCT 2001,,80,Y,Desi bhuna chana.
Murmure (Puffed Rice),مرمرے,,Pakistani,Snack,Snack,,1 cup / 15g,1 cup / 15g,15.00,56,1.00,12.50,0.10,0.00,0.00,0.50,0.50,N,55.00,0.00,2.00,0.40,16.00,0 IU,0 mg,,"Halal, Vegetarian","Puffed Rice, Salt",Puffed,,India IFCT 2017,,82,Y,Low calorie puffed rice snack.
Mathri,ماٹھری,,Pakistani,Snack,Bakery,,4 pieces / 60g,4 pieces / 60g,60.00,290,4.00,32.00,15.00,3.50,0.10,1.50,0.50,N,420.00,0.00,20.00,1.50,80.00,0 IU,0 mg,Gluten,"Halal, Vegetarian","Refined Flour, Ghee/Oil, Carom Seeds, Salt",Fried (Deep),,Pakistan FCT 2001,,74,Y,Crispy savory crackers.
Chakli (Rice Flour),چکلی,,Pakistani,Snack,Bakery,,3 pieces / 45g,3 pieces / 45g,45.00,210,3.00,26.00,10.00,2.00,0.00,1.50,0.50,N,380.00,0.00,10.00,0.80,70.00,0 IU,0 mg,,"Halal, Vegetarian","Rice Flour, Lentil Flour, Cumin, Sesame, Oil, Salt",Fried (Deep),,India IFCT 2017,,72,Y,Spiral savory rice flour snack.
Kheer Moong Dal,موڑ دال کی کھیر,,Pakistani,Dessert,Kheer,,1 bowl / 200g,1 bowl / 200g,200.00,260,8.00,40.00,8.00,4.50,0.10,2.50,25.00,Y,65.00,20.00,160.00,2.00,280.00,150 IU,0.5 mg,"Dairy, Tree Nuts","Halal, Vegetarian","Yellow Moong Dal, Full-Fat Milk, Sugar, Cardamom, Nuts",Slow-Cooked,,Pakistan FCT 2001,,74,Y,Moong lentil milk pudding.
Phirni (Ground Rice Pudding),پھرنی,,Pakistani,Dessert,Pudding,,1 serving / 150g,1 serving / 150g,150.00,210,5.00,32.00,7.00,4.50,0.10,0.50,24.00,Y,55.00,20.00,160.00,0.40,190.00,120 IU,0 mg,"Dairy, Tree Nuts","Halal, Vegetarian","Coarsely Ground Rice, Full-Fat Milk, Sugar, Kewra, Cardamom, Nuts",Simmered/Set,,Pakistan FCT 2001,,76,Y,Traditional clay-pot rice pudding.
Sevian Kheer (Vermicelli Kheer),سیویاں کی کھیر,,Pakistani,Dessert,Kheer,,1 bowl / 200g,1 bowl / 200g,200.00,280,7.00,42.00,9.00,5.00,0.10,1.50,28.00,Y,80.00,22.00,190.00,1.20,270.00,180 IU,0.5 mg,"Gluten, Dairy, Tree Nuts","Halal, Vegetarian","Roasted Thin Vermicelli, Full-Fat Milk, Sugar, Cardamom, Nuts",Boiled/Simmered,,Pakistan FCT 2001,,76,Y,Vermicelli milk pudding.
Eid Sawaiyan (Dry),عید کی سیویاں,,Pakistani,Dessert,Special,,1 serving / 100g,1 serving / 100g,100.00,370,8.00,48.00,16.00,9.00,0.10,2.00,22.00,Y,115.00,30.00,120.00,1.50,190.00,200 IU,0.5 mg,"Gluten, Dairy, Tree Nuts","Halal, Vegetarian","Vermicelli Fried in Ghee, Khoya, Milk, Sugar, Almonds, Pistachios",Fried/Dry-Cooked,,Pakistan FCT 2001,,74,Y,Dry sweet vermicelli with khoya. Eid special.
Karakoram Dry Fruit Mix,خشک میوہ جات,,Pakistani,Snack,Dried Fruits,,1/4 cup / 40g,1/4 cup / 40g,40.00,195,4.50,22.50,11.50,1.50,0.00,3.50,14.00,Y,10.00,0.00,40.00,1.50,280.00,80 IU,1 mg,Tree Nuts,"Halal, Vegetarian","Almonds, Walnuts, Pistachios, Cashews, Raisins, Apricots",Raw/Dried,,,,80,Y,Premium Northern Pakistan dry fruit mix.
Methi Ladoo,میتھی لڈو,,Pakistani,Snack/Dessert,Traditional,,1 piece / 50g,1 piece / 50g,50.00,220,4.00,26.00,11.00,5.50,0.10,3.00,14.00,Y,30.00,10.00,65.00,4.50,110.00,100 IU,1 mg,"Gluten, Dairy, Tree Nuts","Halal, Vegetarian","Fenugreek Seeds, Whole Wheat Flour, Ghee, Gond, Sugar, Nuts",Roasted/Set,,Pakistan FCT 2001,,72,Y,Winter traditional ladoo with fenugreek.
Gond Katira Sherbet,گوند کترا شربت,,Pakistani,Beverage,Cold Drink,,1 glass / 250g,1 glass / 250g,250.00,80,0.20,20.00,0.00,0.00,0.00,0.50,18.00,Y,15.00,0.00,10.00,0.20,25.00,20 IU,2 mg,,"Halal, Vegetarian","Tragacanth Gum (Gond Katira), Rose Water, Sugar, Water, Basil Seeds",Soaked/Mixed,,Pakistan FCT 2001,,74,Y,Traditional cooling summer drink.
Shikanjvi (Lemonade Desi),شکنجوی,,Pakistani,Beverage,Cold Drink,,1 glass / 250g,1 glass / 250g,250.00,85,0.40,21.50,0.10,0.00,0.00,0.50,18.00,Y,95.00,0.00,10.00,0.20,95.00,10 IU,20 mg,,"Halal, Vegetarian, Vegan","Lemon Juice, Water, Sugar, Salt, Kala Namak, Cumin Powder",Mixed,,Pakistan FCT 2001,,76,Y,Spiced desi lemonade.
Mango Kulfi,آم کلفی,,Pakistani,Dessert,Frozen,,1 piece / 80g,1 piece / 80g,80.00,180,4.00,28.00,6.00,4.00,0.10,0.50,22.00,Y,45.00,18.00,130.00,0.30,160.00,500 IU,8 mg,Dairy,"Halal, Vegetarian","Condensed Milk, Fresh Mango Pulp, Cardamom, Pistachios",Frozen,,Pakistan FCT 2001,,76,Y,Traditional mango frozen dessert.
Pista Kulfi,پستہ کلفی,,Pakistani,Dessert,Frozen,,1 piece / 80g,1 piece / 80g,80.00,190,5.00,26.00,8.00,5.00,0.10,0.50,20.00,Y,50.00,20.00,140.00,0.50,170.00,150 IU,0.5 mg,"Dairy, Tree Nuts","Halal, Vegetarian","Condensed Milk, Pistachios, Cardamom, Kewra Water",Frozen,,Pakistan FCT 2001,,76,Y,Pistachio frozen kulfi.
Barfi (Plain Khoya),سادہ برفی,,Pakistani,Dessert,Mithai,,2 pieces / 60g,2 pieces / 60g,60.00,270,6.00,30.00,14.00,8.50,0.10,0.00,22.00,Y,35.00,22.00,195.00,0.40,230.00,200 IU,0.5 mg,"Dairy, Tree Nuts","Halal, Vegetarian","Khoya (Milk Solids), Sugar, Cardamom, Silver Varq",Cooked/Set,,Pakistan FCT 2001,,74,Y,Dense milk-solid sweet diamond fudge.
Coconut Barfi,ناریل برفی,,Pakistani,Dessert,Mithai,,2 pieces / 60g,2 pieces / 60g,60.00,260,3.00,32.00,14.00,10.50,0.10,2.50,22.00,Y,30.00,15.00,20.00,0.80,130.00,60 IU,0.5 mg,"Dairy, Tree Nuts","Halal, Vegetarian","Desiccated Coconut, Condensed Milk, Sugar, Cardamom",Cooked/Set,,Pakistan FCT 2001,,74,Y,Sweet coconut fudge.
Mithai Box (Assorted),متفرق مٹھائی,,Pakistani,Dessert,Mithai,,100g,100g,100.00,320,5.00,42.00,15.00,8.00,0.10,0.50,32.00,Y,55.00,18.00,80.00,0.80,120.00,80 IU,0.5 mg,"Dairy, Gluten, Tree Nuts","Halal, Vegetarian","Assorted Pakistani Sweets (Ladoo, Barfi, Gulab Jamun, Jalebi)",Various,,Pakistan FCT 2001,,68,Y,Average estimate for assorted box of sweets.
"Olive Oil, Extra Virgin",زیتون کا تیل,,International,Ingredient,Oil,,1 tbsp / 14g,1 tbsp / 14g,14.00,119,0.00,0.00,13.50,1.90,0.00,0.00,0.00,N,0.00,0.00,0.00,0.10,0.00,0 IU,0 mg,,"Halal, Vegetarian, Vegan",Extra Virgin Olive Oil,Oil,USDA FoodData Central #04053,,,96,Y,USDA #04053. Pure fat.
Desi Ghee (Clarified Butter),دیسی گھی,,Pakistani,Ingredient,Oil/Fat,,1 tbsp / 13g,1 tbsp / 13g,13.00,112,0.00,0.00,12.70,8.00,0.00,0.00,0.00,N,0.00,33.00,1.00,0.00,1.00,400 IU,0 mg,Dairy,"Halal, Vegetarian",Clarified Butter from Cow/Buffalo Milk,Clarified,USDA FoodData Central #01135,Pakistan FCT 2001,,94,Y,USDA #01135
Mustard Oil (Sarson Ka Tel),سرسوں کا تیل,,Pakistani,Ingredient,Oil,,1 tbsp / 14g,1 tbsp / 14g,14.00,124,0.00,0.00,14.00,1.60,0.00,0.00,0.00,N,0.00,0.00,0.00,0.00,0.00,0 IU,0 mg,,"Halal, Vegetarian, Vegan",Refined Mustard Seed Oil,Oil,,Pakistan FCT 2001,,84,Y,Used in NW cuisine. High erucic acid.
Honey,شہد,,International,Ingredient,Sweetener,,1 tbsp / 21g,1 tbsp / 21g,21.00,64,0.10,17.30,0.00,0.00,0.00,0.00,17.20,Y,1.00,0.00,1.00,0.10,11.00,0 IU,0.1 mg,,"Halal, Vegetarian",Raw Honey,Natural,USDA FoodData Central #19296,,,94,Y,USDA #19296
"Sugar, White Granulated",چینی,,International,Ingredient,Sweetener,,1 tsp / 4g,1 tsp / 4g,4.00,15,0.00,4.00,0.00,0.00,0.00,0.00,4.00,N,0.00,0.00,0.00,0.00,0.00,0 IU,0 mg,,"Halal, Vegetarian, Vegan",Refined White Sugar,Processed,USDA FoodData Central #19335,,,98,Y,USDA #19335. Pure sucrose.
Brown Sugar,براؤن شکر,,International,Ingredient,Sweetener,,1 tsp / 4.5g,1 tsp / 4.5g,4.50,17,0.00,4.50,0.00,0.00,0.00,0.00,4.40,N,1.00,0.00,4.00,0.10,10.00,0 IU,0 mg,,"Halal, Vegetarian, Vegan",Brown Sugar (Partially Refined),Processed,USDA FoodData Central #19334,,,98,Y,USDA #19334
Jaggery (Gur),گڑ,,Pakistani,Ingredient,Sweetener,,1 tsp / 5g,1 tsp / 5g,5.00,19,0.10,4.80,0.00,0.00,0.00,0.00,4.80,N,3.00,0.00,8.00,0.30,48.00,0 IU,0.1 mg,,"Halal, Vegetarian, Vegan",Unrefined Cane Jaggery,Processed,,Pakistan FCT 2001,,88,Y,Natural unrefined sweetener. Higher minerals than white sugar.
"Wheat Flour, Whole (Atta)",آٹا,,Pakistani,Ingredient,Flour,,100g,100g,100.00,340,13.20,72.60,1.90,0.30,0.00,10.70,0.40,N,2.00,0.00,34.00,3.90,405.00,9 IU,0 mg,Gluten,"Halal, Vegetarian, Vegan",Whole Wheat Flour,Ground,USDA FoodData Central #20080,Pakistan FCT 2001,,92,Y,USDA #20080. High fiber vs refined.
All-Purpose Flour (Maida),میدہ,,Pakistani,Ingredient,Flour,,100g,100g,100.00,364,10.30,76.30,1.00,0.10,0.00,2.70,0.30,N,2.00,0.00,15.00,4.60,107.00,0 IU,0 mg,Gluten,"Halal, Vegetarian, Vegan",Enriched Bleached All-Purpose Flour,Ground/Bleached,USDA FoodData Central #20081,Pakistan FCT 2001,,92,Y,USDA #20081
Cornstarch (Makai Ka Atta),مکئی کا نشاستہ,,International,Ingredient,Flour,,1 tbsp / 8g,1 tbsp / 8g,8.00,30,0.00,7.30,0.00,0.00,0.00,0.10,0.00,N,1.00,0.00,0.00,0.00,0.00,0 IU,0 mg,,"Halal, Vegetarian, Vegan",Refined Corn Starch,Processed,USDA FoodData Central #20014,,,96,Y,USDA #20014
Semolina (Suji),سوجی,,Pakistani,Ingredient,Flour,,100g,100g,100.00,360,12.70,73.80,1.10,0.20,0.00,3.90,0.60,N,1.00,0.00,17.00,1.20,186.00,0 IU,0 mg,Gluten,"Halal, Vegetarian, Vegan",Durum Wheat Semolina,Milled,USDA FoodData Central #20031,Pakistan FCT 2001,,92,Y,USDA #20031
Gram Flour (Besan),بیسن,,Pakistani,Ingredient,Flour,,100g,100g,100.00,387,22.40,57.80,6.70,0.70,0.00,10.90,10.70,N,6.00,0.00,45.00,4.90,846.00,27 IU,0 mg,,"Halal, Vegetarian, Vegan",Chickpea/Bengal Gram Flour,Ground,USDA FoodData Central #20011,Pakistan FCT 2001,,92,Y,USDA #20011. High protein flour.
"Basmati Rice, Raw (Uncooked)",کچا باسمتی چاول,,Pakistani,Ingredient,Grains,,100g,100g,100.00,356,8.40,79.90,0.50,0.10,0.00,0.30,0.10,N,0.00,0.00,28.00,1.50,100.00,0 IU,0 mg,,"Halal, Vegetarian, Vegan",Raw Long-grain Basmati Rice,Raw,,Pakistan FCT 2001,,88,Y,Pakistan FCT. Raw rice before cooking.
"Vinegar, White",سفید سرکہ,,International,Ingredient,Condiment,,1 tbsp / 15g,1 tbsp / 15g,15.00,3,0.00,0.00,0.00,0.00,0.00,0.00,0.00,N,0.00,0.00,1.00,0.00,2.00,0 IU,0 mg,,"Halal, Vegetarian, Vegan",Distilled White Vinegar,Fermented,USDA FoodData Central #02048,,,96,Y,USDA #02048. Near zero calories.
Ketchup (Tomato),ٹماٹو کیچپ,,International,Ingredient,Condiment,,1 tbsp / 15g,1 tbsp / 15g,15.00,15,0.20,3.80,0.00,0.00,0.00,0.00,3.40,N,167.00,0.00,3.00,0.10,57.00,200 IU,1.6 mg,,"Halal, Vegetarian, Vegan","Tomato Paste, Sugar, Vinegar, Salt, Spices",Processed,USDA FoodData Central #11935,,,90,Y,USDA #11935
Mayonnaise (Full Fat),مایونیز,,International,Ingredient,Condiment,,1 tbsp / 14g,1 tbsp / 14g,14.00,94,0.10,0.10,10.30,1.50,0.00,0.00,0.10,N,88.00,5.00,2.00,0.10,3.00,31 IU,0 mg,Eggs,"Halal, Vegetarian","Soybean Oil, Eggs, Vinegar, Lemon Juice, Salt",Emulsified,USDA FoodData Central #04025,,,90,Y,USDA #04025
Chili Garlic Sauce,چلی گارلک ساس,,Pakistani,Ingredient,Condiment,,1 tbsp / 15g,1 tbsp / 15g,15.00,18,0.40,3.80,0.20,0.00,0.00,0.50,1.50,N,380.00,0.00,5.00,0.30,35.00,120 IU,4 mg,,"Halal, Vegetarian, Vegan","Red Chilies, Garlic, Vinegar, Sugar, Salt",Processed,,Pakistan FCT 2001,,82,Y,
Green Chutney (Hari Chutney),ہری چٹنی,,Pakistani,Ingredient,Condiment,,2 tbsp / 30g,2 tbsp / 30g,30.00,20,0.80,2.80,0.80,0.10,0.00,1.20,0.80,N,180.00,0.00,20.00,0.50,90.00,400 IU,12 mg,,"Halal, Vegetarian, Vegan","Coriander, Mint, Green Chilies, Garlic, Lemon Juice, Salt",Blended,,Pakistan FCT 2001,,80,Y,Fresh herb chutney.
Tamarind Chutney (Imli),امچور چٹنی,,Pakistani,Ingredient,Condiment,,2 tbsp / 30g,2 tbsp / 30g,30.00,45,0.40,11.50,0.10,0.00,0.00,0.80,9.50,N,280.00,0.00,12.00,0.60,80.00,20 IU,2 mg,,"Halal, Vegetarian, Vegan","Tamarind Pulp, Jaggery, Cumin, Red Chili, Salt",Cooked,,Pakistan FCT 2001,,78,Y,Sweet and sour tamarind sauce.
Bhatura,بھٹورا,,Pakistani,Staple,Bread,,1 piece / 100g,1 piece / 100g,100.00,290,7.00,38.00,12.00,2.50,0.10,2.50,1.50,N,220.00,0.00,25.00,1.80,95.00,0 IU,0 mg,"Gluten, Dairy","Halal, Vegetarian","Refined Flour, Yogurt, Baking Soda, Oil (Deep Fried)",Fried (Deep),,India IFCT 2017,,76,Y,Leavened deep-fried bread.
Roomali Roti,رومالی روٹی,,Pakistani,Staple,Bread,,1 piece / 50g,1 piece / 50g,50.00,130,4.00,26.00,1.50,0.30,0.00,1.50,0.50,N,75.00,0.00,15.00,1.50,55.00,0 IU,0 mg,Gluten,"Halal, Vegetarian","Refined Flour, Water, Salt, Marginal Fat","Baked (Tawa, very thin)",,Pakistan FCT 2001,,76,Y,Paper-thin folded bread.
Garlic Naan,لہسن نان,,Pakistani,Staple,Bread,,1 piece / 90g,1 piece / 90g,90.00,250,7.00,40.00,7.00,2.50,0.10,2.50,2.00,N,420.00,12.00,45.00,1.80,90.00,80 IU,1 mg,"Gluten, Dairy","Halal, Vegetarian","Refined Flour, Garlic, Butter, Yogurt, Yeast",Baked (Tandoor),,Pakistan FCT 2001,,78,Y,Butter garlic naan.
Cheese Naan,چیز نان,,Pakistani,Staple,Bread,,1 piece / 110g,1 piece / 110g,110.00,320,12.00,44.00,11.00,5.50,0.10,2.50,3.00,N,520.00,25.00,160.00,1.80,100.00,200 IU,0.5 mg,"Gluten, Dairy","Halal, Vegetarian","Refined Flour, Cheese, Butter, Yogurt, Yeast",Baked (Tandoor),,Pakistan FCT 2001,,76,Y,Cheese-stuffed naan.
Keema Naan,قیمہ نان,,Pakistani,Staple,Bread,,1 piece / 130g,1 piece / 130g,130.00,360,16.00,44.00,14.00,5.00,0.20,3.00,3.00,N,620.00,45.00,55.00,2.80,180.00,80 IU,2 mg,Gluten,Halal,"Refined Flour, Spiced Mince Meat, Yeast, Butter",Baked (Tandoor),,Pakistan FCT 2001,,76,Y,Minced meat stuffed naan.
Kulcha (Plain),کلچہ,,Pakistani,Staple,Bread,,1 piece / 90g,1 piece / 90g,90.00,230,6.00,42.00,4.00,1.00,0.00,2.00,2.00,N,380.00,5.00,35.00,1.50,90.00,0 IU,0 mg,"Gluten, Dairy","Halal, Vegetarian","Refined Flour, Yogurt, Baking Powder",Baked (Tawa/Tandoor),,Pakistan FCT 2001,,76,Y,Soft leavened flatbread.
Kabuli Pulao (Afghan),کابلی پلاؤ,,International,Lunch/Dinner,Rice,,1 plate / 350g,1 plate / 350g,350.00,580,24.00,72.00,20.00,6.50,0.20,4.50,8.50,N,620.00,60.00,55.00,3.50,380.00,300 IU,2 mg,Tree Nuts,Halal,"Basmati Rice, Lamb, Caramelized Carrots, Raisins, Cardamom, Whole Spices, Oil",Slow-Cooked,,,,78,Y,Afghan national dish. Sweet and savory rice.
"Biryani, Vegetable",ویجیٹیبل بریانی,,Pakistani,Lunch/Dinner,Rice,,1 plate / 300g,1 plate / 300g,300.00,410,9.00,70.00,12.00,3.00,0.00,5.50,4.00,N,620.00,0.00,80.00,2.50,380.00,600 IU,25 mg,Dairy,"Halal, Vegetarian","Basmati Rice, Mixed Vegetables, Yogurt, Fried Onions, Biryani Spices, Saffron",Slow-Cooked (Dum),,Pakistan FCT 2001,,76,Y,Vegetable biryani.
"Khichdi, Masala (Spiced)",مسالہ کھچڑی,,Pakistani,Lunch/Dinner,Rice,,1 plate / 250g,1 plate / 250g,250.00,310,11.00,52.00,7.00,1.50,0.00,5.00,2.50,N,480.00,0.00,45.00,2.80,280.00,200 IU,5 mg,,"Halal, Vegetarian","Rice, Yellow Moong Dal, Onions, Tomatoes, Cumin, Spices, Ghee",Boiled,,Pakistan FCT 2001,,76,Y,Spiced comforting rice and lentil dish.
Egg Fried Rice,انڈہ فرائیڈ رائس,,International,Lunch/Dinner,Rice,,1 plate / 300g,1 plate / 300g,300.00,380,12.00,58.00,12.00,2.50,0.10,2.50,3.50,N,680.00,115.00,45.00,2.00,220.00,200 IU,3 mg,"Eggs, Soy",Halal,"Cooked Rice, Eggs, Spring Onions, Soy Sauce, Oil, Garlic, Carrots",Stir-Fried,USDA FoodData Central,,,78,Y,Chinese-style egg fried rice.
Plov (Central Asian Pilaf),پلاؤ وسط ایشیائی,,International,Lunch/Dinner,Rice,,1 plate / 350g,1 plate / 350g,350.00,560,22.00,68.00,20.00,7.50,0.20,3.50,3.00,N,680.00,65.00,50.00,3.50,360.00,200 IU,4 mg,,Halal,"Rice, Lamb, Carrots, Onions, Garlic, Cumin, Cottonseed/Canola Oil",Slow-Cooked,,,,78,Y,Uzbek/Tajik pilaf.
Tah-dig (Persian Rice),فارسی چاول,,International,Lunch/Dinner,Rice,,1 plate / 300g,1 plate / 300g,300.00,440,8.00,74.00,12.00,5.50,0.10,2.50,1.50,N,380.00,18.00,25.00,2.50,180.00,40 IU,0 mg,Dairy,"Halal, Vegetarian","Basmati Rice, Butter/Oil, Saffron, Salt (crispy crust rice)",Slow-Cooked (Crispy),,,,76,Y,Iranian crispy bottom saffron rice.
Maqluba (Palestinian),مقلوبہ,,International,Lunch/Dinner,Rice,,1 plate / 350g,1 plate / 350g,350.00,520,24.00,60.00,20.00,7.00,0.20,4.50,4.00,N,680.00,70.00,55.00,3.00,380.00,400 IU,8 mg,,Halal,"Rice, Chicken/Lamb, Eggplant, Cauliflower, Tomatoes, Spices",Simmered/Inverted,,,,76,Y,Upside-down Palestinian rice dish.
"Spring Rolls (Vegetable, Fried)",سپرنگ رول,,International,Snack,Fried,,2 rolls / 100g,2 rolls / 100g,100.00,220,4.00,26.00,11.00,2.50,0.10,2.00,2.50,N,380.00,0.00,30.00,1.20,150.00,200 IU,5 mg,"Gluten, Soy","Halal, Vegetarian","Spring Roll Wrapper, Cabbage, Carrots, Bean Sprouts, Soy Sauce",Fried (Deep),USDA FoodData Central,,,80,Y,
"Samosa, Meat",گوشت سموسہ,,Pakistani,Snack,Street Food,,2 pieces / 100g,2 pieces / 100g,100.00,280,10.00,28.00,14.00,4.50,0.20,2.50,2.00,N,480.00,35.00,25.00,2.50,160.00,80 IU,3 mg,Gluten,Halal,"Refined Flour Pastry, Mince Meat, Peas, Spices",Fried (Deep),,Pakistan FCT 2001,,80,Y,Crispy meat-filled fried pastry.
Fish Fingers (Fried),فش فنگرز,,International,Snack,Seafood,,5 pieces / 100g,5 pieces / 100g,100.00,282,14.00,20.00,16.00,2.50,0.10,0.80,0.50,N,480.00,30.00,25.00,0.80,220.00,20 IU,0 mg,Gluten,Halal,"White Fish Fillet, Breadcrumbs, Flour, Egg Coating",Fried (Deep),USDA FoodData Central,,,82,Y,
Chicken Strips (Crispy),چکن سٹرپس,,International,Snack,Fried,,3 strips / 120g,3 strips / 120g,120.00,310,18.00,22.00,16.00,3.50,0.10,1.50,1.00,N,680.00,55.00,20.00,1.20,260.00,30 IU,0 mg,Gluten,Halal,"Chicken Breast Strips, Seasoned Flour Coating",Fried (Deep),USDA FoodData Central,,,82,Y,
Onion Rings (Fried),پیاز کے رنگز,,International,Snack,Fried,,6 rings / 90g,6 rings / 90g,90.00,270,4.00,32.00,14.00,2.50,0.10,1.50,3.50,N,440.00,12.00,30.00,0.80,130.00,10 IU,3 mg,Gluten,"Halal, Vegetarian","Onion, Batter (Flour, Egg, Milk)",Fried (Deep),USDA FoodData Central,,,82,Y,
"Popcorn, Air-Popped",پوپ کارن (سادہ),,International,Snack,Snack,,1 cup / 8g,1 cup / 8g,8.00,31,1.00,6.20,0.40,0.00,0.00,1.20,0.10,N,0.00,0.00,1.00,0.30,26.00,10 IU,0 mg,,"Halal, Vegetarian, Vegan",Popcorn Kernels,Air-Popped,USDA FoodData Central #19035,,,94,Y,USDA #19035. Whole grain snack.
"Popcorn, Buttered",مکھن والا پوپ کارن,,International,Snack,Snack,,1 cup / 11g,1 cup / 11g,11.00,65,1.10,5.00,4.70,2.50,0.10,0.80,0.10,N,85.00,8.00,2.00,0.20,20.00,60 IU,0 mg,Dairy,"Halal, Vegetarian","Popcorn, Butter, Salt",Cooked/Buttered,USDA FoodData Central,,,86,Y,
Granola Bar,گرانولا بار,,International,Snack,Snack,,1 bar / 47g,1 bar / 47g,47.00,193,3.90,29.30,7.60,1.10,0.00,1.50,13.10,Y,77.00,0.00,18.00,1.20,103.00,20 IU,0.3 mg,"Gluten, Tree Nuts","Halal, Vegetarian","Rolled Oats, Sugar, Honey, Almonds, Crispy Rice, Syrup",Baked,USDA FoodData Central #19041,,,88,Y,USDA #19041
Protein Bar (Chocolate),پروٹین بار,,International,Snack,Snack,,1 bar / 60g,1 bar / 60g,60.00,240,20.00,22.00,8.00,3.50,0.10,2.00,10.00,N,200.00,8.00,200.00,2.50,220.00,0 IU,0 mg,"Gluten, Dairy, Soy","Halal, Vegetarian","Whey Protein, Chocolate, Oats, Sugar, Nuts",Processed,,,,80,Y,Generic commercial protein bar estimate.
"Rice Cake, Plain",رائس کیک,,International,Snack,Snack,,2 cakes / 18g,2 cakes / 18g,18.00,70,1.50,14.50,0.50,0.10,0.00,0.40,0.10,N,58.00,0.00,2.00,0.30,29.00,0 IU,0 mg,,"Halal, Vegetarian, Vegan",Puffed Rice,Puffed/Baked,USDA FoodData Central #19220,,,92,Y,USDA #19220. Low calorie snack.
"Crackers, Whole Wheat",گندم کریکرز,,International,Snack,Bakery,,5 crackers / 30g,5 crackers / 30g,30.00,118,2.50,19.50,4.00,0.70,0.10,2.00,1.50,N,175.00,0.00,12.00,1.20,58.00,0 IU,0 mg,Gluten,"Halal, Vegetarian","Whole Wheat Flour, Oil, Salt, Leavening",Baked,USDA FoodData Central #18614,,,90,Y,USDA #18614
Trail Mix (Nuts and Raisins),ٹریل مکس,,International,Snack,Snack,,1/4 cup / 40g,1/4 cup / 40g,40.00,173,4.50,18.50,10.50,1.50,0.00,2.00,12.50,Y,55.00,0.00,30.00,1.20,230.00,15 IU,0.5 mg,"Tree Nuts, Peanuts","Halal, Vegetarian, Vegan","Almonds, Peanuts, Cashews, Raisins, Pumpkin Seeds",Raw/Dried,USDA FoodData Central,,,90,Y,
Chicken Broth (Clear),چکن یخنی,,Pakistani,Beverage/Starter,Broth,,1 cup / 240g,1 cup / 240g,240.00,38,4.90,0.90,1.40,0.40,0.00,0.00,0.00,N,924.00,10.00,14.00,0.50,210.00,0 IU,0 mg,,Halal,"Chicken Bones, Onion, Ginger, Garlic, Whole Spices, Salt, Water",Slow-Boiled,USDA FoodData Central #14197,Pakistan FCT 2001,,90,Y,USDA #14197. High sodium.
"Lentil Soup (Red Lentil, Turkish)",ترکی مسور سوپ,,International,Starter,Soup,,1 bowl / 350g,1 bowl / 350g,350.00,210,12.00,32.00,4.00,0.50,0.00,8.50,3.50,N,680.00,0.00,45.00,3.50,430.00,800 IU,6 mg,,"Halal, Vegetarian, Vegan","Red Lentils, Onions, Carrots, Cumin, Paprika, Olive Oil",Simmered/Blended,,,,78,Y,Smooth blended Turkish lentil soup.
Clam Chowder (New England),کلیم چاؤڈر,,International,Starter,Soup,,1 cup / 245g,1 cup / 245g,245.00,192,10.30,18.80,9.50,4.80,0.00,0.80,3.80,N,913.00,32.00,110.00,2.50,300.00,60 IU,4 mg,"Dairy, Shellfish, Gluten",Halal,"Clams, Potatoes, Cream, Onion, Bacon (Halal), Flour",Simmered,USDA FoodData Central,,,78,Y,Creamy New England style clam soup.
Gazpacho (Cold Tomato Soup),گزپاچو,,International,Starter,Soup,,1 cup / 240g,1 cup / 240g,240.00,70,2.50,10.50,2.80,0.40,0.00,2.50,6.00,N,480.00,0.00,25.00,1.20,560.00,1000 IU,30 mg,,"Halal, Vegetarian, Vegan","Tomatoes, Cucumber, Bell Pepper, Garlic, Olive Oil, Vinegar",Blended/Cold,USDA FoodData Central,,,82,Y,Spanish cold blended vegetable soup.
Shorba (Pakistani Broth),شوربہ,,Pakistani,Starter,Soup,,1 bowl / 300g,1 bowl / 300g,300.00,120,10.00,8.00,6.00,2.50,0.10,1.50,2.50,N,680.00,35.00,25.00,1.50,220.00,80 IU,3 mg,,Halal,"Chicken/Mutton, Onions, Tomatoes, Whole Spices, Ginger, Garlic",Slow-Boiled,,Pakistan FCT 2001,,76,Y,Desi spiced meat broth.
Yakhni (Plain Broth),یخنی,,Pakistani,Starter/Beverage,Broth,,1 cup / 240g,1 cup / 240g,240.00,45,5.50,2.50,1.50,0.50,0.00,0.50,1.50,N,680.00,20.00,18.00,0.80,180.00,40 IU,2 mg,,Halal,"Bone-in Mutton, Onion, Whole Spices, Salt",Slow-Boiled,,Pakistan FCT 2001,,78,Y,Warming clear meat broth.
"Muesli, Dry (No Sugar Added)",میوسلی,,International,Breakfast,Cereal,,1/2 cup / 57g,1/2 cup / 57g,57.00,215,5.80,40.20,4.50,0.70,0.00,4.20,9.00,N,85.00,0.00,26.00,2.00,255.00,0 IU,0.7 mg,"Gluten, Tree Nuts","Halal, Vegetarian","Rolled Oats, Raisins, Nuts, Seeds",Raw/Mixed,USDA FoodData Central,,,86,Y,
"Granola, Honey & Oat",گرانولا (ہنی اوٹ),,International,Breakfast,Cereal,,1/2 cup / 60g,1/2 cup / 60g,60.00,261,5.50,40.80,9.50,1.50,0.00,3.50,14.50,Y,82.00,0.00,28.00,2.20,200.00,30 IU,0.4 mg,"Gluten, Tree Nuts","Halal, Vegetarian","Rolled Oats, Honey, Oil, Almonds",Baked,USDA FoodData Central,,,86,Y,
Cornflakes (Plain),کارن فلیکس,,International,Breakfast,Cereal,,1 cup / 28g,1 cup / 28g,28.00,101,2.10,24.00,0.20,0.00,0.00,0.90,2.40,N,203.00,0.00,2.00,8.10,26.00,750 IU,0 mg,Gluten,"Halal, Vegetarian","Milled Corn, Sugar, Salt, Vitamins/Minerals",Flaked/Baked,USDA FoodData Central #08003,,,90,Y,USDA #08003. Fortified cereal.
"Breakfast Cereal, Whole Grain (e.g. Weetabix style)",وہول گرین سیریل,,International,Breakfast,Cereal,,2 biscuits / 37g,2 biscuits / 37g,37.00,134,4.50,25.30,0.90,0.20,0.00,3.80,1.80,N,149.00,0.00,11.00,4.00,124.00,0 IU,0 mg,Gluten,"Halal, Vegetarian","Whole Grain Wheat, Sugar, Salt, Malted Barley",Compressed,,,,86,Y,
Smoothie Bowl (Acai/Berry),اسموتھی بول,,International,Breakfast,Smoothie,,1 bowl / 300g,1 bowl / 300g,300.00,320,5.00,55.00,10.00,2.00,0.00,7.00,32.00,Y,75.00,0.00,80.00,2.00,420.00,500 IU,25 mg,Tree Nuts,"Halal, Vegetarian, Vegan","Frozen Berry/Acai, Banana, Granola, Seeds, Coconut Flakes",Blended/Assembled,,,,80,Y,
Egg Benedict (Halal),انڈے بینیڈکٹ,,International,Breakfast,Egg Dish,,1 serving / 200g,1 serving / 200g,200.00,360,18.00,28.00,19.00,8.50,0.20,1.50,3.50,N,780.00,280.00,65.00,2.50,220.00,480 IU,0.5 mg,"Gluten, Dairy, Eggs",Halal,"English Muffin, Poached Egg, Halal Canadian Bacon, Hollandaise Sauce",Poached/Assembled,USDA FoodData Central,,,80,Y,
Ful Medames,فول مدمس,,International,Breakfast,Legume,,1 cup / 240g,1 cup / 240g,240.00,290,14.00,48.00,5.00,0.80,0.00,12.50,3.50,N,480.00,0.00,68.00,4.50,480.00,40 IU,8 mg,,"Halal, Vegetarian, Vegan","Fava Beans, Garlic, Lemon, Olive Oil, Cumin, Parsley",Slow-Cooked,,,,82,Y,Egyptian national breakfast.
"Chocolate, Dark (70-85%)",ڈارک چاکلیٹ,,International,Ingredient/Snack,Confectionery,,1 oz / 28g,1 oz / 28g,28.00,170,2.10,13.20,12.10,7.10,0.00,3.10,7.00,N,6.00,1.00,20.00,3.40,203.00,2 IU,0.1 mg,"Dairy, Soy","Halal, Vegetarian","Cocoa Mass, Sugar, Cocoa Butter",Processed,USDA FoodData Central #19904,,,92,Y,USDA #19904. High antioxidant.
"Chocolate, Milk",مِلک چاکلیٹ,,International,Ingredient/Snack,Confectionery,,1 oz / 28g,1 oz / 28g,28.00,153,2.10,17.00,8.70,5.10,0.00,0.70,14.80,Y,24.00,6.00,52.00,0.50,124.00,59 IU,0.1 mg,"Dairy, Soy","Halal, Vegetarian","Sugar, Cocoa Butter, Milk, Cocoa Mass, Vanilla",Processed,USDA FoodData Central #19120,,,92,Y,USDA #19120
"Chocolate, White",وائٹ چاکلیٹ,,International,Ingredient/Snack,Confectionery,,1 oz / 28g,1 oz / 28g,28.00,153,2.00,18.30,8.70,5.30,0.00,0.20,18.00,Y,25.00,8.00,57.00,0.10,100.00,30 IU,0.4 mg,"Dairy, Soy","Halal, Vegetarian","Cocoa Butter, Sugar, Milk, Vanilla",Processed,USDA FoodData Central #19127,,,92,Y,USDA #19127. No cocoa solids.
"Candy, Hard (Generic)",کینڈی (سادہ),,International,Snack,Confectionery,,1 oz / 28g,1 oz / 28g,28.00,106,0.00,27.60,0.00,0.00,0.00,0.00,21.30,Y,9.00,0.00,1.00,0.20,1.00,0 IU,0 mg,,"Halal, Vegetarian","Sugar, Corn Syrup, Artificial Flavor, Color",Processed,USDA FoodData Central #19074,,,90,Y,USDA #19074
Chewing Gum (Sugarless),شوگر فری چیونگ گم,,International,Snack,Confectionery,,1 piece / 3g,1 piece / 3g,3.00,5,0.00,2.00,0.00,0.00,0.00,0.00,0.00,N,0.00,0.00,0.00,0.00,0.00,0 IU,0 mg,,"Halal, Vegetarian","Gum Base, Sorbitol, Flavoring",Processed,USDA FoodData Central,,,90,Y,
"Chicken Liver, Cooked",مرغی کا کلیجی,,International,Ingredient,Organ Meat,,100g,100g,100.00,172,24.50,0.90,7.50,2.40,0.20,0.00,0.00,N,71.00,563.00,11.00,11.50,230.00,13328 IU,27.9 mg,,Halal,Chicken Liver,Pan-Fried,USDA FoodData Central #05027,,,92,Y,"USDA #05027. Extremely high Vit A, Iron."
"Beef Liver, Fried",بیف کلیجی (بھنی),,International,Ingredient,Organ Meat,,100g,100g,100.00,191,29.50,4.80,5.00,2.10,0.10,0.00,0.00,N,87.00,438.00,10.00,5.80,380.00,26087 IU,25.3 mg,,Halal,Beef Liver,Pan-Fried,USDA FoodData Central #13327,,,92,Y,"USDA #13327. Very high B12, Vit A, Iron."
"Turkey Breast, Roasted, No Skin",ٹرکی,,International,Ingredient,Protein,,100g,100g,100.00,189,29.90,0.00,7.40,2.40,0.10,0.00,0.00,N,67.00,76.00,21.00,1.60,298.00,0 IU,0 mg,,Halal,Roasted Turkey Breast (Boneless Skinless),Roasted,USDA FoodData Central #05178,,,92,Y,USDA #05178
"Duck Breast, Roasted",بطخ,,International,Ingredient,Protein,,100g,100g,100.00,201,23.50,0.00,11.20,4.00,0.10,0.00,0.00,N,65.00,89.00,11.00,2.70,252.00,0 IU,0 mg,,Halal,Duck Breast (Skin Removed),Roasted,USDA FoodData Central #05140,,,90,Y,USDA #05140
"Veal Chop, Braised",ویل چاپ,,International,Ingredient,Protein,,100g,100g,100.00,196,29.40,0.00,8.10,2.80,0.10,0.00,0.00,N,81.00,110.00,27.00,1.20,320.00,0 IU,0 mg,,Halal,Veal Rib Chop,Braised,USDA FoodData Central #17062,,,88,Y,USDA #17062
"Goat Meat, Cooked, Roasted",مٹن بھنا,,International,Ingredient,Protein,,100g,100g,100.00,165,27.10,0.00,5.20,1.60,0.10,0.00,0.00,N,86.00,75.00,16.00,3.70,385.00,0 IU,0 mg,,Halal,Goat Meat,Roasted,USDA FoodData Central #17168,,,90,Y,USDA #17168. Leaner than lamb.
"Cod Fish, Baked",کاڈ مچھلی (بھنی),,International,Ingredient,Seafood,,100g,100g,100.00,105,22.80,0.00,0.90,0.20,0.00,0.00,0.00,N,78.00,55.00,18.00,0.40,413.00,20 IU,1.4 mg,,Halal,Cod Fillet,Baked,USDA FoodData Central #15016,,,92,Y,USDA #15016. Very lean white fish.
"Sardines, Canned in Oil",سارڈین (ڈبہ),,International,Ingredient,Seafood,,1 can / 92g,1 can / 92g,92.00,191,22.70,0.00,10.50,1.40,0.00,0.00,0.00,N,465.00,131.00,351.00,2.70,395.00,54 IU,0 mg,,Halal,"Sardines, Olive Oil, Salt",Canned,USDA FoodData Central #15089,,,92,Y,USDA #15089. Very high calcium (bones).
"Mackerel, Atlantic, Baked",ماکریل مچھلی,,International,Ingredient,Seafood,,100g,100g,100.00,262,23.90,0.00,17.80,4.20,0.00,0.00,0.00,N,83.00,75.00,15.00,1.60,314.00,94 IU,0.4 mg,,Halal,Atlantic Mackerel Fillet,Baked,USDA FoodData Central #15046,,,92,Y,USDA #15046. Very high Omega 3.
"Crab Stick (Imitation, Halal)",کرب اسٹک,,International,Ingredient,Seafood,,1 piece / 28g,1 piece / 28g,28.00,30,3.60,2.80,0.40,0.10,0.00,0.00,0.90,N,238.00,8.00,8.00,0.10,75.00,0 IU,0 mg,"Gluten, Soy",Halal,"Pollock Surimi, Starch, Flavor, Color",Processed,USDA FoodData Central #15142,,,90,Y,USDA #15142
Beef Karahi (Restaurant Style),بیف کڑاہی (ریستوران),,Pakistani,Dinner,Curry,,1 katori / 250g,1 katori / 250g,250.00,520,34.00,8.00,38.00,14.00,0.60,2.50,4.50,N,780.00,110.00,45.00,4.00,400.00,120 IU,8 mg,Dairy,Halal,"Beef, Tomatoes, Ginger, Garlic, Green Chilies, Butter, Cream",Stir-Fried (Wok),,Pakistan FCT 2001,,74,Y,Rich restaurant-style beef karahi.
Paya (Goat Feet Curry),پایا,,Pakistani,Breakfast/Dinner,Stew,,1 bowl / 300g,1 bowl / 300g,300.00,280,24.00,6.00,18.00,7.00,0.40,1.50,2.00,N,620.00,95.00,120.00,2.50,260.00,80 IU,4 mg,,Halal,"Goat Trotters, Onions, Ginger, Garlic, Whole Spices",Slow-Cooked,,Pakistan FCT 2001,,72,Y,Slow-cooked goat trotters. Rich in collagen.
Kunna (Clay Pot Mutton),کنّہ,,Pakistani,Dinner,Stew,,1 serving / 250g,1 serving / 250g,250.00,450,30.00,8.00,32.00,13.00,0.50,2.50,3.50,N,680.00,100.00,60.00,3.80,380.00,80 IU,4 mg,,Halal,"Mutton, Chickpea Flour, Whole Spices, Ghee, Dried Ginger",Slow-Cooked (Clay Pot),,Pakistan FCT 2001,,72,Y,Traditional Chiniot-style clay pot stew.
Sajji (Whole Roasted Lamb),سجی,,Pakistani,Dinner,BBQ,,1 serving / 300g,1 serving / 300g,300.00,480,34.00,4.00,36.00,14.00,0.50,2.00,1.50,N,480.00,110.00,40.00,3.80,380.00,0 IU,2 mg,,Halal,"Whole Lamb Marinated with Salt, Baking Soda, Stuffed with Rice",Roasted (Open Fire/Oven),,Pakistan FCT 2001,,72,Y,Balochi whole roast lamb.
Dumpukht (Sealed Dum Dish),دم پخت,,Pakistani,Dinner,Curry,,1 katori / 250g,1 katori / 250g,250.00,520,30.00,10.00,38.00,14.00,0.50,3.00,4.50,N,680.00,100.00,55.00,3.50,380.00,100 IU,5 mg,Dairy,Halal,"Chicken/Mutton, Cream, Yogurt, Whole Spices, Mace, Itar (Rose Water)",Slow-Cooked (Sealed),,Pakistan FCT 2001,,72,Y,Mughal sealed slow-cooked dish.
Murgh Musallam,مرغ مسلّم,,Pakistani,Dinner,Whole Chicken,,1 serving / 300g,1 serving / 300g,300.00,540,40.00,10.00,36.00,10.00,0.40,2.50,5.00,N,720.00,120.00,60.00,3.50,420.00,200 IU,6 mg,"Dairy, Eggs, Tree Nuts",Halal,"Whole Chicken, Yogurt, Eggs, Onions, Saffron, Cream, Whole Spices",Baked/Dum,,Pakistan FCT 2001,,72,Y,Whole Mughal royal chicken dish.
Peshwari Chicken Tikka,پشاوری چکن ٹکہ,,Pakistani,Dinner,BBQ,,4 pieces / 160g,4 pieces / 160g,160.00,320,30.00,4.00,20.00,4.50,0.10,1.50,2.00,N,520.00,90.00,35.00,1.80,300.00,60 IU,3 mg,Dairy,Halal,"Chicken, Cardamom, Mace, Raw Papaya, White Pepper, Cream, Oil",Grilled (Tandoor),,Pakistan FCT 2001,,74,Y,Mildly spiced KPK style tikka.
"Afghan Kebab (Seekh, Lamb)",افغانی سیخ کباب,,International,Dinner,BBQ,,2 skewers / 150g,2 skewers / 150g,150.00,360,26.00,2.00,26.00,10.00,0.40,1.00,1.50,N,480.00,90.00,30.00,3.00,320.00,40 IU,2 mg,,Halal,"Lamb Mince, Fat Tail, Onions, Coriander, Garlic, Black Pepper",Grilled (Charcoal),,,,76,Y,Afghan-style fatty lamb seekh kebabs.
Shish Tawook (Chicken),شیش ٹاووک,,International,Dinner,BBQ,,4 skewers / 200g,4 skewers / 200g,200.00,340,32.00,8.00,18.00,4.00,0.10,1.50,4.50,N,580.00,90.00,45.00,2.20,360.00,80 IU,3 mg,Dairy,Halal,"Chicken Cubes, Yogurt, Tomato Paste, Garlic, Lemon, Cumin",Grilled,,,,78,Y,Lebanese marinated chicken skewers.
"Cheesecake, Plain",چیز کیک,,International,Dessert,Cake,,1 slice / 120g,1 slice / 120g,120.00,401,6.80,36.30,26.90,13.60,0.30,0.30,28.00,Y,327.00,116.00,83.00,0.50,107.00,843 IU,0.3 mg,"Gluten, Dairy, Eggs","Halal, Vegetarian","Cream Cheese, Sugar, Eggs, Graham Cracker Crust, Vanilla",Baked,USDA FoodData Central #18147,,,90,Y,USDA #18147
Apple Pie Slice,ایپل پائی,,International,Dessert,Pastry,,1 slice / 125g,1 slice / 125g,125.00,296,2.40,43.00,13.80,4.80,1.20,1.70,17.50,Y,251.00,0.00,12.00,0.60,100.00,32 IU,2.5 mg,"Gluten, Dairy","Halal, Vegetarian","Pastry Crust, Apple Filling, Sugar, Cinnamon",Baked,USDA FoodData Central #18302,,,90,Y,USDA #18302
"Doughnut, Glazed",ڈونٹ,,International,Snack/Dessert,Bakery,,1 medium / 60g,1 medium / 60g,60.00,242,3.80,26.90,13.70,3.20,2.00,0.70,11.70,N,205.00,14.00,26.00,1.10,60.00,10 IU,0.1 mg,"Gluten, Dairy, Eggs","Halal, Vegetarian","Enriched Flour, Sugar, Glaze, Yeast, Oil",Fried (Deep),USDA FoodData Central #18253,,,90,Y,USDA #18253
Cinnamon Roll,سنامن رول,,International,Snack/Dessert,Bakery,,1 roll / 85g,1 roll / 85g,85.00,339,5.80,48.00,14.50,3.80,0.50,1.20,22.00,Y,397.00,17.00,43.00,2.00,100.00,35 IU,0.2 mg,"Gluten, Dairy","Halal, Vegetarian","Flour, Cinnamon, Sugar, Butter, Cream Cheese Icing, Yeast",Baked,USDA FoodData Central,,,88,Y,
"Eclair, Chocolate",ایکلیئر,,International,Dessert,Pastry,,1 eclair / 90g,1 eclair / 90g,90.00,290,5.50,26.20,19.00,9.50,0.30,0.50,10.50,N,198.00,90.00,75.00,1.20,100.00,320 IU,0.5 mg,"Gluten, Dairy, Eggs","Halal, Vegetarian","Choux Pastry, Custard Cream, Chocolate Glaze",Baked,USDA FoodData Central,,,86,Y,
"Pudding, Vanilla (Cup)",ونیلا پڈنگ,,International,Dessert,Pudding,,1/2 cup / 130g,1/2 cup / 130g,130.00,155,2.70,26.00,4.50,2.10,0.00,0.00,22.00,Y,176.00,15.00,102.00,0.10,204.00,120 IU,0.5 mg,Dairy,"Halal, Vegetarian","Milk, Sugar, Cornstarch, Vanilla, Salt",Cooked,USDA FoodData Central,,,90,Y,
Jello (Gelatin Dessert),جیلو,,International,Dessert,Gelatin,,1/2 cup / 120g,1/2 cup / 120g,120.00,84,1.60,20.00,0.00,0.00,0.00,0.00,19.00,Y,55.00,0.00,1.00,0.00,1.00,0 IU,0 mg,,"Halal, Vegetarian","Gelatin (Halal), Sugar, Artificial Color/Flavor, Water",Set,,,,86,Y,Halal gelatin dessert.
"Sorbet, Lemon",لیمن سوربے,,International,Dessert,Frozen,,1/2 cup / 120g,1/2 cup / 120g,120.00,120,0.50,30.50,0.00,0.00,0.00,0.50,25.00,Y,5.00,0.00,5.00,0.10,30.00,10 IU,8 mg,,"Halal, Vegetarian, Vegan","Water, Sugar, Lemon Juice, Lemon Zest",Frozen,,,,86,Y,Dairy-free frozen dessert.
"Frozen Yogurt, Vanilla",فروزن یوگرٹ,,International,Dessert,Frozen,,1/2 cup / 113g,1/2 cup / 113g,113.00,127,4.60,22.50,2.80,1.70,0.00,0.00,19.00,Y,56.00,12.00,127.00,0.10,142.00,48 IU,0.5 mg,Dairy,"Halal, Vegetarian","Non-fat Yogurt, Sugar, Vanilla, Non-fat Milk Solids",Frozen,USDA FoodData Central #19313,,,90,Y,USDA #19313
Pakistani Desi Thali (Full),پاکستانی دیسی تھالی,,Pakistani,Lunch/Dinner,Set Meal,,1 full thali,1 full thali,550.00,780,30.00,88.00,32.00,10.00,0.40,8.50,5.50,N,980.00,75.00,120.00,5.50,580.00,500 IU,20 mg,"Gluten, Dairy",Halal,"2 Rotis, 1 Bowl Daal, 1 Bowl Sabzi, 1 Katori Rice, Salad, Raita",Mixed,,Pakistan FCT 2001,,70,Y,Estimate for a full everyday Pakistani meal.
"English Breakfast (Full, Halal)",انگلش ناشتہ,,International,Breakfast,Set Meal,,1 plate / 450g,1 plate / 450g,450.00,820,36.00,48.00,52.00,17.00,0.50,6.50,5.50,N,1480.00,480.00,180.00,5.50,680.00,600 IU,12 mg,"Gluten, Dairy, Eggs",Halal,"Eggs (x2), Halal Beef Sausages, Baked Beans, Toast, Halal Bacon, Tomatoes, Mushrooms",Mixed,USDA FoodData Central,,,80,Y,Full English breakfast halal version.
Continental Breakfast,کانٹی نینٹل ناشتہ,,International,Breakfast,Set Meal,,1 set / 250g,1 set / 250g,250.00,420,12.00,52.00,18.00,8.50,0.20,3.50,12.00,N,680.00,25.00,120.00,2.50,200.00,200 IU,4 mg,"Gluten, Dairy","Halal, Vegetarian","Bread Roll, Butter, Jam, Fruit Juice, Coffee, Boiled Egg",Mixed,,,,80,Y,
Sehri Meal (Pre-Dawn),سحری کا کھانا,,Pakistani,Breakfast,Set Meal,,1 full set / 500g,1 full set / 500g,500.00,680,28.00,82.00,24.00,8.00,0.30,8.00,5.00,N,880.00,65.00,180.00,5.00,480.00,400 IU,15 mg,"Gluten, Dairy",Halal,"Paratha, Eggs, Dahi, Achar, Dates, Water",Mixed,,Pakistan FCT 2001,,72,Y,Pre-dawn Ramadan meal estimate.
Iftar Combo (Light),افطار کا کھانا,,Pakistani,Snack/Dinner,Set Meal,,1 set / 300g,1 set / 300g,300.00,540,14.00,68.00,24.00,6.00,0.20,6.00,16.00,Y,680.00,55.00,80.00,4.00,380.00,300 IU,12 mg,"Gluten, Dairy",Halal,"Dates (3), Pakora, Samosa, Dahi Bhala, Fruit Chaat, Juice",Mixed,,Pakistan FCT 2001,,70,Y,Typical light Pakistani iftar platter.
Kids Meal (Nuggets + Fries + Juice),بچوں کا کھانا,,International,Lunch,Set Meal,,1 set / 280g,1 set / 280g,280.00,580,22.00,60.00,28.00,6.50,0.20,4.50,4.00,N,920.00,45.00,30.00,2.50,560.00,30 IU,18 mg,"Gluten, Dairy",Halal,"Chicken Nuggets, French Fries, Apple Juice",Mixed,USDA FoodData Central,,,82,Y,Fast food style kids meal.
BBQ Sauce,بی بی کیو ساس,,International,Ingredient,Condiment,,2 tbsp / 30g,2 tbsp / 30g,30.00,52,0.50,12.70,0.20,0.00,0.00,0.20,9.50,N,420.00,0.00,10.00,0.50,90.00,120 IU,0.6 mg,,"Halal, Vegetarian","Tomato Paste, Vinegar, Brown Sugar, Spices",Processed,USDA FoodData Central #11945,,,90,Y,USDA #11945. High sugar.
Ranch Dressing,رانچ ڈریسنگ,,International,Ingredient,Condiment,,2 tbsp / 30g,2 tbsp / 30g,30.00,73,0.50,2.00,7.00,1.10,0.00,0.00,1.20,N,270.00,5.00,25.00,0.10,45.00,38 IU,0.3 mg,"Dairy, Eggs","Halal, Vegetarian","Buttermilk, Sour Cream, Mayonnaise, Herbs, Garlic",Emulsified,USDA FoodData Central,,,88,Y,
Thousand Island Dressing,تھاؤزنڈ آئسلینڈ ڈریسنگ,,International,Ingredient,Condiment,,2 tbsp / 30g,2 tbsp / 30g,30.00,110,0.30,5.50,9.50,1.40,0.00,0.20,4.00,N,215.00,8.00,10.00,0.20,40.00,48 IU,0.7 mg,Eggs,"Halal, Vegetarian","Mayonnaise, Ketchup, Relish, Onion",Emulsified,USDA FoodData Central,,,88,Y,
Hummus (Plain),حمص,,International,Ingredient,Dip,,2 tbsp / 30g,2 tbsp / 30g,30.00,70,2.00,6.00,4.50,0.60,0.00,2.00,1.50,N,115.00,0.00,16.00,0.80,70.00,18 IU,1.0 mg,Sesame,"Halal, Vegetarian","Chickpeas, Tahini, Olive Oil, Lemon, Garlic",Blended,USDA FoodData Central #16158,,,92,Y,USDA #16158
Tzatziki Sauce,ٹزاٹزیکی,,International,Ingredient,Condiment,,2 tbsp / 30g,2 tbsp / 30g,30.00,18,1.20,1.50,0.80,0.50,0.00,0.20,1.20,N,60.00,2.00,38.00,0.10,45.00,10 IU,0.5 mg,Dairy,"Halal, Vegetarian","Greek Yogurt, Cucumber, Garlic, Dill, Olive Oil, Lemon",Mixed,USDA FoodData Central,,,88,Y,Greek cucumber yogurt dip.
Pesto Sauce,پیسٹو ساس,,International,Ingredient,Condiment,,2 tbsp / 28g,2 tbsp / 28g,28.00,116,2.50,1.50,11.50,1.80,0.00,0.50,0.50,N,116.00,2.00,65.00,0.80,60.00,60 IU,2 mg,"Dairy, Tree Nuts","Halal, Vegetarian","Basil, Olive Oil, Pine Nuts, Parmesan, Garlic",Blended,USDA FoodData Central,,,88,Y,
"Espresso, Single Shot",ایسپریسو,,International,Beverage,Hot Drink,,1 shot / 30g,1 shot / 30g,30.00,3,0.30,0.40,0.10,0.00,0.00,0.00,0.00,N,2.00,0.00,4.00,0.10,52.00,0 IU,0 mg,,"Halal, Vegetarian, Vegan",Finely Ground Espresso Coffee,Espresso Brewed,USDA FoodData Central #14210,,,94,Y,USDA #14210. Near zero cal.
Latte (Whole Milk),لاٹے,,International,Beverage,Hot Drink,,1 medium / 350g,1 medium / 350g,350.00,190,11.00,18.00,8.00,5.00,0.00,0.00,15.00,Y,130.00,32.00,380.00,0.10,430.00,300 IU,0 mg,Dairy,"Halal, Vegetarian","Espresso, Steamed Whole Milk",Espresso + Steamed Milk,,,,86,Y,Calculated from USDA components.
Cappuccino (Whole Milk),کیپوچینو,,International,Beverage,Hot Drink,,1 medium / 240g,1 medium / 240g,240.00,120,7.00,10.00,5.00,3.20,0.00,0.00,9.50,N,85.00,22.00,250.00,0.10,290.00,200 IU,0 mg,Dairy,"Halal, Vegetarian","Espresso, Steamed Milk, Milk Foam (equal parts)",Espresso + Foam,,,,86,Y,
Hot Chocolate (With Milk),ہاٹ چاکلیٹ,,International,Beverage,Hot Drink,,1 cup / 250g,1 cup / 250g,250.00,220,9.00,30.00,8.00,4.50,0.00,2.00,24.00,Y,165.00,18.00,280.00,1.50,410.00,120 IU,0.5 mg,Dairy,"Halal, Vegetarian","Whole Milk, Cocoa Powder, Sugar, Vanilla",Heated/Whisked,USDA FoodData Central,,,86,Y,
"Iced Tea, Sweetened",مٹھی آئسڈ ٹی,,International,Beverage,Cold Drink,,1 cup / 240g,1 cup / 240g,240.00,90,0.30,22.50,0.10,0.00,0.00,0.00,22.50,Y,10.00,0.00,5.00,0.10,90.00,0 IU,0 mg,,"Halal, Vegetarian, Vegan","Black Tea, Water, Sugar, Lemon",Brewed/Sweetened,USDA FoodData Central,,,90,Y,
"Lemonade, Homemade",لیمونیڈ,,International,Beverage,Cold Drink,,1 cup / 240g,1 cup / 240g,240.00,100,0.40,26.80,0.10,0.00,0.00,0.20,25.00,Y,8.00,0.00,5.00,0.20,65.00,3 IU,14 mg,,"Halal, Vegetarian, Vegan","Lemon Juice, Water, Sugar",Mixed,USDA FoodData Central,,,90,Y,
"Coconut Water, Pure",ناریل پانی,,International,Beverage,Cold Drink,,1 cup / 240g,1 cup / 240g,240.00,46,1.70,8.90,0.50,0.40,0.00,2.60,6.00,N,252.00,0.00,58.00,0.70,600.00,0 IU,5.8 mg,,"Halal, Vegetarian, Vegan",Pure Coconut Water (Fresh),Natural,USDA FoodData Central #12115,,,94,Y,USDA #12115. Natural electrolyte drink.
Sports Drink (Electrolyte),اسپورٹس ڈرنک,,International,Beverage,Cold Drink,,1 bottle / 500g,1 bottle / 500g,500.00,130,0.00,34.00,0.00,0.00,0.00,0.00,34.00,Y,450.00,0.00,0.00,0.00,30.00,0 IU,0 mg,,"Halal, Vegetarian, Vegan","Water, Sugar, Citric Acid, Sodium, Potassium, Artificial Color",Processed,USDA FoodData Central,,,90,Y,Generic sports drink. High sugar.
"Whole Milk Shake, Chocolate",چاکلیٹ ملک شیک,,International,Beverage,Cold Drink,,1 large / 450g,1 large / 450g,450.00,510,12.00,78.00,15.00,9.50,0.10,1.50,65.00,Y,330.00,45.00,440.00,1.50,590.00,210 IU,0.5 mg,Dairy,"Halal, Vegetarian","Whole Milk, Chocolate Ice Cream, Chocolate Syrup",Blended,USDA FoodData Central,,,86,Y,
"Apple Cider, Fresh",سیب کا رس,,International,Beverage,Cold Drink,,1 cup / 240g,1 cup / 240g,240.00,117,0.10,29.00,0.30,0.00,0.00,0.50,27.60,Y,7.00,0.00,17.00,0.50,295.00,5 IU,1.7 mg,,"Halal, Vegetarian, Vegan","Pressed Apple Juice, Unfiltered",Pressed,USDA FoodData Central #09016,,,92,Y,USDA #09016
Chargha (Whole Fried Chicken),چرغہ,,Pakistani,Lunch/Dinner,Fried Chicken,,1 serving / 250g,1 serving / 250g,250.00,620,42.00,12.00,44.00,12.00,0.50,1.50,2.50,N,780.00,145.00,45.00,3.00,420.00,0 IU,2 mg,,Halal,"Whole Chicken, Ginger-Garlic, Yogurt, Spices, Oil",Marinated + Fried,,Pakistan FCT 2001,,72,Y,Lahori crispy whole fried chicken.
Dahi Gosht,دہی گوشت,,Pakistani,Lunch/Dinner,Curry,,1 katori / 250g,1 katori / 250g,250.00,380,26.00,10.00,26.00,10.00,0.40,2.00,5.50,N,640.00,90.00,110.00,3.00,340.00,100 IU,3 mg,Dairy,Halal,"Mutton, Yogurt, Onions, Ginger, Garlic, Fried Onions, Whole Spices",Slow-Cooked,,Pakistan FCT 2001,,76,Y,Yogurt-marinated mutton curry.
Nihari Gosht (Beef Shank),نہاری گوشت,,Pakistani,Breakfast/Dinner,Stew,,1 bowl / 300g,1 bowl / 300g,300.00,520,32.00,18.00,36.00,14.00,0.60,2.50,3.50,N,780.00,110.00,80.00,4.50,380.00,80 IU,4 mg,Gluten,Halal,"Beef Shank, Bone Marrow, Wheat Flour, Nihari Spice Blend, Ginger, Fried Onions",Slow-Cooked,,Pakistan FCT 2001,,72,Y,Famous slow-cooked beef shank stew.
Mutton Achari,مٹن اچاری,,Pakistani,Lunch/Dinner,Curry,,1 katori / 250g,1 katori / 250g,250.00,400,28.00,10.00,28.00,10.00,0.40,3.00,5.50,N,740.00,95.00,50.00,3.20,370.00,100 IU,6 mg,,Halal,"Mutton, Pickle Spices, Yogurt, Tomatoes, Oil",Simmered,,Pakistan FCT 2001,,74,Y,Pickled-spice mutton curry.
Chicken Tikka Masala,چکن ٹکہ مصالحہ,,Pakistani,Lunch/Dinner,Curry,,1 katori / 250g,1 katori / 250g,250.00,380,28.00,14.00,24.00,8.50,0.20,2.50,5.50,N,720.00,80.00,60.00,2.50,380.00,400 IU,10 mg,Dairy,Halal,"Grilled Chicken Tikka, Cream Tomato Sauce, Cream, Onions, Spices",Grilled + Simmered,,Pakistan FCT 2001,,76,Y,Grilled chicken in creamy tomato masala.
Afghani Chicken Karahi,افغانی چکن کڑاہی,,Pakistani,Dinner,Curry,,1 katori / 250g,1 katori / 250g,250.00,440,30.00,8.00,32.00,12.00,0.40,2.00,3.50,N,680.00,95.00,55.00,2.20,340.00,80 IU,4 mg,Dairy,Halal,"Chicken, Cream, Ginger, Green Chilies, White Pepper, Coriander",Stir-Fried (Wok),,Pakistan FCT 2001,,74,Y,Mild cream-based karahi.
Lamb Biryani (Sindhi Style),سندھی لیمب بریانی,,Pakistani,Lunch/Dinner,Rice,,1 plate / 400g,1 plate / 400g,400.00,640,32.00,68.00,26.00,9.00,0.30,3.50,4.00,N,850.00,100.00,80.00,4.00,450.00,200 IU,6 mg,Dairy,Halal,"Basmati Rice, Lamb, Potatoes, Yogurt, Sindhi Biryani Spice, Fried Onions, Oil",Slow-Cooked (Dum),,Pakistan FCT 2001,,72,Y,Sindhi-style spicy lamb biryani.
Chicken Biryani (KPK Style),KPK چکن بریانی,,Pakistani,Lunch/Dinner,Rice,,1 plate / 400g,1 plate / 400g,400.00,580,28.00,68.00,22.00,7.00,0.20,3.00,3.50,N,780.00,85.00,70.00,3.20,400.00,100 IU,4 mg,Dairy,Halal,"Basmati Rice, Chicken, KPK Biryani Spices (Heavy Cardamom/Cinnamon), Fried Onions",Slow-Cooked (Dum),,Pakistan FCT 2001,,72,Y,Northern-style aromatic biryani.
Shami Kebab Roll,شامی کباب رول,,Pakistani,Snack/Lunch,Wrap,,1 roll / 180g,1 roll / 180g,180.00,430,18.00,42.00,22.00,6.50,0.20,3.50,4.00,N,680.00,180.00,60.00,3.00,280.00,120 IU,4 mg,"Gluten, Eggs",Halal,"Paratha, Shami Kebab, Fried Egg, Onions, Chutney",Assembled,,Pakistan FCT 2001,,76,Y,Shami kebab with fried egg in paratha.
Kunna Gosht (Clay Pot),کنّہ گوشت,,Pakistani,Dinner,Stew,,1 serving / 250g,1 serving / 250g,250.00,450,30.00,8.00,32.00,13.00,0.50,2.50,3.50,N,680.00,100.00,60.00,3.80,380.00,80 IU,4 mg,,Halal,"Mutton, Chickpea Flour, Whole Spices, Ghee, Dried Ginger",Slow-Cooked (Clay Pot),,Pakistan FCT 2001,,72,Y,Traditional Chiniot clay pot stew.
Chanay Ki Daal Fry,چنے کی دال فرائی,,Pakistani,Lunch/Dinner,Lentil,,1 katori / 250g,1 katori / 250g,250.00,270,13.00,38.00,8.00,1.50,0.00,9.50,3.50,N,580.00,0.00,55.00,3.80,410.00,150 IU,6 mg,,"Halal, Vegetarian","Split Chickpeas, Fried Onions, Tomatoes, Ginger, Garlic, Tempering",Fried/Simmered,,Pakistan FCT 2001,,78,Y,Fried split chickpea lentil.
Bhuna Gosht (Dry Mutton),بھنا گوشت,,Pakistani,Dinner,Curry,,1 katori / 200g,1 katori / 200g,200.00,400,26.00,6.00,30.00,12.00,0.50,2.00,3.00,N,680.00,90.00,40.00,3.50,350.00,60 IU,3 mg,,Halal,"Mutton, Onions, Tomatoes, Ginger, Garlic, Whole Spices, Oil",Bhuno (Stir-Fry/Dry Cook),,Pakistan FCT 2001,,74,Y,Dry-cooked spiced mutton.
Kata Kat (Lahori),کٹاکٹ لاہوری,,Pakistani,Dinner,Offal,,1 serving / 200g,1 serving / 200g,200.00,420,28.00,8.00,32.00,12.00,0.50,2.00,2.50,N,680.00,280.00,60.00,5.50,340.00,200 IU,8 mg,,Halal,"Mixed Offal (Brain, Kidneys, Liver, Heart), Spices, Tomatoes, Butter",Stir-Fried (Tawa),,Pakistan FCT 2001,,70,Y,Lahori tawa offal specialty.
Murgh Cholay,مرغ چھولے,,Pakistani,Lunch/Dinner,Curry,,1 katori / 250g,1 katori / 250g,250.00,360,24.00,30.00,16.00,4.50,0.10,8.50,4.50,N,680.00,65.00,75.00,3.50,410.00,100 IU,6 mg,,Halal,"Chicken, Chickpeas, Onions, Tomatoes, Tamarind, Whole Spices",Simmered,,Pakistan FCT 2001,,76,Y,Chicken and chickpea curry.
Rajma Chawal,راجمہ چاول,,International,Lunch/Dinner,Set Meal,,1 plate / 350g,1 plate / 350g,350.00,420,16.00,72.00,8.00,2.00,0.00,12.00,5.00,N,560.00,0.00,80.00,5.50,620.00,100 IU,8 mg,,"Halal, Vegetarian","Kidney Beans Curry, Steamed Rice, Onion, Tomato, Spices",Mixed,,India IFCT 2017,,78,Y,North Indian kidney bean rice dish.
Chole Bhature,چھولے بھٹورے,,International,Lunch,Set Meal,,1 set / 300g,1 set / 300g,300.00,560,16.00,72.00,24.00,5.50,0.10,12.00,6.00,N,720.00,0.00,100.00,5.50,480.00,100 IU,8 mg,Gluten,"Halal, Vegetarian","Chickpea Curry (Chole), Deep Fried Bread (Bhatura)",Mixed,,India IFCT 2017,,76,Y,Classic Punjabi street food combo.
Idli (x3),اڈلی,,International,Breakfast,South Indian,,3 idlis / 120g,3 idlis / 120g,120.00,135,4.20,27.60,0.40,0.10,0.00,2.50,1.80,N,318.00,0.00,15.00,0.80,180.00,0 IU,0 mg,,"Halal, Vegetarian",Fermented Rice and Black Gram Batter,Steamed,,India IFCT 2017,,84,Y,Soft steamed South Indian rice cakes.
Dosa (Plain Crispy),ڈوسا,,International,Breakfast,South Indian,,1 large / 80g,1 large / 80g,80.00,120,3.50,24.00,1.50,0.30,0.00,1.50,0.80,N,280.00,0.00,12.00,0.80,160.00,0 IU,0 mg,,"Halal, Vegetarian",Fermented Rice and Urad Dal Batter,Pan-Fried (Crispy),,India IFCT 2017,,84,Y,Thin crispy South Indian crepe.
Sambar (South Indian Dal),سمبر,,International,Starter/Condiment,South Indian,,1 cup / 200g,1 cup / 200g,200.00,110,5.00,16.00,3.00,0.50,0.00,5.00,4.00,N,580.00,0.00,40.00,2.50,280.00,400 IU,12 mg,,"Halal, Vegetarian","Split Pigeon Peas, Tamarind, Mixed Vegetables, Mustard Seeds, Curry Leaves",Simmered,,India IFCT 2017,,82,Y,South Indian tamarind lentil soup.
Pani Puri (Golgappa),پانی پوری,,International,Snack,Street Food,,6 pieces / 150g,6 pieces / 150g,150.00,180,4.00,30.00,5.00,1.00,0.00,2.50,2.00,N,680.00,0.00,30.00,1.50,180.00,40 IU,5 mg,Gluten,"Halal, Vegetarian","Semolina Puris, Chickpeas, Potatoes, Tamarind, Mint, Spiced Water",Mixed,,India IFCT 2017,,80,Y,Crispy spheres with tangy water.
Vada Pav,واڈا پاؤ,,International,Snack,Street Food,,1 piece / 150g,1 piece / 150g,150.00,290,7.00,40.00,11.00,2.00,0.00,4.00,4.50,N,620.00,0.00,45.00,2.00,300.00,80 IU,8 mg,Gluten,"Halal, Vegetarian","Spiced Potato Vada, Pav Bun, Dry Coconut Chutney, Green Chutney",Fried + Assembled,,India IFCT 2017,,82,Y,Mumbai street potato burger.
Pav Bhaji,پاؤ بھاجی,,International,Snack,Street Food,,1 serving / 250g,1 serving / 250g,250.00,380,9.00,52.00,16.00,6.50,0.10,7.00,10.00,N,780.00,20.00,65.00,3.50,480.00,800 IU,35 mg,"Gluten, Dairy","Halal, Vegetarian","Mixed Vegetable Mash, Pav Buns, Butter, Pav Bhaji Masala",Cooked/Assembled,,India IFCT 2017,,82,Y,Mumbai spiced vegetable mash with buttered buns.
Bhel Puri,بھیل پوری,,International,Snack,Street Food,,1 bowl / 150g,1 bowl / 150g,150.00,200,5.00,32.00,6.00,1.00,0.00,3.50,5.50,N,480.00,0.00,30.00,2.00,250.00,120 IU,5 mg,Gluten,"Halal, Vegetarian","Puffed Rice, Sev, Onions, Tomatoes, Tamarind, Coriander, Chaat Masala",Mixed,,India IFCT 2017,,80,Y,Mumbai tangy puffed rice snack.
Dal Tadka (Restaurant Style),دال تڑکہ (ریستوران),,International,Lunch/Dinner,Lentil,,1 katori / 250g,1 katori / 250g,250.00,240,12.00,34.00,8.00,2.00,0.00,8.00,3.50,N,580.00,0.00,55.00,3.50,380.00,120 IU,6 mg,,"Halal, Vegetarian","Yellow Lentils, Tomatoes, Onions, Fried Garlic Tempering, Cumin, Butter",Simmered,,India IFCT 2017,,80,Y,
Chicken Tikka (Restaurant),چکن ٹکہ (ریستوران),,International,Dinner,BBQ,,6 pieces / 200g,6 pieces / 200g,200.00,380,34.00,6.00,24.00,7.00,0.20,1.50,3.00,N,680.00,100.00,50.00,2.50,400.00,120 IU,4 mg,Dairy,Halal,"Chicken Cubes, Yogurt, Tandoori Masala, Oil",Grilled (Tandoor),,India IFCT 2017,,82,Y,Classic restaurant tandoori chicken cubes.
Palak Paneer,پالک پنیر,,International,Lunch/Dinner,Curry,,1 katori / 250g,1 katori / 250g,250.00,300,14.00,14.00,22.00,11.00,0.20,5.50,4.50,N,640.00,50.00,380.00,3.80,410.00,6000 IU,18 mg,Dairy,"Halal, Vegetarian","Spinach Puree, Paneer, Cream, Onions, Ginger, Garlic, Spices",Simmered,,India IFCT 2017,,82,Y,Spinach and cottage cheese curry.
Lamb Shawarma (Wrap),لیمب شاورما (ریپ),,International,Lunch/Dinner,Wrap,,1 wrap / 280g,1 wrap / 280g,280.00,520,26.00,48.00,24.00,8.00,0.20,4.50,5.00,N,920.00,70.00,80.00,3.50,360.00,200 IU,6 mg,"Gluten, Dairy, Sesame",Halal,"Flatbread, Marinated Lamb Slices, Garlic Sauce, Pickles, Vegetables",Assembled,,,,78,Y,Lamb doner wrap.
Mezze Platter (Mixed),میزہ پلیٹر,,International,Starter,Set Meal,,1 platter / 300g,1 platter / 300g,300.00,520,15.00,52.00,28.00,5.50,0.00,10.00,6.00,N,820.00,0.00,130.00,4.50,480.00,200 IU,15 mg,"Gluten, Sesame","Halal, Vegetarian","Hummus, Baba Ghanoush, Tabouleh, Pita, Falafel, Pickles",Assembled,,,,80,Y,Middle Eastern mezze spread.
Mansaf (Jordan Rice Dish),مَنسف,,International,Lunch/Dinner,Rice,,1 plate / 400g,1 plate / 400g,400.00,680,32.00,68.00,30.00,12.00,0.50,4.00,4.50,N,780.00,95.00,160.00,4.00,460.00,200 IU,4 mg,Dairy,Halal,"Basmati Rice, Stewed Lamb, Jameed (Fermented Yogurt Sauce), Almonds, Pine Nuts",Slow-Cooked,,,,76,Y,Jordanian national lamb rice dish.
Tabbouleh (Lebanese),تبولہ (لبنانی),,International,Salad,Middle Eastern,,1 cup / 160g,1 cup / 160g,160.00,140,4.00,20.00,6.00,0.80,0.00,4.50,3.00,N,280.00,0.00,55.00,2.50,390.00,2500 IU,30 mg,Gluten,"Halal, Vegetarian","Bulgur Wheat, Fresh Parsley, Mint, Tomatoes, Lemon, Olive Oil",Mixed,,,,82,Y,
Mujaddara,مجدّرہ,,International,Lunch/Dinner,Rice/Lentil,,1 plate / 300g,1 plate / 300g,300.00,380,14.00,62.00,9.00,1.50,0.00,12.00,4.00,N,480.00,0.00,50.00,5.50,540.00,0 IU,4 mg,,"Halal, Vegetarian","Brown Lentils, Rice, Caramelized Onions, Olive Oil, Cumin",Slow-Cooked,,,,82,Y,Lebanese lentils and rice.
Maqluba (Chicken),مقلوبہ (چکن),,International,Lunch/Dinner,Rice,,1 plate / 350g,1 plate / 350g,350.00,500,22.00,60.00,18.00,5.50,0.20,4.50,4.00,N,660.00,65.00,50.00,2.80,380.00,400 IU,10 mg,,Halal,"Rice, Chicken, Cauliflower, Eggplant, Tomatoes, Turmeric, Allspice",Layered/Inverted,,,,78,Y,Palestinian upside-down rice dish.
Lentil Kibbeh (Vegan),عدس کبّہ (ویگن),,International,Lunch/Dinner,Vegetarian,,2 pieces / 120g,2 pieces / 120g,120.00,250,9.00,34.00,9.00,1.50,0.00,5.50,2.00,N,380.00,0.00,20.00,3.50,280.00,200 IU,4 mg,Gluten,"Halal, Vegetarian, Vegan","Red Lentils, Bulgur, Tomatoes, Herbs, Olive Oil, Cumin",Baked/Raw,,,,80,Y,Vegan red lentil and bulgur
Muhammara (Roasted Pepper Dip),محمرہ,,International,Starter,Middle Eastern,,3 tbsp / 45g,3 tbsp / 45g,45.00,115,2.50,6.50,9.50,1.20,0.00,1.50,3.00,N,180.00,0.00,15.00,0.80,90.00,600 IU,8 mg,Tree Nuts,"Halal, Vegetarian","Roasted Red Peppers, Walnuts, Pomegranate Molasses, Cumin, Olive Oil",Blended,,,,82,Y,Syrian roasted pepper-walnut dip.
Beef Bulgogi,بیف بلگوگی,,International,Lunch/Dinner,Korean,,1 serving / 200g,1 serving / 200g,200.00,340,24.00,18.00,18.00,6.00,0.20,1.50,12.00,N,780.00,70.00,30.00,2.50,360.00,80 IU,4 mg,"Soy, Sesame, Gluten",Halal,"Thinly Sliced Beef, Korean Pear, Soy Sauce, Sesame Oil, Sugar, Garlic, Ginger",Grilled/Pan-Cooked,,,,78,Y,Korean sweet soy marinated beef.
"Ramen (Chicken, Halal)",ریمن,,International,Lunch/Dinner,Japanese,,1 bowl / 450g,1 bowl / 450g,450.00,520,22.00,64.00,18.00,5.00,0.10,3.50,5.00,N,1480.00,55.00,50.00,3.50,280.00,200 IU,5 mg,"Gluten, Eggs, Soy",Halal,"Ramen Noodles, Chicken Broth, Egg, Chicken, Nori, Corn, Spring Onion, Soy",Simmered,,,,78,Y,Halal chicken ramen.
"Dim Sum (Pork-Free, Mixed)",ڈم سم,,International,Lunch,Chinese,,4 pieces / 100g,4 pieces / 100g,100.00,220,9.00,22.00,11.00,3.00,0.10,2.00,2.50,N,580.00,30.00,20.00,1.50,130.00,40 IU,2 mg,"Gluten, Soy",Halal,"Steamed/Fried Dumplings (Chicken, Shrimp, Vegetable)",Steamed/Fried,,,,78,Y,Halal dim sum selection.
General Tso's Chicken (Halal),جنرل ٹسو چکن,,International,Lunch/Dinner,Chinese,,1 serving / 250g,1 serving / 250g,250.00,480,24.00,52.00,20.00,4.00,0.10,2.50,18.00,Y,880.00,55.00,40.00,2.00,320.00,200 IU,6 mg,"Gluten, Soy",Halal,"Fried Chicken, Sweet-Spicy Sauce, Soy Sauce, Ginger, Garlic, Dried Chilies",Fried + Sauced,,,,78,Y,American-Chinese sweet chili chicken.
Mapo Tofu (Halal),ماپو ٹوفو,,International,Lunch/Dinner,Chinese,,1 serving / 250g,1 serving / 250g,250.00,290,16.00,14.00,18.00,5.00,0.10,3.00,4.50,N,880.00,25.00,200.00,2.50,280.00,200 IU,5 mg,Soy,Halal,"Silken Tofu, Halal Ground Beef, Doubanjiang, Sichuan Pepper, Garlic, Ginger",Stir-Fried,,,,78,Y,Sichuan spicy tofu dish.
Laksa (Coconut Noodle Soup),لکسا,,International,Lunch/Dinner,Southeast Asian,,1 bowl / 400g,1 bowl / 400g,400.00,480,22.00,58.00,18.00,10.00,0.10,3.50,6.00,N,880.00,50.00,60.00,3.50,340.00,200 IU,8 mg,"Gluten, Shellfish, Tree Nuts",Halal,"Rice Noodles, Coconut Milk, Chicken/Shrimp, Bean Sprouts, Tofu",Simmered,,,,76,Y,Malaysian spiced coconut noodle soup.
Satay Chicken (with Peanut Sauce),ساٹے چکن,,International,Starter/Snack,Southeast Asian,,3 skewers / 120g,3 skewers / 120g,120.00,280,20.00,12.00,16.00,5.00,0.10,2.00,8.50,N,480.00,55.00,25.00,1.50,260.00,60 IU,3 mg,"Peanuts, Soy",Halal,"Chicken Skewers, Lemongrass, Turmeric, Peanut Sauce, Kecap Manis",Grilled,,,,80,Y,Indonesian/Malaysian chicken skewers.
"Pho Bo (Beef Noodle Soup, Halal)",فو بو,,International,Lunch/Dinner,Vietnamese,,1 bowl / 450g,1 bowl / 450g,450.00,380,22.00,52.00,8.00,2.50,0.00,2.50,3.50,N,880.00,45.00,35.00,3.00,380.00,100 IU,10 mg,Gluten,Halal,"Rice Noodles, Beef Broth, Sliced Beef, Bean Sprouts, Basil, Lime, Chilies",Slow-Boiled,,,,78,Y,Vietnamese beef pho noodle soup.
"Banh Mi (Chicken, Halal)",بانھ می,,International,Lunch,Vietnamese,,1 sandwich / 220g,1 sandwich / 220g,220.00,420,20.00,52.00,14.00,3.50,0.10,3.50,4.50,N,820.00,45.00,40.00,2.50,260.00,200 IU,8 mg,Gluten,Halal,"Baguette, Grilled Chicken, Pickled Carrots, Daikon, Jalapeños, Cilantro, Mayo",Assembled,,,,78,Y,Vietnamese chicken bánh mì sandwich.
Som Tum (Green Papaya Salad),سوم تم,,International,Lunch/Dinner,Thai,,1 plate / 200g,1 plate / 200g,200.00,130,4.00,18.00,5.00,0.80,0.00,3.50,10.00,N,520.00,30.00,50.00,1.50,340.00,800 IU,35 mg,Peanuts,"Halal, Vegetarian","Green Papaya, Lime, Fish Sauce, Palm Sugar, Chili, Peanuts",Raw/Mixed,,,,80,Y,Thai green papaya salad.
Beef Stew,بیف اسٹیو,,International,Dinner,Stew,,1 bowl / 300g,1 bowl / 300g,300.00,380,24.00,28.00,18.00,6.00,0.20,4.50,6.00,N,780.00,70.00,50.00,3.50,580.00,3000 IU,15 mg,Gluten,Halal,"Beef Chuck, Potatoes, Carrots, Onions, Celery, Beef Broth, Flour",Slow-Cooked,,,,82,Y,Classic hearty beef vegetable stew.
Chicken Stew,چکن اسٹیو,,International,Dinner,Stew,,1 bowl / 300g,1 bowl / 300g,300.00,310,22.00,24.00,14.00,4.00,0.10,4.00,5.50,N,680.00,60.00,45.00,2.50,520.00,2000 IU,12 mg,"Dairy, Gluten",Halal,"Chicken Thighs, Potatoes, Carrots, Peas, Cream, Herbs",Slow-Cooked,,,,82,Y,
Meatloaf (Beef),میٹ لوف,,International,Dinner,Baked,,1 slice / 130g,1 slice / 130g,130.00,290,18.00,14.00,18.00,7.00,0.30,1.50,6.00,N,480.00,75.00,30.00,2.50,320.00,80 IU,2 mg,"Gluten, Eggs",Halal,"Ground Beef, Egg, Breadcrumbs, Onion, Ketchup Glaze, Worcestershire",Baked,USDA FoodData Central,,,84,Y,
Quiche Lorraine (Halal),کیش لورین,,International,Lunch,French,,1 slice / 120g,1 slice / 120g,120.00,310,11.00,18.00,22.00,10.00,0.30,0.80,3.50,N,540.00,165.00,135.00,1.50,160.00,480 IU,0.5 mg,"Gluten, Dairy, Eggs","Halal, Vegetarian","Shortcrust Pastry, Eggs, Cream, Gruyere, Halal Bacon/Ham",Baked,,,,82,Y,French egg-cream tart.
Beef Wellington (Mini),بیف ویلنگٹن,,International,Dinner,Pastry,,1 serving / 200g,1 serving / 200g,200.00,520,28.00,32.00,30.00,13.00,0.50,2.50,3.00,N,680.00,90.00,30.00,4.50,380.00,100 IU,2 mg,"Gluten, Dairy",Halal,"Beef Tenderloin, Mushroom Duxelles, Puff Pastry, Mustard",Baked,,,,80,Y,
Spaghetti Bolognese,اسپیگیٹی بولونیز,,International,Lunch/Dinner,Pasta,,1 plate / 350g,1 plate / 350g,350.00,520,26.00,60.00,18.00,6.50,0.20,4.50,8.00,N,580.00,60.00,60.00,4.00,480.00,500 IU,12 mg,Gluten,Halal,"Spaghetti, Ground Beef, Tomato Sauce, Onion, Carrots, Celery, Herbs",Simmered,USDA FoodData Central,,,84,Y,Classic Italian meat sauce pasta.
Fettuccine Alfredo,فیٹوچینے الفریڈو,,International,Lunch/Dinner,Pasta,,1 plate / 300g,1 plate / 300g,300.00,580,18.00,58.00,32.00,18.00,0.20,3.00,4.00,N,480.00,95.00,250.00,2.00,240.00,600 IU,0.5 mg,"Gluten, Dairy","Halal, Vegetarian","Fettuccine, Heavy Cream, Parmesan, Butter, Garlic",Simmered,USDA FoodData Central,,,82,Y,Rich cream parmesan pasta.
Penne Arrabbiata,پینے آرابیاٹا,,International,Lunch/Dinner,Pasta,,1 plate / 300g,1 plate / 300g,300.00,380,12.00,62.00,10.00,2.00,0.00,5.50,7.00,N,680.00,0.00,35.00,3.50,480.00,600 IU,15 mg,Gluten,"Halal, Vegetarian","Penne, Tomatoes, Garlic, Red Chili, Olive Oil, Basil",Simmered,USDA FoodData Central,,,84,Y,Spicy tomato pasta.
Lamb Chops (Grilled),لیمب چاپس (گرل),,International,Dinner,BBQ/Grill,,3 chops / 210g,3 chops / 210g,210.00,480,32.00,0.00,38.00,16.00,0.50,0.00,0.00,N,480.00,120.00,25.00,2.50,440.00,0 IU,0 mg,,Halal,"Lamb Rib Chops, Garlic, Rosemary, Olive Oil, Salt",Grilled,USDA FoodData Central,,,88,Y,
Roast Chicken (Whole),بھنا مرغ,,International,Dinner,Roasted,,1 serving / 200g,1 serving / 200g,200.00,380,34.00,0.00,26.00,7.00,0.20,0.00,0.00,N,380.00,110.00,25.00,2.00,340.00,0 IU,0 mg,,Halal,"Whole Chicken, Herbs, Garlic, Olive Oil, Lemon, Salt",Roasted,USDA FoodData Central,,,88,Y,
Duck Confit,ڈک کنفی,,International,Dinner,French,,1 leg / 180g,1 leg / 180g,180.00,480,28.00,0.00,40.00,13.00,0.20,0.00,0.00,N,880.00,110.00,20.00,3.00,320.00,0 IU,0 mg,,Halal,"Duck Leg, Duck Fat, Garlic, Thyme, Bay Leaves",Slow-Cooked in Fat,,,,82,Y,French slow-cooked duck leg.
Acai Bowl,اکائی بول,,International,Breakfast,Superfood,,1 bowl / 250g,1 bowl / 250g,250.00,310,5.00,52.00,10.00,2.00,0.00,7.00,30.00,Y,75.00,0.00,75.00,2.00,380.00,600 IU,30 mg,Tree Nuts,"Halal, Vegetarian, Vegan","Frozen Acai Blend, Banana, Granola, Coconut Flakes, Berries",Blended/Assembled,,,,82,Y,
Kale Salad (with Lemon Dressing),کیل سلاد,,International,Lunch,Salad,,1 bowl / 200g,1 bowl / 200g,200.00,210,6.00,22.00,12.00,1.80,0.00,4.50,3.50,N,380.00,0.00,150.00,2.50,420.00,14000 IU,80 mg,,"Halal, Vegetarian, Vegan","Kale, Lemon Juice, Olive Oil, Parmesan, Pine Nuts, Chickpeas",Massaged/Assembled,,,,84,Y,
Lentil Salad,عدس سلاد,,International,Lunch,Salad,,1 bowl / 250g,1 bowl / 250g,250.00,290,16.00,38.00,8.00,1.20,0.00,12.00,4.00,N,380.00,0.00,50.00,5.50,480.00,300 IU,8 mg,,"Halal, Vegetarian, Vegan","Green Lentils, Red Onion, Feta Cheese, Herbs, Lemon, Olive Oil",Mixed,,,,84,Y,High protein salad.
Caprese Salad,کاپریزی سلاد,,International,Lunch/Starter,Italian,,1 plate / 200g,1 plate / 200g,200.00,250,12.00,8.00,18.00,8.50,0.00,1.00,5.50,N,380.00,30.00,280.00,0.80,240.00,600 IU,10 mg,Dairy,"Halal, Vegetarian","Fresh Mozzarella, Tomatoes, Basil, Olive Oil, Balsamic Glaze",Assembled,,,,86,Y,
Egg Salad,انڈے کا سلاد,,International,Lunch,Salad,,1 cup / 200g,1 cup / 200g,200.00,360,12.00,4.00,32.00,6.50,0.00,1.00,2.00,N,520.00,380.00,60.00,1.80,170.00,480 IU,0.5 mg,Eggs,"Halal, Vegetarian","Boiled Eggs, Mayonnaise, Celery, Mustard, Salt, Pepper",Mixed,USDA FoodData Central,,,88,Y,
Tuna Salad,ٹونا سلاد,,International,Lunch,Salad,,1 cup / 200g,1 cup / 200g,200.00,290,20.00,8.00,20.00,3.50,0.00,1.50,3.00,N,680.00,32.00,40.00,1.50,280.00,50 IU,3 mg,,Halal,"Canned Tuna, Mayo, Celery, Onion, Lemon, Salt, Pepper",Mixed,USDA FoodData Central,,,90,Y,
Chicken Salad,چکن سلاد,,International,Lunch,Salad,,1 cup / 200g,1 cup / 200g,200.00,310,22.00,6.00,22.00,4.00,0.00,1.50,4.00,N,580.00,65.00,30.00,1.50,280.00,80 IU,3 mg,Eggs,Halal,"Grilled Chicken, Mayo, Celery, Onion, Grapes, Tarragon",Mixed,USDA FoodData Central,,,88,Y,
Nicoise Salad (Halal),نیکواز سلاد,,International,Lunch,Salad,,1 plate / 300g,1 plate / 300g,300.00,380,22.00,18.00,24.00,4.50,0.00,5.50,5.00,N,680.00,215.00,70.00,3.50,540.00,1500 IU,25 mg,Eggs,Halal,"Tuna, Hard Boiled Eggs, Green Beans, Olives, Tomatoes, Potatoes, Dressing",Assembled,,,,84,Y,French composed salad.
"Oatmeal, Instant (Plain, Prepared)",فوری دلیہ,,International,Breakfast,Cereal,,1 packet / 186g,1 packet / 186g,186.00,158,6.50,27.30,3.10,0.50,0.00,4.00,1.30,N,115.00,0.00,19.00,2.10,143.00,0 IU,0 mg,Gluten,"Halal, Vegetarian","Instant Rolled Oats, Water, Salt",Microwaved/Boiled,USDA FoodData Central #08086,,,90,Y,USDA #08086
"Barley, Cooked (Pearl)",جو (پکا),,International,Ingredient,Grains,,1 cup / 157g,1 cup / 157g,157.00,193,3.50,44.30,0.70,0.10,0.00,6.00,0.40,N,5.00,0.00,17.00,2.10,146.00,0 IU,0 mg,Gluten,"Halal, Vegetarian, Vegan","Pearl Barley, Water",Boiled,USDA FoodData Central #20006,,,92,Y,USDA #20006. Good source of beta-glucan.
"Buckwheat, Cooked",بک وھیٹ (پکا),,International,Ingredient,Grains,,1 cup / 168g,1 cup / 168g,168.00,155,5.70,33.50,1.00,0.20,0.00,4.50,0.60,N,8.00,0.00,12.00,1.30,148.00,0 IU,0 mg,,"Halal, Vegetarian, Vegan","Buckwheat Groats, Water",Boiled,USDA FoodData Central #20010,,,92,Y,USDA #20010. Gluten-free whole grain.
"Millet, Cooked (Bajra)",باجرا (پکا),,International,Ingredient,Grains,,1 cup / 174g,1 cup / 174g,174.00,207,6.10,41.20,1.70,0.30,0.00,2.30,0.50,N,3.00,0.00,5.00,1.50,108.00,0 IU,0 mg,,"Halal, Vegetarian, Vegan","Millet Grain, Water",Boiled,USDA FoodData Central #20031,,,90,Y,USDA data. Gluten-free grain.
"Sorghum, Cooked (Jowar)",جوار (پکا),,Pakistani,Ingredient,Grains,,1 cup / 192g,1 cup / 192g,192.00,218,7.20,45.40,2.10,0.30,0.00,6.20,1.30,N,12.00,0.00,14.00,3.70,305.00,0 IU,0 mg,,"Halal, Vegetarian, Vegan","Sorghum Grain, Water",Boiled,USDA FoodData Central #20068,Pakistan FCT 2001,,88,Y,USDA #20068. Traditional grain crop.
"Breadcrumbs, Dry",بریڈ کرمبز,,International,Ingredient,Flour/Bakery,,1/4 cup / 30g,1/4 cup / 30g,30.00,108,3.30,19.80,1.40,0.30,0.00,0.80,1.80,N,198.00,0.00,18.00,1.30,38.00,0 IU,0 mg,Gluten,"Halal, Vegetarian","Dried Bread, Salt",Dried,USDA FoodData Central #18079,,,90,Y,USDA #18079
"Coconut Milk (Canned, Full Fat)",ناریل کا دودھ,,International,Ingredient,Liquid,,1/4 cup / 60g,1/4 cup / 60g,60.00,138,1.40,3.30,14.40,12.80,0.00,0.80,2.30,N,9.00,0.00,9.00,1.80,118.00,0 IU,0.7 mg,Tree Nuts,"Halal, Vegetarian, Vegan","Coconut Cream, Water",Processed,USDA FoodData Central #12118,,,92,Y,USDA #12118. High saturated fat.
"Soy Milk, Unsweetened",سویا دودھ (بغیر چینی),,International,Ingredient,Dairy Alternative,,1 cup / 244g,1 cup / 244g,244.00,80,7.00,4.00,4.00,0.50,0.00,1.00,1.00,N,90.00,0.00,300.00,1.00,280.00,500 IU,0 mg,Soy,"Halal, Vegetarian, Vegan","Soybeans, Water, Vitamins D/B12",Processed,USDA FoodData Central #16222,,,90,Y,USDA #16222. Often fortified.
"Almond Milk, Unsweetened",بادام کا دودھ,,International,Ingredient,Dairy Alternative,,1 cup / 240g,1 cup / 240g,240.00,36,1.50,1.50,2.50,0.20,0.00,0.50,0.50,N,186.00,0.00,480.00,0.70,160.00,0 IU,0 mg,Tree Nuts,"Halal, Vegetarian, Vegan","Almonds, Water, Calcium Carbonate",Processed,USDA FoodData Central,,,90,Y,Fortified plant milk.
"Oat Milk, Unsweetened",اوٹ دودھ,,International,Ingredient,Dairy Alternative,,1 cup / 240g,1 cup / 240g,240.00,120,3.00,16.00,5.00,0.50,0.00,1.50,7.00,N,125.00,0.00,350.00,1.80,390.00,500 IU,0 mg,Gluten,"Halal, Vegetarian, Vegan","Oats, Water, Rapeseed Oil, Vitamins",Processed,,,,88,Y,
Tahini (Sesame Paste),طحینہ,,International,Ingredient,Nut/Seed Paste,,1 tbsp / 15g,1 tbsp / 15g,15.00,89,2.60,3.20,8.00,1.10,0.00,1.40,0.20,N,17.00,0.00,64.00,0.90,62.00,6 IU,0 mg,Sesame,"Halal, Vegetarian, Vegan",Ground Sesame Seeds,Processed,USDA FoodData Central #12166,,,92,Y,USDA #12166
Marmite (Yeast Extract),مارمائٹ,,International,Ingredient,Spread/Condiment,,1 tsp / 5g,1 tsp / 5g,5.00,9,1.60,0.90,0.10,0.00,0.00,0.20,0.10,N,167.00,0.00,12.00,0.70,75.00,0 IU,0 mg,Gluten,"Halal, Vegetarian","Yeast Extract, Salt, Niacin, B Vitamins",Concentrated,,,,90,Y,Very high B vitamins.
"Protein Powder (Whey, Vanilla)",وھے پروٹین پاؤڈر,,International,Ingredient,Supplement,,1 scoop / 30g,1 scoop / 30g,30.00,120,24.00,4.00,1.50,1.00,0.00,0.00,2.00,N,100.00,40.00,130.00,0.50,180.00,0 IU,0 mg,Dairy,"Halal, Vegetarian","Whey Protein Concentrate, Vanilla Flavor, Sweetener",Processed,,,,86,Y,Generic whey protein estimate.
Creatine Monohydrate,کریٹائن,,International,Ingredient,Supplement,,1 tsp / 5g,1 tsp / 5g,5.00,0,0.00,0.00,0.00,0.00,0.00,0.00,0.00,N,0.00,0.00,0.00,0.00,0.00,0 IU,0 mg,,"Halal, Vegetarian",Creatine Monohydrate,Processed,,,,90,Y,Near zero kcal. Performance supplement.
BCAA Powder,بی سی اے اے پاؤڈر,,International,Ingredient,Supplement,,1 serving / 10g,1 serving / 10g,10.00,40,10.00,0.00,0.00,0.00,0.00,0.00,0.00,N,0.00,0.00,0.00,0.00,0.00,0 IU,0 mg,,"Halal, Vegetarian","Leucine, Isoleucine, Valine (Branched Chain Amino Acids)",Processed,,,,88,Y,Amino acid supplement.
Peshwari Chapli Kebab,پشاوری چپلی کباب,,Pakistani,Lunch/Dinner,BBQ,,2 pieces / 200g,2 pieces / 200g,200.00,580,28.00,18.00,44.00,18.00,0.60,3.00,4.00,N,820.00,120.00,50.00,4.50,380.00,80 IU,8 mg,"Gluten, Eggs",Halal,"Beef Mince, Animal Fat, Tomatoes, Eggs, Coriander Seeds, Cumin, Flour",Shallow Fried,,Pakistan FCT 2001,,72,Y,Fatty rich Peshawari style.
Kadhi Pakora,کڑھی پکوڑہ,,Pakistani,Lunch/Dinner,Curry,,1 bowl / 300g,1 bowl / 300g,300.00,340,10.00,40.00,16.00,6.00,0.10,4.50,8.00,N,640.00,25.00,220.00,2.50,320.00,200 IU,3 mg,"Gluten, Dairy","Halal, Vegetarian","Yogurt Gravy, Gram Flour, Fried Pakoras, Curry Leaves, Tempering",Simmered,,Pakistan FCT 2001,,76,Y,Sour yogurt curry with gram flour fritters.
Dhaba Dal (Mixed),دھابہ دال,,Pakistani,Lunch/Dinner,Lentil,,1 bowl / 300g,1 bowl / 300g,300.00,280,14.00,40.00,8.00,2.00,0.00,10.00,4.00,N,480.00,0.00,55.00,4.50,420.00,100 IU,6 mg,,"Halal, Vegetarian","Mixed Lentils (Masoor, Moong, Chana), Tomatoes, Onions, Tadka",Simmered,,Pakistan FCT 2001,,76,Y,Mixed lentil roadside dal.
Malai Chicken Tikka,ملائی چکن ٹکہ,,Pakistani,Dinner,BBQ,,4 pieces / 180g,4 pieces / 180g,180.00,400,30.00,6.00,28.00,12.00,0.30,1.00,3.50,N,580.00,100.00,60.00,1.80,320.00,200 IU,2 mg,Dairy,Halal,"Chicken, Fresh Cream, Cardamom, Cheese, White Pepper, Ginger Paste",Grilled (Tandoor),,Pakistan FCT 2001,,76,Y,Creamy white tikka.
Lahori Fish Fry,لاہوری فش فرائی,,Pakistani,Lunch/Dinner,Seafood,,1 serving / 200g,1 serving / 200g,200.00,380,28.00,14.00,24.00,4.50,0.10,2.00,2.50,N,680.00,80.00,55.00,2.50,340.00,80 IU,4 mg,Gluten,Halal,"Fresh River Fish, Lahori Spices, Ajwain, Gram Flour, Oil",Fried (Deep),,Pakistan FCT 2001,,74,Y,Famous spicy Lahori fried fish.
Chicken Qeema Matar,چکن قیمہ مٹر,,Pakistani,Lunch/Dinner,Curry,,1 katori / 250g,1 katori / 250g,250.00,340,24.00,20.00,18.00,5.50,0.10,4.50,4.00,N,620.00,72.00,45.00,2.50,360.00,350 IU,18 mg,,Halal,"Chicken Mince, Green Peas, Onions, Tomatoes, Spices, Oil",Sautéed,,Pakistan FCT 2001,,76,Y,Chicken mince with peas.
Beef Nihari Naan (Set),نہاری نان سیٹ,,Pakistani,Breakfast,Set Meal,,1 set,1 set,350.00,680,36.00,62.00,32.00,12.00,0.50,3.50,4.00,N,980.00,115.00,95.00,5.00,480.00,80 IU,4 mg,Gluten,Halal,"Beef Nihari Gravy, Naan, Ginger, Coriander, Lemon",Mixed,,Pakistan FCT 2001,,70,Y,Classic Nihari and naan breakfast.
Aloo Gosht (Classic),آلو گوشت (کلاسک),,Pakistani,Lunch/Dinner,Curry,,1 katori / 250g,1 katori / 250g,250.00,370,24.00,22.00,22.00,8.00,0.30,3.50,4.50,N,640.00,80.00,45.00,3.00,420.00,120 IU,12 mg,,Halal,"Mutton, Potatoes, Onions, Tomatoes, Whole Spices, Oil",Slow-Cooked,,Pakistan FCT 2001,,78,Y,Classic potato and mutton curry.
Chicken Saag,چکن ساگ,,Pakistani,Lunch/Dinner,Curry,,1 katori / 250g,1 katori / 250g,250.00,350,28.00,12.00,22.00,7.00,0.20,4.50,3.50,N,680.00,85.00,120.00,3.80,460.00,5000 IU,18 mg,Dairy,Halal,"Chicken, Spinach, Cream, Onions, Ginger, Garlic, Spices",Simmered,,Pakistan FCT 2001,,76,Y,Chicken in spinach gravy.
Daal Mash (White Lentil),دال ماش,,Pakistani,Lunch/Dinner,Lentil,,1 katori / 250g,1 katori / 250g,250.00,240,14.00,36.00,6.00,1.00,0.00,8.00,2.50,N,420.00,0.00,55.00,3.50,390.00,60 IU,3 mg,,"Halal, Vegetarian","Split Black Gram (Urad), Onions, Garlic, Ginger, Tomatoes, Oil",Simmered,,Pakistan FCT 2001,,78,Y,Mild creamy white lentil.
Bihari Kebab (Marinated Beef),بہاری کباب,,Pakistani,Dinner,BBQ,,4 pieces / 160g,4 pieces / 160g,160.00,360,28.00,6.00,24.00,9.00,0.40,1.50,2.00,N,580.00,90.00,30.00,3.20,300.00,40 IU,2 mg,,Halal,"Beef, Papaya (tenderizer), Raw Onion, Bihari Masala, Mustard Oil",Grilled/Tawa,,Pakistan FCT 2001,,74,Y,Tender marinated beef skewers.
Kaleji Masala (Liver Curry),کلیجی مصالحہ,,Pakistani,Lunch/Dinner,Offal,,1 katori / 200g,1 katori / 200g,200.00,320,26.00,8.00,20.00,7.00,0.30,2.00,3.50,N,580.00,420.00,25.00,7.50,360.00,8000 IU,12 mg,,Halal,"Beef/Mutton Liver, Onions, Tomatoes, Ginger, Garlic, Spices, Oil",Stir-Fried,,Pakistan FCT 2001,,74,Y,High iron and Vit A organ meat dish.
Chicken Masala (Dry),چکن مصالحہ (خشک),,Pakistani,Lunch/Dinner,Curry,,1 katori / 200g,1 katori / 200g,200.00,340,28.00,6.00,22.00,6.00,0.20,2.00,3.50,N,640.00,85.00,35.00,2.20,320.00,80 IU,4 mg,,Halal,"Chicken, Dry Roasted Whole Spices, Tomatoes, Onions, Oil",Bhuno (Dry),,Pakistan FCT 2001,,78,Y,Dry roasted spice chicken.
Balochi Lamb Pulao,بلوچی لیمب پلاؤ,,Pakistani,Lunch/Dinner,Rice,,1 plate / 400g,1 plate / 400g,400.00,620,28.00,68.00,28.00,10.00,0.40,3.50,3.00,N,780.00,90.00,60.00,4.00,420.00,60 IU,3 mg,,Halal,"Rice, Lamb, Onions, Whole Spices, Stock, Oil",Slow-Cooked,,Pakistan FCT 2001,,72,Y,Balochistan-style simple lamb pilaf.
"Tawa Roti (Tandoor, Butter)",توا روٹی (مکھن),,Pakistani,Staple,Bread,,1 roti / 80g,1 roti / 80g,80.00,200,6.00,38.00,4.00,2.00,0.10,3.50,1.50,N,280.00,8.00,30.00,2.00,120.00,80 IU,0 mg,"Gluten, Dairy","Halal, Vegetarian","Whole Wheat Flour, Water, Salt, Butter Topping",Baked (Tawa),,Pakistan FCT 2001,,80,Y,
Phulka (Small Thin Roti),پھلکا,,Pakistani,Staple,Bread,,2 pieces / 60g,2 pieces / 60g,60.00,145,4.50,28.50,1.80,0.30,0.00,3.50,0.80,N,120.00,0.00,18.00,1.50,90.00,0 IU,0 mg,Gluten,"Halal, Vegetarian","Whole Wheat Flour, Water, Salt",Baked (Tawa + Direct Flame),,Pakistan FCT 2001,,82,Y,Very thin puffed rotis.
Siri (Goat Head Curry),سری (گوشت کا سر),,Pakistani,Breakfast,Offal,,1 bowl / 250g,1 bowl / 250g,250.00,320,26.00,8.00,20.00,8.00,0.40,1.50,2.50,N,620.00,140.00,50.00,3.50,280.00,80 IU,4 mg,,Halal,"Goat Head Meat, Onions, Whole Spices, Ginger, Garlic",Slow-Cooked,,Pakistan FCT 2001,,70,Y,Traditional morning offal curry.
Sag Makki (Corn Roti+Mustard Greens),ساگ مکی,,Pakistani,Lunch/Dinner,Set Meal,,1 set / 350g,1 set / 350g,350.00,400,12.00,56.00,18.00,10.00,0.00,10.00,5.50,N,440.00,18.00,250.00,3.80,570.00,9000 IU,55 mg,Dairy,"Halal, Vegetarian","Sarson Ka Saag, Makki Ki Roti, Ghee, Butter, Jaggery Syrup",Mixed,,Pakistan FCT 2001,,76,Y,Complete Punjabi winter meal.
Kachri Ki Sabzi,کچری کی سبزی,,Pakistani,Lunch/Dinner,Vegetable,,1 katori / 200g,1 katori / 200g,200.00,140,3.00,18.00,7.00,1.20,0.00,4.00,5.50,N,380.00,0.00,35.00,1.20,290.00,80 IU,12 mg,,"Halal, Vegetarian","Dried Wild Cucumber/Kachri, Onions, Tomatoes, Spices, Oil",Sautéed,,Pakistan FCT 2001,,70,Y,Rajasthani/Sindhi dried cucumber curry.
Tosha (Sweet Paratha),توشہ,,Pakistani,Breakfast/Snack,Bakery,,2 pieces / 80g,2 pieces / 80g,80.00,310,5.00,36.00,17.00,8.00,0.20,2.00,10.00,N,180.00,18.00,35.00,1.50,80.00,100 IU,0 mg,"Gluten, Dairy","Halal, Vegetarian","Refined Flour, Ghee, Sugar, Sesame Seeds",Fried/Baked,,Pakistan FCT 2001,,72,Y,Sweet fried snack pastry.
Grilled Swordfish,گرلڈ سورڈ فش,,International,Dinner,Seafood,,1 fillet / 180g,1 fillet / 180g,180.00,296,32.00,0.00,18.00,4.50,0.10,0.00,0.00,N,204.00,90.00,10.00,1.20,440.00,90 IU,1.8 mg,,Halal,"Swordfish Steak, Olive Oil, Lemon, Herbs",Grilled,USDA FoodData Central #15113,,,90,Y,USDA #15113
"Lobster, Steamed",لابسٹر,,International,Dinner,Seafood,,1 tail / 150g,1 tail / 150g,150.00,135,28.40,0.00,1.40,0.30,0.00,0.00,0.00,N,551.00,145.00,95.00,0.80,420.00,0 IU,0 mg,Shellfish,Halal,"Lobster Tail, Butter, Lemon",Steamed,USDA FoodData Central #15149,,,90,Y,USDA #15149
"Scallops, Seared",اسکالپس,,International,Dinner,Seafood,,6 pieces / 150g,6 pieces / 150g,150.00,150,25.50,5.00,1.00,0.10,0.00,0.00,0.00,N,555.00,50.00,60.00,1.00,280.00,0 IU,3 mg,Shellfish,Halal,"Sea Scallops, Butter, Garlic, Lemon",Pan-Seared,USDA FoodData Central #15089,,,88,Y,USDA data.
Duck Biryani,ڈک بریانی,,International,Lunch/Dinner,Rice,,1 plate / 350g,1 plate / 350g,350.00,580,28.00,64.00,24.00,8.00,0.30,3.50,4.50,N,780.00,90.00,60.00,3.50,380.00,100 IU,4 mg,Dairy,Halal,"Basmati Rice, Duck Pieces, Biryani Spices, Yogurt, Fried Onions",Slow-Cooked (Dum),,,,76,Y,
Lamb Rogan Josh,لیمب روگن جوش,,International,Dinner,Curry,,1 katori / 250g,1 katori / 250g,250.00,420,28.00,12.00,30.00,12.00,0.40,2.50,5.50,N,680.00,90.00,55.00,3.50,380.00,600 IU,5 mg,Dairy,Halal,"Lamb, Kashmiri Red Chilies, Yogurt, Whole Spices, Saffron, Oil",Slow-Cooked,,India IFCT 2017,,80,Y,Kashmiri aromatic red lamb curry.
Chicken Korma (White),چکن قورمہ (سفید),,International,Dinner,Curry,,1 katori / 250g,1 katori / 250g,250.00,400,26.00,12.00,28.00,10.00,0.20,2.00,4.50,N,640.00,85.00,70.00,2.20,350.00,120 IU,3 mg,"Dairy, Tree Nuts",Halal,"Chicken, Onion Paste, Cashew, Cream, Whole Spices, Saffron",Slow-Cooked,,India IFCT 2017,,80,Y,Rich cream and nut chicken curry.
Aloo Tikki Chaat,آلو ٹکی چاٹ,,International,Snack,Street Food,,1 plate / 200g,1 plate / 200g,200.00,320,8.00,40.00,14.00,3.50,0.10,5.00,8.50,N,580.00,18.00,75.00,2.50,380.00,200 IU,12 mg,Dairy,"Halal, Vegetarian","Potato Tikki, Yogurt, Tamarind Chutney, Sev, Chaat Masala, Onions",Assembled,,India IFCT 2017,,80,Y,Popular Indian street food.
Hara Bhara Kebab,ہرا بھرا کباب,,International,Snack,Vegetarian,,3 pieces / 120g,3 pieces / 120g,120.00,220,8.00,28.00,9.00,2.00,0.00,5.00,2.50,N,380.00,18.00,80.00,2.50,360.00,3000 IU,20 mg,Gluten,"Halal, Vegetarian","Spinach, Peas, Potatoes, Breadcrumbs, Spices",Pan-Fried,,India IFCT 2017,,80,Y,Green vegetable patties.
Keema Samosa,قیمہ سموسہ,,Pakistani,Snack,Street Food,,2 pieces / 120g,2 pieces / 120g,120.00,340,14.00,32.00,18.00,5.50,0.20,2.50,2.50,N,560.00,40.00,30.00,3.00,200.00,80 IU,3 mg,Gluten,Halal,"Refined Flour Pastry Shell, Minced Beef/Lamb, Onions, Coriander, Spices",Fried (Deep),,Pakistan FCT 2001,,80,Y,Classic meat samosa.
Behari Boti Roll,بہاری بوٹی رول,,Pakistani,Snack/Lunch,Wrap,,1 roll / 200g,1 roll / 200g,200.00,520,24.00,44.00,28.00,8.50,0.30,4.00,4.50,N,820.00,70.00,60.00,3.00,320.00,120 IU,5 mg,Gluten,Halal,"Tawa Paratha, Bihari Marinated Beef Strips, Onions, Green Chutney, Mayo",Assembled,,Pakistan FCT 2001,,76,Y,
Fish Pakora,فش پکوڑہ,,Pakistani,Snack,Fritters,,6 pieces / 150g,6 pieces / 150g,150.00,340,22.00,22.00,18.00,3.50,0.10,2.00,1.50,N,620.00,60.00,45.00,2.00,280.00,40 IU,3 mg,Gluten,Halal,"Fish Pieces, Gram Flour, Ginger, Garlic, Spices, Oil",Fried (Deep),,Pakistan FCT 2001,,76,Y,Crispy spiced fish fritters.
Panner Ki Roti,پنیر کی روٹی,,Pakistani,Breakfast,Bread,,1 piece / 150g,1 piece / 150g,150.00,340,12.00,44.00,14.00,5.50,0.10,4.00,2.50,N,460.00,20.00,195.00,2.00,180.00,200 IU,0.5 mg,"Gluten, Dairy","Halal, Vegetarian","Whole Wheat Flour, Crumbled Cottage Cheese, Onions, Herbs, Ghee",Pan-Fried,,Pakistan FCT 2001,,74,Y,Cottage cheese stuffed paratha.
Achari Gosht (Pickled Mutton),اچاری گوشت,,Pakistani,Dinner,Curry,,1 katori / 250g,1 katori / 250g,250.00,420,28.00,10.00,30.00,11.00,0.40,3.00,5.50,N,740.00,95.00,50.00,3.20,370.00,100 IU,6 mg,,Halal,"Mutton, Whole Spices, Pickling Spices (Mustard, Fenugreek), Yogurt",Simmered,,Pakistan FCT 2001,,74,Y,
Chicken Daal (Combo),چکن دال (کومبو),,Pakistani,Lunch/Dinner,Combo,,1 bowl / 300g,1 bowl / 300g,300.00,320,22.00,32.00,12.00,3.50,0.10,8.50,3.50,N,560.00,55.00,60.00,4.00,400.00,150 IU,6 mg,,Halal,"Chicken Pieces, Mixed Lentils, Onions, Tomatoes, Ginger, Spices",Simmered,,Pakistan FCT 2001,,78,Y,Chicken cooked with lentils.
Dahi Vada,دہی وڑہ,,Pakistani,Snack,Street Food,,4 pieces / 200g,4 pieces / 200g,200.00,250,10.00,34.00,8.00,3.50,0.10,3.50,8.50,N,520.00,18.00,190.00,2.00,280.00,100 IU,2 mg,Dairy,"Halal, Vegetarian","Lentil Dumplings, Yogurt, Tamarind Chutney, Cumin, Chaat Masala",Mixed/Assembled,,Pakistan FCT 2001,,78,Y,Soft lentil dumplings in yogurt.
Seekh Paratha,سیخ پراٹھا,,Pakistani,Breakfast/Lunch,Bread,,1 piece / 150g,1 piece / 150g,150.00,360,14.00,40.00,16.00,6.00,0.20,3.50,2.00,N,560.00,45.00,45.00,2.50,220.00,80 IU,2 mg,Gluten,Halal,"Whole Wheat Paratha, Minced Meat Filling, Onions, Herbs",Pan-Fried,,Pakistan FCT 2001,,76,Y,Minced meat stuffed flatbread.
Haleem (Chicken),چکن حلیم,,Pakistani,Lunch/Dinner,Stew,,1 bowl / 300g,1 bowl / 300g,300.00,380,24.00,40.00,14.00,4.50,0.10,6.50,3.00,N,680.00,65.00,50.00,3.80,360.00,80 IU,4 mg,Gluten,Halal,"Chicken, Wheat, Barley, Lentils, Spices, Fried Onions, Ginger",Slow-Cooked (Blended),,Pakistan FCT 2001,,76,Y,Chicken version of the classic slow-cooked stew.
Kachori,کچوری,,Pakistani,Snack,Street Food,,2 pieces / 80g,2 pieces / 80g,80.00,300,7.00,32.00,17.00,3.50,0.10,4.00,1.50,N,320.00,0.00,30.00,2.00,130.00,40 IU,3 mg,Gluten,"Halal, Vegetarian","Refined Flour Pastry, Lentil Filling (or Aloo), Spices",Fried (Deep),,Pakistan FCT 2001,,76,Y,Crispy stuffed fried snack.
Cholay Pulao,چھولے پلاؤ,,Pakistani,Lunch/Dinner,Rice,,1 plate / 350g,1 plate / 350g,350.00,480,16.00,76.00,12.00,3.00,0.00,10.50,4.50,N,640.00,0.00,80.00,5.00,460.00,80 IU,5 mg,,"Halal, Vegetarian","Basmati Rice, Chickpeas, Onions, Whole Spices, Oil/Ghee",Slow-Cooked,,Pakistan FCT 2001,,76,Y,Chickpea rice pilaf.
Corn on the Cob (Boiled),مکئی کا بھٹہ (ابلا),,International,Ingredient,Vegetable,,1 medium / 123g,1 medium / 123g,123.00,111,3.50,25.90,1.40,0.20,0.00,2.80,5.00,N,22.00,0.00,3.00,0.60,243.00,187 IU,9.1 mg,,"Halal, Vegetarian, Vegan",Whole Corn Cob,Boiled,USDA FoodData Central #11167,,,92,Y,USDA #11167
"Edamame, Shelled",ایڈامامے,,International,Ingredient,Legume,,1/2 cup / 88g,1/2 cup / 88g,88.00,94,8.40,7.70,4.00,0.40,0.00,3.80,3.50,N,4.00,0.00,49.00,1.80,436.00,9 IU,5.0 mg,Soy,"Halal, Vegetarian",Shelled Young Soybeans,Boiled,USDA FoodData Central #168411,,,92,Y,USDA #168411
"Hummus, Roasted Red Pepper",ہمس (سرخ مرچ),,International,Ingredient,Dip,,2 tbsp / 30g,2 tbsp / 30g,30.00,75,2.00,6.50,4.80,0.70,0.00,2.00,1.50,N,130.00,0.00,18.00,0.80,78.00,120 IU,5.0 mg,Sesame,"Halal, Vegetarian","Chickpeas, Roasted Red Pepper, Tahini, Olive Oil, Lemon, Garlic",Blended,,,,86,Y,
Beet Hummus,چقندر حمص,,International,Ingredient,Dip,,2 tbsp / 30g,2 tbsp / 30g,30.00,60,1.50,7.50,3.00,0.40,0.00,1.50,3.50,N,115.00,0.00,15.00,0.70,90.00,5 IU,2.0 mg,Sesame,"Halal, Vegetarian","Roasted Beets, Chickpeas, Tahini, Olive Oil, Lemon, Garlic",Blended,,,,84,Y,
Guacamole (Avocado Dip),گواکامولے,,International,Ingredient,Dip,,2 tbsp / 30g,2 tbsp / 30g,30.00,48,0.60,2.50,4.40,0.60,0.00,2.00,0.20,N,70.00,0.00,4.00,0.20,150.00,44 IU,3.0 mg,,"Halal, Vegetarian","Avocado, Lime, Salt, Cilantro, Onion",Mashed,USDA FoodData Central #09037,,,90,Y,
Cream Cheese,کریم چیز,,International,Ingredient,Dairy,,2 tbsp / 29g,2 tbsp / 29g,29.00,101,1.80,1.20,9.80,6.20,0.00,0.00,1.20,N,107.00,31.00,25.00,0.10,34.00,378 IU,0 mg,Dairy,"Halal, Vegetarian","Pasteurized Milk, Cream, Salt, Carob Bean Gum",Cultured/Processed,USDA FoodData Central #01017,,,92,Y,USDA #01017
Sour Cream,ساور کریم,,International,Ingredient,Dairy,,2 tbsp / 29g,2 tbsp / 29g,29.00,56,0.70,1.30,5.40,3.40,0.00,0.00,1.00,N,14.00,17.00,32.00,0.00,39.00,200 IU,0.3 mg,Dairy,"Halal, Vegetarian","Cultured Cream, Enzyme",Cultured,USDA FoodData Central #01056,,,92,Y,USDA #01056
Evaporated Milk (Canned),بانجھ دودھ (ڈبہ),,International,Ingredient,Dairy,,2 tbsp / 32g,2 tbsp / 32g,32.00,40,2.10,3.00,2.10,1.30,0.00,0.00,3.00,N,33.00,8.00,74.00,0.10,96.00,76 IU,0.3 mg,Dairy,"Halal, Vegetarian","Evaporated Whole Milk, Vitamin D",Condensed/Processed,USDA FoodData Central #01023,,,92,Y,USDA #01023
"Condensed Milk, Sweetened",میٹھا دودھ (کنڈنسڈ),,International,Ingredient,Dairy,,2 tbsp / 38g,2 tbsp / 38g,38.00,123,3.00,20.80,3.30,2.10,0.00,0.00,20.80,Y,49.00,13.00,108.00,0.10,142.00,100 IU,0.5 mg,Dairy,"Halal, Vegetarian","Whole Milk, Sugar (Sweetened Condensed)",Condensed,USDA FoodData Central #01019,,,92,Y,USDA #01019. High sugar.
Baking Powder,بیکنگ پاؤڈر,,International,Ingredient,Leavening,,1 tsp / 4g,1 tsp / 4g,4.00,2,0.00,1.10,0.00,0.00,0.00,0.00,0.00,N,488.00,0.00,180.00,0.00,1.00,0 IU,0 mg,,"Halal, Vegetarian, Vegan","Sodium Bicarbonate, Cream of Tartar, Cornstarch",Dry Mix,USDA FoodData Central #18369,,,98,Y,USDA #18369. Very high sodium.
Baking Soda,بیکنگ سوڈا,,International,Ingredient,Leavening,,1/4 tsp / 1g,1/4 tsp / 1g,1.00,0,0.00,0.00,0.00,0.00,0.00,0.00,0.00,N,315.00,0.00,0.00,0.00,0.00,0 IU,0 mg,,"Halal, Vegetarian, Vegan",Sodium Bicarbonate,Chemical,USDA FoodData Central,,,98,Y,Very high sodium per gram.
Vanilla Extract,ونیلا ایکسٹریکٹ,,International,Ingredient,Flavoring,,1 tsp / 4g,1 tsp / 4g,4.00,12,0.00,0.50,0.00,0.00,0.00,0.00,0.50,N,0.00,0.00,1.00,0.00,9.00,0 IU,0 mg,,"Halal, Vegetarian, Vegan","Vanilla Bean Extract, Alcohol (trace)",Extracted,USDA FoodData Central #02050,,,96,Y,USDA #02050
Cinnamon Powder,دار چینی پاؤڈر,,International,Ingredient,Spice,,1 tsp / 3g,1 tsp / 3g,3.00,6,0.10,2.10,0.00,0.00,0.00,1.40,0.10,N,0.00,0.00,26.00,0.20,11.00,6 IU,0.1 mg,,"Halal, Vegetarian, Vegan",Ground Cinnamon,Dried,USDA FoodData Central #02010,,,96,Y,USDA #02010. High in fiber and antioxidants.
"Black Pepper, Ground",کالی مرچ,,International,Ingredient,Spice,,1 tsp / 2g,1 tsp / 2g,2.00,6,0.20,1.50,0.10,0.00,0.00,0.60,0.00,N,0.00,0.00,13.00,0.20,27.00,6 IU,0.1 mg,,"Halal, Vegetarian, Vegan",Ground Black Peppercorns,Dried,USDA FoodData Central #02030,,,96,Y,USDA #02030
"Cardamom (Elaichi), Ground",الائچی پاؤڈر,,International,Ingredient,Spice,,1 tsp / 2g,1 tsp / 2g,2.00,6,0.20,1.40,0.10,0.00,0.00,0.60,0.10,N,0.00,0.00,22.00,0.30,36.00,0 IU,0.5 mg,,"Halal, Vegetarian, Vegan",Ground Green Cardamom Seeds,Dried,USDA FoodData Central #02006,,,94,Y,USDA #02006
"Cloves, Ground",لونگ پاؤڈر,,International,Ingredient,Spice,,1 tsp / 2g,1 tsp / 2g,2.00,7,0.10,1.40,0.40,0.10,0.00,0.80,0.30,N,5.00,0.00,13.00,0.20,23.00,12 IU,1.0 mg,,"Halal, Vegetarian, Vegan",Ground Dried Cloves,Dried,USDA FoodData Central #02011,,,96,Y,USDA #02011
Fenugreek Seeds (Methi Dana),میتھی دانہ,,Pakistani,Ingredient,Spice,,1 tsp / 3.7g,1 tsp / 3.7g,3.70,12,0.90,2.10,0.20,0.00,0.00,0.90,0.40,N,2.00,0.00,7.00,1.20,28.00,0 IU,0.1 mg,,"Halal, Vegetarian, Vegan",Whole Fenugreek Seeds,Dried,USDA FoodData Central #02019,Pakistan FCT 2001,,94,Y,USDA #02019. Blood sugar management.
Nigella Seeds (Kalonji),کلونجی,,Pakistani,Ingredient,Spice,,1 tsp / 2g,1 tsp / 2g,2.00,10,0.40,1.10,0.70,0.00,0.00,0.50,0.10,N,1.00,0.00,19.00,0.40,28.00,0 IU,0.1 mg,,"Halal, Vegetarian, Vegan",Black Seed / Nigella Sativa,Dried,,Pakistan FCT 2001,,88,Y,Traditional Islamic medicine seed.
Fennel Seeds (Saunf),سونف,,Pakistani,Ingredient,Spice,,1 tsp / 2g,1 tsp / 2g,2.00,7,0.30,1.00,0.30,0.00,0.00,0.80,0.10,N,2.00,0.00,24.00,0.40,34.00,6 IU,0.4 mg,,"Halal, Vegetarian, Vegan",Dried Fennel Seeds,Dried,USDA FoodData Central #02018,Pakistan FCT 2001,,94,Y,USDA #02018
Carom Seeds (Ajwain),اجوائن,,Pakistani,Ingredient,Spice,,1 tsp / 2g,1 tsp / 2g,2.00,9,0.40,1.20,0.40,0.00,0.00,0.90,0.10,N,1.00,0.00,31.00,0.60,28.00,0 IU,0.5 mg,,"Halal, Vegetarian, Vegan",Carom/Bishop's Weed Seeds,Dried,,Pakistan FCT 2001,,88,Y,Traditional digestive spice.
Asafoetida (Hing),ہینگ,,Pakistani,Ingredient,Spice,,1 pinch / 0.5g,1 pinch / 0.5g,0.50,2,0.10,0.30,0.10,0.00,0.00,0.10,0.00,N,55.00,0.00,8.00,0.00,6.00,0 IU,0 mg,,"Halal, Vegetarian, Vegan",Asafoetida Resin,Dried,,India IFCT 2017,,82,Y,Strong-smelling culinary spice.
Dry Mango Powder (Amchur),امچور,,Pakistani,Ingredient,Spice,,1 tsp / 2g,1 tsp / 2g,2.00,6,0.10,1.40,0.10,0.00,0.00,0.10,0.40,N,0.00,0.00,5.00,0.10,20.00,20 IU,3 mg,,"Halal, Vegetarian, Vegan",Dried Raw Mango Powder,Dried,,India IFCT 2017,,84,Y,Sour flavoring agent.
Pomegranate Molasses (Anardana),انار دانہ,,Pakistani,Ingredient,Condiment,,1 tbsp / 15g,1 tbsp / 15g,15.00,40,0.20,9.50,0.10,0.00,0.00,0.50,8.50,N,8.00,0.00,8.00,0.20,80.00,8 IU,2 mg,,"Halal, Vegetarian, Vegan","Pomegranate Juice (Reduced), Sugar",Reduced,,Pakistan FCT 2001,,84,Y,Tart pomegranate concentrate.
Kokum (Dried),کوکم,,International,Ingredient,Spice,,1 tbsp / 10g,1 tbsp / 10g,10.00,14,0.20,3.20,0.10,0.00,0.00,1.20,2.50,N,5.00,0.00,10.00,0.30,30.00,20 IU,1 mg,,"Halal, Vegetarian, Vegan",Dried Garcinia Indica Fruit,Dried,,India IFCT 2017,,80,Y,South Indian souring agent.
Tapioca Pearls (Sabudana),ساگودانہ,,Pakistani,Ingredient,Starch,,100g,100g,100.00,358,0.20,88.70,0.20,0.10,0.00,0.90,0.30,N,1.00,0.00,20.00,1.60,11.00,0 IU,0 mg,,"Halal, Vegetarian, Vegan",Cassava/Tapioca Starch,Processed,,India IFCT 2017,,88,Y,"High carb, low protein starch balls."
Lotus Root (Kamal Kakdi),کمل ككڑی,,Pakistani,Ingredient,Vegetable,,100g,100g,100.00,74,2.60,17.20,0.10,0.00,0.00,4.90,0.50,N,45.00,0.00,45.00,1.20,556.00,0 IU,44.0 mg,,"Halal, Vegetarian, Vegan",Raw Lotus Root,Raw,USDA FoodData Central #11255,,,86,Y,USDA #11255
Water Chestnut (Singhara),سنگھاڑہ,,Pakistani,Ingredient,Vegetable,,100g,100g,100.00,97,1.40,23.90,0.10,0.00,0.00,3.00,4.80,N,14.00,0.00,11.00,0.70,584.00,0 IU,4.0 mg,,"Halal, Vegetarian, Vegan",Raw Water Chestnuts,Raw,USDA FoodData Central #11676,,,88,Y,USDA #11676
"Dried Apricot (Hunza, Unsulfured)",خشک خوبانی ہنزہ,,Pakistani,Ingredient,Dried Fruit,,10 halves / 40g,10 halves / 40g,40.00,100,1.50,24.50,0.20,0.00,0.00,2.80,20.50,Y,3.00,0.00,14.00,1.10,290.00,1400 IU,0.5 mg,,"Halal, Vegetarian, Vegan",Sundried Hunza Apricots,Sun-Dried,,Pakistan FCT 2001,,82,Y,Northern Pakistan prized apricots.
"Walnut, Kashmiri (Akhrot)",اخروٹ کشمیری,,Pakistani,Ingredient,Nuts,,1/4 cup / 28g,1/4 cup / 28g,28.00,185,4.30,3.90,18.50,1.70,0.00,1.90,0.70,N,0.00,0.00,28.00,0.80,125.00,6 IU,0.3 mg,Tree Nuts,"Halal, Vegetarian, Vegan",Kashmiri Walnuts (In-shell),Raw,,Pakistan FCT 2001,,88,Y,
Dry Fig (Anjeer),خشک انجیر,,International,Ingredient,Dried Fruit,,3 figs / 40g,3 figs / 40g,40.00,107,1.10,27.60,0.40,0.10,0.00,4.00,22.50,Y,4.00,0.00,54.00,0.50,232.00,2 IU,0.6 mg,,"Halal, Vegetarian, Vegan",Dried Mission Figs,Sun-Dried,USDA FoodData Central #09094,,,92,Y,USDA #09094. High calcium and fiber.
Dried Mulberry (Toot),خشک توت,,Pakistani,Ingredient,Dried Fruit,,1/4 cup / 35g,1/4 cup / 35g,35.00,93,3.10,20.50,0.80,0.00,0.00,3.50,16.50,Y,9.00,0.00,55.00,2.20,310.00,15 IU,26 mg,,"Halal, Vegetarian, Vegan",Sun-Dried Mulberry Berries,Sun-Dried,,Pakistan FCT 2001,,82,Y,Northern Pakistan dried mulberry.
Sunflower Seeds (Suraj Mukhi Ke Beej),سورج مکھی کے بیج,,International,Ingredient,Seeds,,1 oz / 28g,1 oz / 28g,28.00,164,5.80,5.60,14.00,1.50,0.00,2.40,0.70,N,1.00,0.00,20.00,1.50,241.00,4 IU,0.5 mg,,"Halal, Vegetarian, Vegan",Dry Roasted Sunflower Seed Kernels,Dry Roasted,USDA FoodData Central #12038,,,92,Y,USDA #12038. High Vit E.
Hemp Seeds (Bhang Ke Beej),بھنگ کے بیج (صحت),,International,Ingredient,Seeds,,1 tbsp / 10g,1 tbsp / 10g,10.00,55,3.20,0.90,4.60,0.50,0.00,0.40,0.10,N,0.00,0.00,7.00,0.40,36.00,0 IU,0.1 mg,,"Halal, Vegetarian, Vegan",Hulled Hemp Seed Hearts,Raw,USDA FoodData Central #170148,,,90,Y,USDA #170148. Complete protein seed.
"Seaweed (Nori, Dried)",نوری (سمندری گھاس),,International,Ingredient,Vegetable/Seaweed,,2 sheets / 5g,2 sheets / 5g,5.00,10,0.50,1.50,0.00,0.00,0.00,0.20,0.10,N,20.00,0.00,10.00,0.40,23.00,0 IU,2 mg,,"Halal, Vegetarian, Vegan",Dried Nori Seaweed,Dried,USDA FoodData Central #168456,,,90,Y,USDA #168456
Spirulina (Dry Powder),اسپیرولینا,,International,Ingredient,Supplement,,1 tbsp / 7g,1 tbsp / 7g,7.00,20,4.00,1.70,0.50,0.20,0.00,0.30,0.30,N,73.00,0.00,8.00,2.00,95.00,720 IU,0.7 mg,,"Halal, Vegetarian, Vegan",Arthrospira Platensis (Blue-Green Algae),Dried,USDA FoodData Central #168395,,,90,Y,USDA #168395. Very high protein per gram.
Nutritional Yeast,نیوٹریشنل ایسٹ,,International,Ingredient,Supplement,,2 tbsp / 16g,2 tbsp / 16g,16.00,60,8.00,6.00,1.00,0.10,0.00,3.00,0.50,N,30.00,0.00,10.00,2.40,160.00,0 IU,0 mg,,"Halal, Vegetarian, Vegan",Inactive Dried Saccharomyces Cerevisiae Yeast,Dried,USDA FoodData Central,,,90,Y,Fortified with B12. High protein.
Matcha Powder (Green Tea),ماچا پاؤڈر,,International,Ingredient,Tea,,1 tsp / 2g,1 tsp / 2g,2.00,5,0.30,1.00,0.10,0.00,0.00,0.30,0.00,N,0.00,0.00,3.00,0.20,28.00,0 IU,0 mg,,"Halal, Vegetarian, Vegan",Ceremonial Grade Matcha Green Tea,Dried/Ground,,,,88,Y,High in catechins and L-theanine.
Elderflower Cordial,ایلڈر فلاور کارڈیل,,International,Beverage,Cold Drink,,2 tbsp / 30g,2 tbsp / 30g,30.00,75,0.00,19.00,0.00,0.00,0.00,0.00,18.50,Y,5.00,0.00,2.00,0.00,10.00,0 IU,5 mg,,"Halal, Vegetarian, Vegan","Elderflower, Sugar, Lemon, Water",Concentrated,,,,84,Y,
"Bubble Tea (Milk, Taro)",ببل ٹی (تارو),,International,Beverage,Cold Drink,,1 cup / 350g,1 cup / 350g,350.00,280,2.50,52.00,7.00,4.00,0.00,1.00,32.00,Y,120.00,12.00,110.00,0.50,180.00,50 IU,0.5 mg,"Dairy, Gluten","Halal, Vegetarian","Taro Powder, Milk, Tapioca Pearls, Ice, Sugar",Blended,,,,78,Y,Taiwanese milk tea with tapioca pearls.
Mango Lassi,مینگو لسی,,Pakistani,Beverage,Cold Drink,,1 glass / 300g,1 glass / 300g,300.00,220,6.00,42.00,4.50,2.80,0.00,1.50,36.00,Y,75.00,16.00,210.00,0.50,360.00,600 IU,5 mg,Dairy,"Halal, Vegetarian","Yogurt, Mango Pulp, Milk, Sugar, Cardamom",Blended,,Pakistan FCT 2001,,80,Y,Sweet mango yogurt drink.
Doogh (Iranian Yogurt Drink),دوغ,,International,Beverage,Cold Drink,,1 glass / 250g,1 glass / 250g,250.00,75,4.00,8.50,3.00,2.00,0.00,0.00,8.00,N,320.00,12.00,140.00,0.10,200.00,80 IU,0.5 mg,Dairy,"Halal, Vegetarian","Yogurt, Sparkling/Still Water, Dried Mint, Salt",Mixed,,,,82,Y,Persian sparkling yogurt drink.
Jallab (Rose Water Drink),جلّاب,,International,Beverage,Cold Drink,,1 glass / 250g,1 glass / 250g,250.00,130,0.50,33.00,0.00,0.00,0.00,1.00,28.00,Y,15.00,0.00,10.00,0.50,90.00,20 IU,2 mg,,"Halal, Vegetarian, Vegan","Grape Juice, Rose Water, Grenadine, Pine Nuts, Raisins",Mixed,,,,80,Y,Levantine sweet rose drink.
Ayran (Yogurt Drink),ایران (یوگرٹ مشروب),,International,Beverage,Cold Drink,,1 glass / 240g,1 glass / 240g,240.00,60,3.50,6.00,2.50,1.50,0.00,0.00,5.50,N,240.00,10.00,110.00,0.10,180.00,80 IU,0.5 mg,Dairy,"Halal, Vegetarian","Yogurt, Water, Salt",Mixed/Blended,,,,88,Y,Turkish salted yogurt drink.
Karak Chai (Emirati/Gulf Tea),کرک چائے,,International,Beverage,Hot Drink,,1 cup / 200g,1 cup / 200g,200.00,120,3.50,16.00,4.50,2.80,0.00,0.00,14.00,Y,45.00,10.00,110.00,0.10,190.00,80 IU,0.5 mg,Dairy,"Halal, Vegetarian","Black Tea, Evaporated Milk, Sugar, Cardamom, Saffron",Simmered,,,,84,Y,Strong sweet spiced Gulf milk tea.
Crispy Fried Wings,چکن ونگز,,Fast Food,Snack,Fried Chicken,,4 wings / 150g,4 wings / 150g,150.00,410,24.00,18.00,26.00,7.50,0.20,1.00,1.00,N,680.00,105.00,30.00,1.50,240.00,120 IU,1 mg,Gluten,Halal,"Chicken Wings, Flour Batter, Black Pepper, Garlic Powder, Paprika, Oil",Deep Fried,Chef Shireen Anwar (Masala TV),Masala TV Network,,82,Y,Popular Masala TV snack recipe by Chef Shireen Anwar.
Reshmi Handi,ریشمی ہانڈی,,Pakistani,Dinner,Curry,,1 katori / 250g,1 katori / 250g,250.00,440,30.00,10.00,32.00,12.00,0.30,2.00,4.00,N,680.00,95.00,80.00,2.50,360.00,250 IU,6 mg,"Dairy, Tree Nuts",Halal,"Boneless Chicken, Cream, Yogurt, Almond Paste, Butter, Green Chilies",Simmered (Clay Pot),Chef Shireen Anwar (Masala TV),Masala TV Network,,84,Y,Creamy boneless chicken gravy by Chef Shireen Anwar.
Chicken Shashlik with Rice,چکن شاشلک چاول,,Chinese/Pakistani,Lunch/Dinner,Rice & Stir Fry,,1 plate / 350g,1 plate / 350g,350.00,480,26.00,62.00,14.00,3.50,0.10,3.50,8.00,N,880.00,65.00,45.00,2.20,340.00,400 IU,20 mg,"Soy, Eggs",Halal,"Chicken Cubes, Capsicum, Onion, Tomatoes, Ketchup, Chili Sauce, Egg Fried Rice",Stir-Fried,Chef Shireen Anwar (Masala TV),Masala TV Network,,82,Y,Indo-Chinese favorite by Chef Shireen Anwar.
Khoya Kheer,کھویا کھیر,,Pakistani,Dessert,Kheer,,1 bowl / 200g,1 bowl / 200g,200.00,320,9.00,44.00,12.00,7.00,0.10,1.50,30.00,Y,85.00,32.00,280.00,0.50,340.00,250 IU,1 mg,"Dairy, Tree Nuts","Halal, Vegetarian","Full-Fat Milk, Basmati Rice, Khoya, Sugar, Saffron, Pistachios",Slow-Cooked,Chef Shireen Anwar (Masala TV),Masala TV Network,,84,Y,Rich khoya milk pudding by Chef Shireen Anwar.
Mutton Champ Fry,مٹن چانپ فرائی,,Pakistani,Dinner,BBQ/Fry,,3 chops / 200g,3 chops / 200g,200.00,460,30.00,8.00,34.00,14.00,0.40,1.50,2.00,N,680.00,110.00,35.00,3.50,380.00,60 IU,3 mg,Eggs,Halal,"Mutton Chops, Papaya Tenderizer, Gram Flour, Egg Coating, Spices",Shallow Fried,Chef Shireen Anwar (Masala TV),Masala TV Network,,80,Y,Pan-fried tender mutton chops by Chef Shireen Anwar.
Dum Ka Qeema,دم کا قیمہ,,Pakistani,Dinner,Curry,,1 katori / 200g,1 katori / 200g,200.00,380,26.00,8.00,28.00,10.00,0.40,2.00,3.00,N,640.00,85.00,40.00,3.20,320.00,80 IU,4 mg,Dairy,Halal,"Beef Mince, Raw Papaya, Yogurt, Charcoal Smoke, Whole Spices, Ghee",Slow-Cooked (Dum),Chef Zubaida Tariq (Masala TV),Masala TV Network,,86,Y,Authentic smoky minced beef recipe by Zubaida Apa.
Bhuna Chana Chicken,بھنا چنا چکن,,Pakistani,Lunch/Dinner,Curry,,1 katori / 250g,1 katori / 250g,250.00,370,30.00,16.00,20.00,5.50,0.10,4.50,3.00,N,680.00,85.00,60.00,3.00,390.00,120 IU,6 mg,,Halal,"Chicken, Roasted Gram Powder (Bhuna Chana), Onions, Tomatoes, Spices",Simmered,Chef Zubaida Tariq (Masala TV),Masala TV Network,,82,Y,Desi style roasted chickpea gravy by Zubaida Apa.
Khagina (Spiced Egg Scramble),خاگینہ,,Pakistani,Breakfast,Egg Dish,,1 serving / 150g,1 serving / 150g,150.00,240,14.00,6.00,18.00,5.00,0.10,1.50,3.00,N,440.00,375.00,65.00,1.80,260.00,450 IU,12 mg,Eggs,Halal,"Eggs, Onions, Tomatoes, Green Chilies, Coriander, Turmeric, Ghee",Pan-Cooked,Chef Zubaida Tariq (Masala TV),Masala TV Network,,84,Y,Traditional Pakistani breakfast egg scramble by Zubaida Apa.
Aloo Methi (Dry),آلو میتھی,,Pakistani,Lunch/Dinner,Vegetable,,1 katori / 200g,1 katori / 200g,200.00,220,5.00,28.00,10.00,2.00,0.00,5.50,3.00,N,420.00,0.00,90.00,2.80,480.00,2500 IU,22 mg,,"Halal, Vegetarian","Potatoes, Fresh Fenugreek Leaves, Cumin, Mustard Oil, Red Chilies",Sautéed,Chef Zubaida Tariq (Masala TV),Masala TV Network,,86,Y,Home-style potato and fenugreek vegetable by Zubaida Apa.
Hyderabadi Baghara Baingan,بغارے بینگن,,Pakistani,Lunch/Dinner,Vegetable Curry,,1 katori / 220g,1 katori / 220g,220.00,280,6.00,18.00,21.00,4.50,0.00,5.00,6.00,N,580.00,0.00,75.00,2.50,340.00,300 IU,15 mg,"Peanuts, Sesame","Halal, Vegetarian","Small Eggplants, Peanuts, Sesame Seeds, Coconut, Tamarind, Mustard Seeds",Simmered,Chef Zubaida Tariq (Masala TV),Masala TV Network,,82,Y,Hyderabadi tangy peanut-eggplant gravy by Zubaida Apa.
Creamy Garlic Prawns,کریمی گارلک پراونز,,Continental,Dinner,Seafood,,1 serving / 200g,1 serving / 200g,200.00,340,24.00,6.00,24.00,12.00,0.20,0.50,2.00,N,720.00,190.00,95.00,1.80,310.00,350 IU,4 mg,"Dairy, Shellfish",Halal,"Prawns, Heavy Cream, Garlic, Butter, Parsley, White Pepper",Pan-Cooked,Chef Zarnak Sidhwa (Masala TV),Masala TV Network,,84,Y,Continental cream garlic prawns by Chef Zarnak Sidhwa.
Beef Lasagna,بیف لازانیا,,Continental,Lunch/Dinner,Pasta,,1 serving / 300g,1 serving / 300g,300.00,520,28.00,42.00,26.00,12.00,0.40,3.50,6.00,N,880.00,75.00,280.00,3.50,420.00,600 IU,8 mg,"Gluten, Dairy",Halal,"Lasagna Sheets, Minced Beef, Tomato Sauce, Bechamel Sauce, Mozzarella",Baked,Chef Zarnak Sidhwa (Masala TV),Masala TV Network,,84,Y,Classic baked minced beef lasagna by Chef Zarnak Sidhwa.
Lemon Tart with Meringue,لیمن ٹارٹ,,Continental,Dessert,Pastry,,1 slice / 120g,1 slice / 120g,120.00,360,6.00,46.00,17.00,8.50,0.20,0.50,28.00,Y,240.00,110.00,50.00,0.80,110.00,380 IU,10 mg,"Gluten, Dairy, Eggs","Halal, Vegetarian","Tart Shell, Lemon Curd, Egg White Meringue, Butter, Sugar",Baked,Chef Zarnak Sidhwa (Masala TV),Masala TV Network,,82,Y,French lemon meringue tart by Chef Zarnak Sidhwa.
Stuffed Chicken Breast,اسٹفڈ چکن بریسٹ,,Continental,Dinner,Protein,,1 serving / 220g,1 serving / 220g,220.00,380,36.00,4.00,24.00,10.00,0.20,1.00,1.50,N,680.00,110.00,140.00,1.50,380.00,400 IU,12 mg,Dairy,Halal,"Chicken Breast, Spinach, Cheese, Garlic, Herbs, Olive Oil",Baked/Pan-Seared,Chef Zarnak Sidhwa (Masala TV),Masala TV Network,,84,Y,Spinach and cheese stuffed chicken breast by Chef Zarnak Sidhwa.
Quick Chicken Karahi,کوئک چکن کڑاہی,,Pakistani,Dinner,Curry,,1 katori / 250g,1 katori / 250g,250.00,390,28.00,8.00,27.00,7.50,0.20,2.00,4.00,N,680.00,85.00,40.00,2.20,340.00,150 IU,12 mg,,Halal,"Chicken, Tomatoes, Green Chilies, Ginger, Cumin, Black Pepper, Oil",Stir-Fried (Wok),Chef Rida Aftab (Masala TV),Masala TV Network,,82,Y,Quick 15-minute chicken karahi by Chef Rida Aftab.
Meethi Lassi,میٹھی لسی,,Pakistani,Beverage,Cold Drink,,1 glass / 250g,1 glass / 250g,250.00,210,6.00,32.00,6.00,4.00,0.10,0.00,28.00,Y,80.00,20.00,210.00,0.20,320.00,200 IU,1 mg,Dairy,"Halal, Vegetarian","Whole Milk Yogurt, Sugar, Water, Ice, Cardamom",Blended,Chef Rida Aftab (Masala TV),Masala TV Network,,86,Y,Refreshing sweet yogurt drink by Chef Rida Aftab.
Aloo Kay Pakore,آلو کے پکوڑے,,Pakistani,Snack,Fritters,,6 pieces / 150g,6 pieces / 150g,150.00,290,6.00,34.00,15.00,2.50,0.00,3.50,1.50,N,480.00,0.00,35.00,1.80,380.00,40 IU,12 mg,Gluten,"Halal, Vegetarian","Sliced Potatoes, Gram Flour (Besan), Ajwain, Red Chili, Oil",Deep Fried,Chef Rida Aftab (Masala TV),Masala TV Network,,84,Y,Crispy potato fritters by Chef Rida Aftab.
Tarragon Chicken,ٹیراگون چکن,,Continental,Dinner,Curry,,1 serving / 250g,1 serving / 250g,250.00,410,30.00,8.00,28.00,11.00,0.20,1.00,2.50,N,680.00,95.00,90.00,1.80,340.00,300 IU,4 mg,Dairy,Halal,"Chicken Fillets, Fresh Tarragon, Heavy Cream, Mustard, Garlic, Butter",Pan-Seared & Simmered,Chef Rida Aftab (Masala TV),Masala TV Network,,82,Y,Creamy tarragon chicken by Chef Rida Aftab.
Diet Grilled Chicken,ڈائٹ گرلڈ چکن,,Continental,Dinner,Healthy/Protein,,1 serving / 180g,1 serving / 180g,180.00,220,34.00,2.00,8.00,2.00,0.00,0.50,0.50,N,420.00,85.00,20.00,1.20,360.00,40 IU,5 mg,,Halal,"Chicken Breast, Lemon Juice, Black Pepper, Garlic, Olive Oil Spray",Grilled,Chef Mehboob Khan (Masala TV),Masala TV Network,,88,Y,Low-calorie healthy grilled chicken by Chef Mehboob.
Steamed Vegetable Medley,اسٹیمڈ سبزی,,International,Side Dish,Healthy/Vegetables,,1 bowl / 200g,1 bowl / 200g,200.00,90,3.00,16.00,1.50,0.30,0.00,4.50,4.00,N,180.00,0.00,45.00,1.20,420.00,2200 IU,35 mg,,"Halal, Vegetarian, Vegan","Broccoli, Carrots, Green Beans, Zucchini, Salt, Black Pepper",Steamed,Chef Mehboob Khan (Masala TV),Masala TV Network,,90,Y,Nutrient-rich low-fat steamed vegetables by Chef Mehboob.
Keto Mutton Karahi,کیٹو مٹن کڑاہی,,Pakistani,Dinner,Keto/Curry,,1 katori / 250g,1 katori / 250g,250.00,480,28.00,4.00,38.00,14.00,0.40,1.50,2.00,N,680.00,95.00,45.00,3.20,360.00,80 IU,6 mg,,Halal,"Mutton, Desi Ghee, Ginger, Garlic, Tomatoes, Green Chilies",Stir-Fried,Chef Mehboob Khan (Masala TV),Masala TV Network,,84,Y,Low-carb keto mutton karahi by Chef Mehboob.
Chicken Broast (Karachi Style),چکن بروسٹ,,Fast Food,Dinner,Fried Chicken,,2 pieces / 220g,2 pieces / 220g,220.00,520,32.00,22.00,34.00,8.00,0.20,1.50,1.00,N,880.00,115.00,45.00,2.20,320.00,100 IU,2 mg,Gluten,Halal,"Chicken Quarters, Secret Broast Spice Blend, Flour Batter, Oil",Pressure Fried,Chef Gulzar Hussain (Masala TV),Masala TV Network,,82,Y,Crispy Karachi broast chicken by Chef Gulzar.
Singaporean Rice,سنگاپورین رائس,,Chinese/Pakistani,Lunch/Dinner,Rice & Noodles,,1 plate / 400g,1 plate / 400g,400.00,620,26.00,72.00,24.00,5.00,0.10,4.00,8.00,N,980.00,65.00,60.00,2.80,380.00,400 IU,15 mg,"Gluten, Eggs, Soy",Halal,"Rice, Noodles, Chicken Gravy, Mayo-Ketchup Sauce, Garlic Tempering",Layered/Assembled,Chef Gulzar Hussain (Masala TV),Masala TV Network,,82,Y,Famous layered rice and noodle dish by Chef Gulzar.
Beef Bihari Boti,بیف بہاری بوٹی,,Pakistani,Dinner,BBQ,,4 skewers / 180g,4 skewers / 180g,180.00,380,30.00,4.00,26.00,9.00,0.40,1.50,1.50,N,580.00,95.00,35.00,3.50,340.00,40 IU,2 mg,,Halal,"Beef Undercut, Raw Papaya, Mustard Oil, Bihari Masala, Fried Onion Paste",Charcoal Grilled,Chef Gulzar Hussain (Masala TV),Masala TV Network,,84,Y,Melt-in-mouth Bihari boti by Chef Gulzar.
Fish Florentine,فش فلورنٹائن,,Continental,Dinner,Seafood,,1 serving / 250g,1 serving / 250g,250.00,360,28.00,10.00,22.00,9.00,0.10,2.50,2.00,N,680.00,75.00,210.00,2.80,480.00,3500 IU,15 mg,Dairy,Halal,"White Fish Fillet, Spinach, Cream Sauce, Parmesan Cheese, Garlic",Baked,Chef Tahir Chaudhry (Masala TV),Masala TV Network,,82,Y,Baked fish over creamy spinach by Chef Tahir Chaudhry.
Beef Steak with Mushroom Sauce,بیف اسٹیک,,Continental,Dinner,Protein,,1 serving / 250g,1 serving / 250g,250.00,480,36.00,8.00,32.00,13.00,0.40,1.00,3.00,N,780.00,110.00,45.00,3.50,460.00,150 IU,4 mg,"Dairy, Gluten",Halal,"Beef Tenderloin, Mushrooms, Brown Stock, Cream, Butter, Black Pepper",Pan-Seared,Chef Tahir Chaudhry (Masala TV),Masala TV Network,,84,Y,Tender beef steak with rich mushroom gravy by Chef Tahir.
Chicken Malai Boti,چکن ملائی بوٹی,,Pakistani,Dinner,BBQ,,4 pieces / 160g,4 pieces / 160g,160.00,360,28.00,4.00,24.00,10.00,0.30,0.50,1.50,N,520.00,95.00,60.00,1.80,300.00,150 IU,2 mg,Dairy,Halal,"Boneless Chicken, Cream, Green Chilies, Cardamom, White Pepper, Yogurt",Charcoal Grilled,Chef Shireen Anwar (Masala TV),Masala TV Network,,86,Y,Signature tender malai boti by Chef Shireen Anwar.
Beef White Karahi,بیف وائٹ کڑاہی,,Pakistani,Dinner,Curry,,1 katori / 250g,1 katori / 250g,250.00,480,32.00,6.00,34.00,13.00,0.50,1.50,3.00,N,720.00,100.00,75.00,3.80,360.00,150 IU,4 mg,Dairy,Halal,"Beef Undercut, Fresh Cream, Yogurt, White Pepper, Ginger, Green Chilies, Butter",Stir-Fried (Wok),Chef Shireen Anwar (Masala TV),Masala TV Network,,82,Y,Rich white cream beef karahi by Chef Shireen Anwar.
Shahi Tukda,شاہی ٹکڑے,,Pakistani,Dessert,Sweet,,2 pieces / 150g,2 pieces / 150g,150.00,380,7.00,46.00,18.00,9.50,0.20,1.00,32.00,Y,160.00,35.00,180.00,0.80,260.00,300 IU,0.5 mg,"Gluten, Dairy, Tree Nuts","Halal, Vegetarian","Fried Bread Slices, Thick Sweetened Saffron Milk, Khoya, Pistachios, Almonds",Fried & Soaked,Chef Shireen Anwar (Masala TV),Masala TV Network,,84,Y,Royal Mughal dessert by Chef Shireen Anwar.
Creamy Cold Salad,کریمی کولڈ سلاد,,International,Starter/Salad,Salad,,1 bowl / 200g,1 bowl / 200g,200.00,260,4.00,24.00,16.00,3.00,0.00,3.50,14.00,Y,380.00,15.00,40.00,1.20,220.00,200 IU,12 mg,"Dairy, Eggs","Halal, Vegetarian","Pineapple, Apples, Boiled Macaroni, Mayonnaise, Fresh Cream, Black Pepper",Mixed/Chilled,Chef Shireen Anwar (Masala TV),Masala TV Network,,82,Y,Party favorite cold fruit pasta salad by Chef Shireen Anwar.
Aloo Keema Matar,آلو قیمہ مٹر,,Pakistani,Lunch/Dinner,Curry,,1 katori / 250g,1 katori / 250g,250.00,360,22.00,22.00,20.00,7.00,0.30,4.00,4.00,N,640.00,70.00,45.00,3.20,410.00,300 IU,18 mg,,Halal,"Mince Meat, Potatoes, Green Peas, Tomatoes, Onions, Spices, Ghee",Simmered,Chef Zubaida Tariq (Masala TV),Masala TV Network,,86,Y,Classic home-style potato mince peas curry by Zubaida Apa.
Mirch Ka Salan,مرچ کا سالن,,Pakistani,Lunch/Dinner,Curry,,1 katori / 200g,1 katori / 200g,200.00,240,5.00,14.00,18.00,3.50,0.00,4.50,4.00,N,520.00,0.00,80.00,2.00,280.00,1200 IU,45 mg,"Peanuts, Sesame","Halal, Vegetarian","Large Green Chilies, Peanuts, Sesame Seeds, Coconut, Tamarind, Mustard Seeds",Simmered,Chef Zubaida Tariq (Masala TV),Masala TV Network,,84,Y,Hyderabadi chili curry by Zubaida Apa.
Tala Hua Gosht,تلا ہوا گوشت,,Pakistani,Dinner,Meat,,1 serving / 200g,1 serving / 200g,200.00,420,28.00,4.00,32.00,12.00,0.40,1.00,1.50,N,680.00,95.00,30.00,3.50,340.00,40 IU,3 mg,,Halal,"Mutton/Beef Cubes, Ginger-Garlic, Curry Leaves, Black Pepper, Ghee",Pan-Fried,Chef Zubaida Tariq (Masala TV),Masala TV Network,,84,Y,Hyderabadi pan-fried crispy spiced meat by Zubaida Apa.
Besan Ki Kadhi,بیسن کی کڑھی,,Pakistani,Lunch/Dinner,Curry,,1 bowl / 250g,1 bowl / 250g,250.00,260,9.00,30.00,11.00,4.50,0.10,3.50,5.00,N,580.00,18.00,190.00,2.00,290.00,150 IU,2 mg,Dairy,"Halal, Vegetarian","Yogurt, Gram Flour, Red Chili, Turmeric, Cumin Tempering, Curry Leaves",Simmered,Chef Zubaida Tariq (Masala TV),Masala TV Network,,86,Y,Comforting desi yogurt gravy by Zubaida Apa.
Shepherd's Pie (Beef),شیفرڈ پائی,,Continental,Dinner,Baked,,1 serving / 300g,1 serving / 300g,300.00,450,24.00,38.00,22.00,9.00,0.30,4.50,5.00,N,780.00,65.00,75.00,3.20,540.00,400 IU,12 mg,Dairy,Halal,"Ground Beef, Mixed Veggies, Mashed Potato Topping, Cheddar, Butter",Baked,Chef Zarnak Sidhwa (Masala TV),Masala TV Network,,84,Y,British minced beef pie with mashed potato crust by Chef Zarnak.
Chocolate Lava Cake,چاکلیٹ لاوا کیک,,Continental,Dessert,Cake,,1 cake / 100g,1 cake / 100g,100.00,390,6.00,42.00,22.00,12.00,0.20,2.50,32.00,Y,180.00,85.00,60.00,2.50,180.00,250 IU,0.2 mg,"Gluten, Dairy, Eggs","Halal, Vegetarian","Dark Chocolate, Butter, Eggs, Sugar, Flour",Baked (Molten Center),Chef Zarnak Sidhwa (Masala TV),Masala TV Network,,84,Y,Decadent molten chocolate cake by Chef Zarnak Sidhwa.
Chicken Mushroom Crepes,چکن مشروم کریپس,,Continental,Lunch,Pastry/Wrap,,2 crepes / 220g,2 crepes / 220g,220.00,410,22.00,32.00,22.00,9.50,0.20,2.00,3.50,N,640.00,90.00,160.00,2.20,310.00,350 IU,4 mg,"Gluten, Dairy, Eggs",Halal,"Flour Crepes, Chicken, Mushrooms, Cream Sauce, Parmesan Cheese",Pan-Cooked & Baked,Chef Zarnak Sidhwa (Masala TV),Masala TV Network,,82,Y,French style savory chicken crepes by Chef Zarnak.
Tandoori Naan Pizza,تندوری نان پیزا,,Fast Food,Lunch/Snack,Pizza,,1 naan / 220g,1 naan / 220g,220.00,460,22.00,50.00,18.00,7.50,0.20,3.00,4.00,N,850.00,55.00,240.00,2.50,310.00,300 IU,6 mg,"Gluten, Dairy",Halal,"Tandoori Naan, Pizza Sauce, Tandoori Chicken, Mozzarella, Capsicum, Olives",Baked,Chef Rida Aftab (Masala TV),Masala TV Network,,84,Y,Quick fusion naan pizza by Chef Rida Aftab.
Daal Chawal Platter,دال چاول پلیٹر,,Pakistani,Lunch,Set Meal,,1 platter / 350g,1 platter / 350g,350.00,420,14.00,66.00,10.00,2.00,0.00,7.50,3.00,N,520.00,0.00,60.00,4.20,410.00,120 IU,8 mg,,"Halal, Vegetarian","Yellow Moong Dal, Steamed Rice, Zeera Rice, Mango Pickle, Salad",Mixed,Chef Rida Aftab (Masala TV),Masala TV Network,,86,Y,Everyday Pakistani comfort meal combo by Chef Rida Aftab.
Chicken Macaroni,چکن میکرونی,,Pakistani/Continental,Lunch/Snack,Pasta,,1 plate / 300g,1 plate / 300g,300.00,420,20.00,56.00,12.00,3.00,0.10,3.00,6.00,N,740.00,45.00,40.00,2.20,280.00,250 IU,15 mg,Gluten,Halal,"Elbow Macaroni, Chicken Strips, Capsicum, Carrots, Soy Sauce, Ketchup",Stir-Fried,Chef Rida Aftab (Masala TV),Masala TV Network,,84,Y,Desi style chicken macaroni by Chef Rida Aftab.
Steamed Fish with Herbs,اسٹیمڈ فش,,Continental,Dinner,Healthy/Seafood,,1 fillet / 200g,1 fillet / 200g,200.00,210,36.00,1.00,6.00,1.20,0.00,0.50,0.50,N,380.00,75.00,40.00,1.00,480.00,60 IU,8 mg,,Halal,"White Fish Fillet, Lemon, Dill, Garlic, Olive Oil, Salt, Black Pepper",Steamed,Chef Mehboob Khan (Masala TV),Masala TV Network,,88,Y,Low-calorie steamed fish by Chef Mehboob Khan.
Quinoa Chicken Bowl,کینووا چکن بول,,International,Lunch,Healthy/Grain,,1 bowl / 300g,1 bowl / 300g,300.00,380,32.00,38.00,10.00,1.80,0.00,6.00,2.50,N,460.00,65.00,60.00,3.50,520.00,400 IU,18 mg,,Halal,"Cooked Quinoa, Grilled Chicken Breast, Avocado, Cucumber, Cherry Tomatoes",Assembled,Chef Mehboob Khan (Masala TV),Masala TV Network,,88,Y,High-protein fitness bowl by Chef Mehboob.
Malai Tikka Roll,ملائی ٹکہ رول,,Pakistani,Snack/Lunch,Wrap,,1 roll / 200g,1 roll / 200g,200.00,480,22.00,44.00,24.00,7.50,0.20,3.00,3.50,N,780.00,65.00,80.00,2.20,310.00,180 IU,4 mg,"Gluten, Dairy",Halal,"Fried Paratha, Chicken Malai Boti, Onions, Garlic Mayo Sauce",Assembled,Chef Gulzar Hussain (Masala TV),Masala TV Network,,84,Y,Rich malai tikka paratha roll by Chef Gulzar.
Kabab Masala,کباب مصالحہ,,Pakistani,Dinner,Curry,,1 katori / 250g,1 katori / 250g,250.00,420,26.00,12.00,30.00,10.00,0.40,2.50,4.00,N,740.00,90.00,50.00,3.20,360.00,150 IU,6 mg,Eggs,Halal,"Beef Seekh Kebabs, Onion Tomato Gravy, Yogurt, Garam Masala, Oil",Simmered,Chef Gulzar Hussain (Masala TV),Masala TV Network,,82,Y,Spiced seekh kebabs in gravy by Chef Gulzar.
Chicken Parmesan,چکن پرمیسن,,Continental,Dinner,Protein,,1 serving / 280g,1 serving / 280g,280.00,510,38.00,24.00,28.00,11.00,0.20,2.00,3.00,N,880.00,110.00,240.00,2.50,410.00,450 IU,8 mg,"Gluten, Dairy, Eggs",Halal,"Breaded Chicken Breast, Marinara Sauce, Mozzarella, Parmesan Cheese",Fried & Baked,Chef Tahir Chaudhry (Masala TV),Masala TV Network,,84,Y,Italian-American chicken parmesan by Chef Tahir.
Beef Carpaccio (Halal),بیف کارپاچیو,,Continental,Starter,Appetizer,,1 plate / 120g,1 plate / 120g,120.00,210,24.00,2.00,12.00,4.50,0.10,0.50,0.50,N,420.00,60.00,80.00,2.50,340.00,100 IU,4 mg,Dairy,Halal,"Thinly Sliced Beef Tenderloin, Olive Oil, Lemon, Capers, Parmesan, Arugula",Raw/Chilled,Chef Tahir Chaudhry (Masala TV),Masala TV Network,,80,Y,Gourmet sliced beef appetizer by Chef Tahir.
Baked Fish Tacos,بیکڈ فش ٹیکو,,International,Lunch,Mexican,,2 tacos / 200g,2 tacos / 200g,200.00,340,22.00,34.00,12.00,2.50,0.00,3.50,4.00,N,580.00,45.00,75.00,1.80,380.00,200 IU,15 mg,Gluten,Halal,"Baked Fish Fillet, Corn Tortillas, Cabbage Slaw, Lime Crema, Cilantro",Baked/Assembled,Chef Aisha Abrar (Masala TV),Masala TV Network,,82,Y,Healthy baked fish tacos by Chef Aisha Abrar.
Chicken Teriyaki Bowl,چکن تیریاکی بول,,International,Lunch/Dinner,Japanese,,1 bowl / 350g,1 bowl / 350g,350.00,460,28.00,62.00,10.00,2.00,0.00,2.50,16.00,Y,920.00,65.00,40.00,2.20,380.00,100 IU,6 mg,"Soy, Sesame",Halal,"Steamed Rice, Teriyaki Grilled Chicken, Broccoli, Sesame Seeds, Teriyaki Glaze",Stir-Fried/Assembled,Chef Aisha Abrar (Masala TV),Masala TV Network,,84,Y,Japanese style teriyaki rice bowl by Chef Aisha Abrar.
Chicken Handi Lazeez,چکن ہانڈی لذیذ,,Pakistani,Dinner,Curry,,1 katori / 250g,1 katori / 250g,250.00,430,28.00,10.00,32.00,11.00,0.30,2.00,4.00,N,680.00,90.00,75.00,2.40,350.00,200 IU,6 mg,"Dairy, Tree Nuts",Halal,"Chicken, Cashew Paste, Yogurt, Cream, Tomatoes, Spices, Ghee",Clay Pot Simmered,Chef Kiran Khan (Masala TV),Masala TV Network,,82,Y,Rich handi curry by Chef Kiran Khan.
Sindhi Fish Curry,سندھی مچھلی سالن,,Pakistani,Lunch/Dinner,Curry,,1 katori / 250g,1 katori / 250g,250.00,320,24.00,12.00,20.00,3.50,0.10,2.50,3.50,N,680.00,65.00,55.00,2.20,380.00,100 IU,10 mg,,Halal,"River Fish, Tomatoes, Onions, Tamarind, Fenugreek, Mustard Seeds",Simmered,Chef A.R Jamali (Masala TV),Masala TV Network,,80,Y,Traditional Sindhi style fish curry by Chef A.R Jamali.
Fusion Chicken Sliders,چکن سلائیڈرز,,Fast Food,Snack,Burger,,2 sliders / 180g,2 sliders / 180g,180.00,420,22.00,38.00,20.00,6.00,0.10,2.00,5.00,N,780.00,55.00,90.00,2.00,280.00,150 IU,4 mg,"Gluten, Dairy",Halal,"Mini Buns, Grilled Chicken Patty, Cheddar Cheese, Garlic Mayo, Lettuce",Grilled/Assembled,Chef Basim Akhund (Masala TV),Masala TV Network,,82,Y,Mini chicken burgers by Chef Basim Akhund.
High Protein Egg White Omelette,ایگ وائٹ آملیٹ,,International,Breakfast,Healthy/Egg,,1 serving / 150g,1 serving / 150g,150.00,140,22.00,4.00,4.00,0.80,0.00,1.50,1.50,N,320.00,0.00,45.00,1.50,320.00,20 IU,15 mg,Eggs,"Halal, Vegetarian","Egg Whites, Spinach, Mushrooms, Tomatoes, Bell Peppers, Olive Oil Spray",Pan-Cooked,Chef Hamza Azim (Masala TV),Masala TV Network,,88,Y,Low-fat high protein egg white scramble by Chef Hamza.
Nutella Stuffed French Toast,نوٹیلا فرنچ ٹوسٹ,,Continental,Breakfast,Sweet,,1 serving / 180g,1 serving / 180g,180.00,440,10.00,58.00,18.00,7.00,0.20,3.00,32.00,Y,380.00,85.00,160.00,2.50,260.00,300 IU,1 mg,"Gluten, Dairy, Eggs, Tree Nuts","Halal, Vegetarian","Brioche Bread, Nutella Hazelnut Spread, Eggs, Milk, Butter, Maple Syrup",Pan-Cooked,Chef Mahnoor Malik (Masala TV),Masala TV Network,,82,Y,Decadent breakfast toast by Chef Mahnoor Malik.
Smoky BBQ Beef Ribs,بی بی کیو بیف ربز,,Continental,Dinner,BBQ,,1 serving / 300g,1 serving / 300g,300.00,680,38.00,16.00,52.00,22.00,0.80,1.00,12.00,N,920.00,140.00,30.00,3.80,480.00,60 IU,2 mg,,Halal,"Beef Ribs, Hickory Smoked BBQ Sauce, Garlic, Brown Sugar, Spices",Slow-Roasted,Chef Saad Ahmed (Masala TV),Masala TV Network,,80,Y,Slow-roasted tender beef ribs by Chef Saad Ahmed.
Shahi Haleem,شاہی حلیم,,Pakistani,Lunch/Dinner,Stew,,1 bowl / 300g,1 bowl / 300g,300.00,410,26.00,42.00,16.00,5.00,0.10,7.00,2.50,N,720.00,70.00,55.00,4.00,380.00,100 IU,5 mg,Gluten,Halal,"Mutton, Whole Wheat, Barley, Lentils, Ghee, Fried Onions, Chaat Masala",Slow-Cooked,Chef Samina Jalil (Masala TV),Masala TV Network,,86,Y,Royal slow-cooked mutton and grain stew by Chef Samina Jalil.
Balochi Sajji Chicken,بلوچی سجی چکن,,Pakistani,Dinner,BBQ,,1 quarter / 250g,1 quarter / 250g,250.00,440,36.00,2.00,32.00,9.00,0.20,0.50,0.50,N,620.00,110.00,35.00,2.50,340.00,0 IU,2 mg,,Halal,"Chicken Quarter, Rock Salt, Carom Seeds, Lemon Juice, Oil",Open-Fire Roasted,Chef Abida Baloch (Masala TV),Masala TV Network,,84,Y,Authentic Balochi roast chicken by Chef Abida Baloch.
Pan-Seared Salmon with Capers,پین سیرڈ سالمن,,Continental,Dinner,Seafood,,1 fillet / 200g,1 fillet / 200g,200.00,380,38.00,2.00,24.00,4.50,0.00,0.50,0.50,N,460.00,95.00,30.00,1.50,640.00,100 IU,6 mg,,Halal,"Salmon Fillet, Butter, Capers, Lemon Juice, Olive Oil, Parsley",Pan-Seared,Chef Irfan Wasti (Masala TV),Masala TV Network,,86,Y,Fine dining seared salmon by Chef Irfan Wasti.
Chicken Shashlik Skewers,چکن شاشلک اسٹک,,Pakistani/Chinese,Dinner,BBQ,,2 skewers / 180g,2 skewers / 180g,180.00,320,26.00,12.00,18.00,4.50,0.10,2.00,6.00,N,580.00,75.00,45.00,2.00,360.00,300 IU,25 mg,,Halal,"Chicken Cubes, Bell Peppers, Onions, Tomatoes, Sweet Chili Marinade",Grilled,Chef Shireen Anwar (Masala TV),Masala TV Network,,84,Y,Shashlik skewers by Chef Shireen Anwar.
Lahori Chargha (Steamed & Fried),لاہوری چرغہ,,Pakistani,Dinner,Fried Chicken,,1 quarter / 250g,1 quarter / 250g,250.00,580,38.00,8.00,42.00,10.00,0.40,1.00,1.00,N,780.00,130.00,40.00,2.80,380.00,0 IU,2 mg,,Halal,"Chicken Quarter, Whole Spices, Lemon Juice, Vinegar, Oil",Steamed then Deep Fried,Chef Zubaida Tariq (Masala TV),Masala TV Network,,84,Y,Classic Lahori steamed and fried chicken by Zubaida Apa.
White Chicken Karahi,وائٹ چکن کڑاہی,,Pakistani,Dinner,Curry,,1 katori / 250g,1 katori / 250g,250.00,420,28.00,6.00,30.00,11.00,0.30,1.50,3.00,N,640.00,90.00,70.00,2.20,340.00,200 IU,4 mg,Dairy,Halal,"Chicken, Cream, White Pepper, Ginger, Green Chilies, Cumin, Ghee",Wok Stir-Fried,Chef Shireen Anwar (Masala TV),Masala TV Network,,86,Y,Mild cream chicken karahi by Chef Shireen Anwar.
Beef Haleem (Special),بیف حلیم (خصوصی),,Pakistani,Lunch/Dinner,Stew,,1 bowl / 300g,1 bowl / 300g,300.00,440,28.00,44.00,18.00,5.50,0.10,7.50,2.50,N,780.00,75.00,60.00,4.20,410.00,100 IU,5 mg,Gluten,Halal,"Beef Shank, Wheat, Barley, Lentils, Fried Onions, Ginger, Ghee",Slow-Cooked,Chef Samina Jalil (Masala TV),Masala TV Network,,86,Y,Special rich beef haleem by Chef Samina Jalil.
Creamy Pasta Salad,کریمی پاستا سلاد,,International,Lunch,Salad,,1 bowl / 200g,1 bowl / 200g,200.00,280,6.00,28.00,16.00,3.20,0.00,2.50,4.00,N,420.00,12.00,45.00,1.50,200.00,150 IU,8 mg,"Gluten, Dairy, Eggs","Halal, Vegetarian","Boiled Pasta, Sweet Corn, Peas, Cream, Mayo, Black Pepper, Pineapple",Mixed/Cold,Chef Shireen Anwar (Masala TV),Masala TV Network,,82,Y,Party salad by Chef Shireen Anwar.
Tandoori Chicken Wings,تندوری چکن ونگز,,Pakistani,Snack/Starter,BBQ,,5 wings / 200g,5 wings / 200g,200.00,440,28.00,4.00,34.00,9.00,0.20,0.50,1.00,N,720.00,115.00,35.00,1.80,280.00,200 IU,3 mg,Dairy,Halal,"Chicken Wings, Yogurt, Tandoori Spice Blend, Lemon, Oil",Tandoor Baked,Chef Rida Aftab (Masala TV),Masala TV Network,,84,Y,Spicy tandoori wings by Chef Rida Aftab.
Fish Tikka,فش ٹکہ,,Pakistani,Dinner,BBQ,,4 pieces / 180g,4 pieces / 180g,180.00,260,28.00,4.00,14.00,2.50,0.00,0.50,1.50,N,580.00,75.00,45.00,1.20,360.00,60 IU,4 mg,Dairy,Halal,"White Fish Cubes, Yogurt, Carom Seeds, Lemon, Tandoori Masala",Grilled,Chef Tahir Chaudhry (Masala TV),Masala TV Network,,84,Y,Grilled fish tikka by Chef Tahir Chaudhry.
Chicken Mayo Roll,چکن مایو رول,,Fast Food,Snack/Lunch,Wrap,,1 roll / 200g,1 roll / 200g,200.00,510,20.00,46.00,26.00,6.50,0.10,3.00,4.00,N,820.00,55.00,75.00,2.00,280.00,150 IU,3 mg,"Gluten, Dairy, Eggs",Halal,"Paratha, Grilled Chicken, Mayonnaise, Garlic Sauce, Onions",Assembled,Chef Gulzar Hussain (Masala TV),Masala TV Network,,84,Y,Chicken mayo paratha roll by Chef Gulzar.
Zafrani Kheer,زعفرانی کھیر,,Pakistani,Dessert,Kheer,,1 bowl / 200g,1 bowl / 200g,200.00,310,8.00,44.00,11.00,6.50,0.10,1.50,30.00,Y,85.00,28.00,260.00,0.40,320.00,280 IU,1 mg,"Dairy, Tree Nuts","Halal, Vegetarian","Full-Fat Milk, Rice, Pure Saffron, Cardamom, Sugar, Pistachios",Slow-Cooked,Chef Shireen Anwar (Masala TV),Masala TV Network,,86,Y,Saffron scented rice pudding by Chef Shireen Anwar.
Chicken Handi Laziz,چکن ہانڈی لذیذ,,Pakistani,Dinner,Curry,,1 katori / 250g,1 katori / 250g,250.00,420,28.00,10.00,30.00,10.00,0.30,2.00,4.00,N,680.00,90.00,75.00,2.40,350.00,200 IU,6 mg,"Dairy, Tree Nuts",Halal,"Chicken, Cashew Paste, Yogurt, Cream, Tomatoes, Spices, Ghee",Clay Pot Simmered,Chef Kiran Khan (Masala TV),Masala TV Network,,82,Y,Rich handi curry by Chef Kiran Khan.
Creamy Chicken Soup,کریمی چکن سوپ,,Continental,Starter,Soup,,1 bowl / 250g,1 bowl / 250g,250.00,220,14.00,14.00,12.00,6.00,0.00,1.00,3.00,N,780.00,45.00,80.00,1.00,240.00,180 IU,2 mg,"Dairy, Gluten",Halal,"Chicken Broth, Shredded Chicken, Heavy Cream, Butter, Flour, Black Pepper",Simmered,Chef Zarnak Sidhwa (Masala TV),Masala TV Network,,84,Y,Cream of chicken soup by Chef Zarnak Sidhwa.
Beef Seekh Kebab Roll,بیف سیخ کباب رول,,Pakistani,Snack/Lunch,Wrap,,1 roll / 200g,1 roll / 200g,200.00,540,24.00,44.00,28.00,9.00,0.30,3.50,4.00,N,840.00,75.00,60.00,3.20,320.00,100 IU,4 mg,Gluten,Halal,"Fried Paratha, Beef Seekh Kebab, Ring Onions, Tamarind Chutney",Assembled,Chef Gulzar Hussain (Masala TV),Masala TV Network,,84,Y,Kebab paratha roll by Chef Gulzar.
Desi Ghee Panjiari,دیسی گھی پنجیری,,Pakistani,Snack/Dessert,Traditional,,1/4 cup / 50g,1/4 cup / 50g,50.00,260,5.00,26.00,15.00,7.50,0.10,2.50,18.00,Y,40.00,15.00,65.00,2.00,140.00,120 IU,0.5 mg,"Gluten, Dairy, Tree Nuts","Halal, Vegetarian","Semolina, Desi Ghee, Fox Nuts (Makhana), Almonds, Pistachios, Sugar",Roasted,Chef Zubaida Tariq (Masala TV),Masala TV Network,,86,Y,Traditional Punjabi winter energy mix by Zubaida Apa.
Vegetable Manchurian,ویجیٹیبل منچورین,,Chinese/Pakistani,Lunch/Dinner,Indo-Chinese,,1 serving / 250g,1 serving / 250g,250.00,280,6.00,34.00,13.00,2.50,0.00,4.50,12.00,N,880.00,0.00,65.00,2.00,310.00,300 IU,18 mg,"Gluten, Soy","Halal, Vegetarian","Vegetable Dumplings (Cabbage, Carrot), Soy Sauce, Ginger, Garlic, Chili Sauce",Fried & Sauced,Chef Shireen Anwar (Masala TV),Masala TV Network,,82,Y,Indo-Chinese veg balls in sauce by Chef Shireen Anwar.
Chicken Cheese Ball,چکن چیز بال,,Fast Food,Snack,Fried,,4 pieces / 120g,4 pieces / 120g,120.00,340,18.00,16.00,22.00,9.00,0.20,1.00,1.50,N,640.00,65.00,180.00,1.20,220.00,250 IU,2 mg,"Gluten, Dairy, Eggs",Halal,"Minced Chicken, Mozzarella Cheese, Breadcrumbs, Egg Wash, Spices",Deep Fried,Chef Rida Aftab (Masala TV),Masala TV Network,,84,Y,Crispy cheese stuffed chicken balls by Chef Rida Aftab.
Mutton Karahi (Dhaba Style),مٹن کڑاہی (دھابہ),,Pakistani,Dinner,Curry,,1 katori / 250g,1 katori / 250g,250.00,460,30.00,8.00,34.00,13.00,0.50,2.00,3.50,N,740.00,105.00,45.00,3.50,380.00,100 IU,8 mg,,Halal,"Bone-in Mutton, Fresh Tomatoes, Ginger Julienne, Green Chilies, Black Pepper, Oil",High Flame Wok Stir-Fry,Chef Gulzar Hussain (Masala TV),Masala TV Network,,84,Y,Dhaba style spicy mutton karahi by Chef Gulzar.
Chicken Makhni Handi,چکن مکھنی ہانڈی,,Pakistani,Dinner,Curry,,1 katori / 250g,1 katori / 250g,250.00,450,30.00,10.00,32.00,14.00,0.30,2.00,4.00,N,720.00,100.00,85.00,2.50,360.00,350 IU,6 mg,Dairy,Halal,"Boneless Chicken, Butter (Makkhan), Fresh Cream, Tomatoes, Spices",Clay Pot Cooked,Chef Shireen Anwar (Masala TV),Masala TV Network,,86,Y,Butter creamy chicken handi by Chef Shireen Anwar.
Potato Cheese Balls,پٹیٹو چیز بالز,,Fast Food,Snack,Fried,,4 pieces / 120g,4 pieces / 120g,120.00,310,8.00,28.00,18.00,7.50,0.10,2.50,2.00,N,520.00,25.00,160.00,1.20,280.00,200 IU,8 mg,"Gluten, Dairy, Eggs","Halal, Vegetarian","Mashed Potatoes, Cheddar Cheese, Herbs, Breadcrumbs, Oil",Deep Fried,Chef Rida Aftab (Masala TV),Masala TV Network,,84,Y,Crispy potato cheese snacks by Chef Rida Aftab.
White Mutton Pulao,وائٹ مٹن پلاؤ,,Pakistani,Lunch/Dinner,Rice,,1 plate / 400g,1 plate / 400g,400.00,620,30.00,66.00,24.00,8.50,0.30,2.50,1.50,N,780.00,90.00,55.00,3.50,410.00,60 IU,2 mg,Dairy,Halal,"Basmati Rice, Mutton Broth, Yogurt, White Pepper, Green Chilies, Ghee",Slow-Cooked,Chef Zubaida Tariq (Masala TV),Masala TV Network,,86,Y,Mild white mutton pulao by Zubaida Apa.
Chicken Corn Soup (Thick),چکن کارن سوپ,,Chinese/Pakistani,Starter,Soup,,1 bowl / 250g,1 bowl / 250g,250.00,180,14.00,20.00,5.00,1.50,0.00,2.00,3.50,N,760.00,45.00,30.00,1.20,220.00,120 IU,4 mg,"Eggs, Soy",Halal,"Chicken Stock, Shredded Chicken, Sweet Corn, Egg Drop, Cornstarch, Vinegar",Boiled,Chef Shireen Anwar (Masala TV),Masala TV Network,,84,Y,Thick Indo-Chinese soup by Chef Shireen Anwar.
Reshmi Kebab (Chicken),ریشمی کباب,,Pakistani,Dinner,BBQ,,4 pieces / 160g,4 pieces / 160g,160.00,320,28.00,6.00,20.00,6.50,0.10,1.50,2.00,N,540.00,85.00,55.00,1.80,300.00,150 IU,3 mg,"Dairy, Eggs",Halal,"Chicken Mince, Cream, Cheese, White Pepper, Egg, Green Chilies",Charcoal Grilled,Chef Gulzar Hussain (Masala TV),Masala TV Network,,86,Y,Silky soft chicken seekh kebab by Chef Gulzar.
Keema Paratha (Desi),قیمہ پراٹھا,,Pakistani,Breakfast/Lunch,Bread,,1 piece / 160g,1 piece / 160g,160.00,380,16.00,42.00,16.00,5.50,0.20,3.50,2.50,N,580.00,45.00,55.00,3.00,220.00,80 IU,2 mg,Gluten,Halal,"Whole Wheat Flour, Spiced Beef Mince, Ghee, Green Chilies",Pan-Fried,Chef Zubaida Tariq (Masala TV),Masala TV Network,,86,Y,Minced beef stuffed whole wheat paratha by Zubaida Apa.
Mango Mousse,مینگو موس,,Continental,Dessert,Chilled,,1 serving / 130g,1 serving / 130g,130.00,240,4.00,32.00,11.00,6.50,0.10,1.00,26.00,Y,60.00,35.00,120.00,0.30,210.00,800 IU,25 mg,Dairy,"Halal, Vegetarian","Fresh Mango Pulp, Whipped Cream, Sugar, Gelatin (Halal)",Chilled/Set,Chef Zarnak Sidhwa (Masala TV),Masala TV Network,,84,Y,Airy mango mousse dessert by Chef Zarnak Sidhwa.
Beef Seekh Kebab,بیف سیخ کباب,,Pakistani,Dinner,BBQ,,2 skewers / 140g,2 skewers / 140g,140.00,320,26.00,4.00,22.00,8.50,0.30,1.00,1.50,N,540.00,85.00,30.00,3.20,280.00,40 IU,2 mg,,Halal,"Beef Mince, Onion, Green Chilies, Coriander, Garam Masala, Fat",Grilled,Chef Gulzar Hussain (Masala TV),Masala TV Network,,86,Y,Traditional grilled beef seekh kebabs by Chef Gulzar.
Strawberry Milkshake,اسٹرابیری ملک شیک,,International,Beverage,Cold Drink,,1 glass / 300g,1 glass / 300g,300.00,260,7.00,38.00,9.00,5.00,0.10,1.50,32.00,Y,120.00,25.00,240.00,0.40,380.00,200 IU,45 mg,Dairy,"Halal, Vegetarian","Fresh Strawberries, Whole Milk, Vanilla Ice Cream, Sugar",Blended,Chef Rida Aftab (Masala TV),Masala TV Network,,84,Y,Fresh strawberry milkshake by Chef Rida Aftab.
Mutton Kunna (Chinioti),مٹن کنّہ,,Pakistani,Dinner,Stew,,1 serving / 250g,1 serving / 250g,250.00,450,30.00,8.00,32.00,13.00,0.50,2.50,3.50,N,680.00,100.00,60.00,3.80,380.00,80 IU,4 mg,,Halal,"Mutton Shank, Wheat Flour Paste, Whole Spices, Ghee, Clay Pot Cooking",Slow-Cooked in Clay Pot,Chef Zubaida Tariq (Masala TV),Masala TV Network,,86,Y,Authentic Chinioti clay pot mutton stew by Zubaida Apa.
Cold Coffee with Ice Cream,کولڈ کافی,,International,Beverage,Cold Drink,,1 glass / 300g,1 glass / 300g,300.00,280,6.00,38.00,12.00,7.00,0.10,0.50,32.00,Y,110.00,30.00,210.00,0.20,340.00,250 IU,0 mg,Dairy,"Halal, Vegetarian","Instant Coffee, Chilled Milk, Vanilla Ice Cream, Chocolate Syrup, Sugar",Blended,Chef Shireen Anwar (Masala TV),Masala TV Network,,84,Y,Creamy iced coffee shake by Chef Shireen Anwar.
Chicken Tempura,چکن ٹیمپورا,,International,Snack,Fried,,5 pieces / 150g,5 pieces / 150g,150.00,340,22.00,18.00,20.00,3.50,0.10,0.80,1.00,N,580.00,65.00,25.00,1.20,240.00,20 IU,0 mg,"Gluten, Eggs",Halal,"Chicken Strips, Tempura Batter (Ice Water, Flour, Egg), Oil",Deep Fried,Chef Tahir Chaudhry (Masala TV),Masala TV Network,,82,Y,Light crispy Japanese style chicken tempura by Chef Tahir.
Tandoori Fish,تندوری مچھلی,,Pakistani,Dinner,BBQ,,1 fillet / 200g,1 fillet / 200g,200.00,260,30.00,4.00,13.00,2.50,0.00,0.50,1.50,N,620.00,75.00,50.00,1.20,380.00,80 IU,4 mg,Dairy,Halal,"Fish Fillet, Yogurt, Lemon, Tandoori Spice Mix, Garlic",Tandoor Baked,Chef Mehboob Khan (Masala TV),Masala TV Network,,86,Y,Healthy low-fat tandoori fish by Chef Mehboob.
