dish_name,urdu_name,region_variant,portion_unit,portion_grams,calories,protein_g,carbs_g,fat_g,sugar_flag,source_1,source_2,verified,glycemic_index_category
Chicken Biryani,چکن بریانی,,1 Plate,350.0,490,28.0,55.0,18.0,N,USDA FoodData Central (rice pilaf + chicken curry components),Pakistan FCT 2001,Y,
Beef Biryani,بیف بریانی,,1 Plate,350.0,530,30.0,52.0,22.0,N,USDA FoodData Central (beef stew + rice components),Pakistan FCT 2001,Y,
Mutton Biryani,مٹن بریانی,,1 Plate,350.0,550,27.0,52.0,24.0,N,USDA FoodData Central (lamb stew + rice components),Pakistan FCT 2001,Y,
Sindhi Biryani,سندھی بریانی,Sindh,1 Plate,350.0,510,26.0,54.0,20.0,N,USDA FoodData Central (rice + meat curry components),Pakistan FCT 2001,N,
Vegetable Biryani,سبزی بریانی,,1 Plate,300.0,380,10.0,58.0,12.0,N,USDA FoodData Central (vegetable rice pilaf),Pakistan FCT 2001,Y,
Chicken Karahi,چکن کڑاہی,,1 Katori,250.0,350,32.0,8.0,22.0,N,USDA FoodData Central (chicken curry),Pakistan FCT 2001,Y,
Mutton Karahi,مٹن کڑاہی,,1 Katori,250.0,420,28.0,8.0,30.0,N,USDA FoodData Central (lamb curry),Pakistan FCT 2001,Y,
Beef Nihari,بیف نہاری,,1 Bowl,300.0,450,35.0,12.0,28.0,N,USDA FoodData Central (beef stew components),Pakistan FCT 2001,Y,
Mutton Nihari,مٹن نہاری,,1 Bowl,300.0,480,32.0,12.0,32.0,N,USDA FoodData Central (lamb stew),Pakistan FCT 2001,Y,
Haleem,حلیم,,1 Bowl,300.0,380,22.0,35.0,16.0,N,USDA FoodData Central (meat and grain stew),Pakistan FCT 2001,Y,
Chicken Korma,چکن قورمہ,,1 Katori,250.0,380,28.0,12.0,24.0,N,USDA FoodData Central (chicken curry with cream),Pakistan FCT 2001,Y,
Mutton Korma,مٹن قورمہ,,1 Katori,250.0,440,26.0,12.0,32.0,N,USDA FoodData Central (lamb curry),Pakistan FCT 2001,Y,
Aloo Gosht,آلو گوشت,,1 Katori,250.0,350,22.0,20.0,20.0,N,USDA FoodData Central (meat and potato stew),Pakistan FCT 2001,Y,
Keema Aloo,قیمہ آلو,,1 Katori,200.0,320,20.0,18.0,18.0,N,USDA FoodData Central (ground beef with vegetables),Pakistan FCT 2001,Y,
Keema Matar,قیمہ مٹر,,1 Katori,200.0,290,22.0,14.0,16.0,N,USDA FoodData Central (ground meat with peas),Pakistan FCT 2001,Y,
Chicken Handi,چکن ہانڈی,,1 Katori,250.0,370,30.0,10.0,24.0,N,USDA FoodData Central (creamy chicken curry),Pakistan FCT 2001,Y,
Chicken Achari,چکن اچاری,,1 Katori,250.0,340,30.0,8.0,22.0,N,USDA FoodData Central (chicken curry),Pakistan FCT 2001,N,
Butter Chicken,بٹر چکن,,1 Katori,250.0,400,28.0,14.0,26.0,N,USDA FoodData Central #174575 (chicken curry with cream sauce),India IFCT 2017,Y,
Yakhni Pulao,یخنی پلاؤ,,1 Plate,300.0,420,24.0,50.0,14.0,N,USDA FoodData Central (rice pilaf with meat),Pakistan FCT 2001,Y,
Kabuli Pulao,کابلی پلاؤ,KPK/Balochistan,1 Plate,300.0,450,22.0,55.0,16.0,N,USDA FoodData Central (rice pilaf),Pakistan FCT 2001,Y,
Chicken Pulao,چکن پلاؤ,,1 Plate,300.0,400,25.0,48.0,12.0,N,USDA FoodData Central (chicken rice),Pakistan FCT 2001,Y,
Daal Chawal,دال چاول,,1 Plate,350.0,380,16.0,58.0,8.0,N,USDA FoodData Central #173747 (lentils cooked) + rice,Pakistan FCT 2001,Y,
Daal Masoor,دال مسور,,1 Katori,200.0,180,12.0,24.0,4.0,N,USDA FoodData Central #173747 (lentils cooked),Pakistan FCT 2001,Y,
Daal Chana,دال چنا,,1 Katori,200.0,210,14.0,28.0,5.0,N,USDA FoodData Central #175199 (chickpeas cooked),Pakistan FCT 2001,Y,
Daal Moong,دال مونگ,,1 Katori,200.0,170,12.0,22.0,4.0,N,USDA FoodData Central #174256 (mung beans cooked),Pakistan FCT 2001,Y,
Daal Mash,دال ماش,,1 Katori,200.0,200,14.0,24.0,6.0,N,USDA FoodData Central (black gram),Pakistan FCT 2001,Y,
Chana Masala,چنا مصالحہ,,1 Katori,200.0,240,12.0,30.0,8.0,N,USDA FoodData Central #174288 (chickpeas cooked with sauce),Pakistan FCT 2001,Y,
Mixed Daal,ملی جلی دال,,1 Katori,200.0,190,13.0,25.0,5.0,N,USDA FoodData Central (mixed lentils),Pakistan FCT 2001,Y,
Palak Gosht,پالک گوشت,,1 Katori,250.0,320,24.0,10.0,20.0,N,USDA FoodData Central (spinach + meat),Pakistan FCT 2001,Y,
Bhindi Gosht,بھنڈی گوشت,,1 Katori,250.0,310,22.0,14.0,18.0,N,USDA FoodData Central (okra + meat),Pakistan FCT 2001,Y,
Karela Gosht,کریلا گوشت,,1 Katori,250.0,280,22.0,12.0,16.0,N,USDA FoodData Central (bitter gourd + meat),Pakistan FCT 2001,N,
Aloo Palak,آلو پالک,,1 Katori,200.0,180,6.0,20.0,8.0,N,USDA FoodData Central (spinach + potato),Pakistan FCT 2001,Y,
Aloo Gobi,آلو گوبھی,,1 Katori,200.0,160,5.0,18.0,7.0,N,USDA FoodData Central (cauliflower + potato),Pakistan FCT 2001,Y,
Bhindi Masala,بھنڈی مصالحہ,,1 Katori,150.0,120,4.0,12.0,6.0,N,USDA FoodData Central #169260 (okra cooked),Pakistan FCT 2001,Y,
Baingan Bharta,بینگن بھرتا,,1 Katori,200.0,150,4.0,14.0,8.0,N,USDA FoodData Central #169228 (eggplant cooked),Pakistan FCT 2001,Y,
Saag,ساگ,Punjab,1 Katori,200.0,190,8.0,14.0,12.0,N,USDA FoodData Central (mustard greens cooked),Pakistan FCT 2001,Y,
Tori Salan,توری سالن,,1 Katori,200.0,130,4.0,12.0,7.0,N,USDA FoodData Central (gourd vegetables),Pakistan FCT 2001,Y,
Kaddu Salan,کدو سالن,,1 Katori,200.0,140,3.0,18.0,6.0,N,USDA FoodData Central #170487 (pumpkin cooked),Pakistan FCT 2001,Y,
Roti (Chapati),روٹی (چپاتی),,1 Roti,40.0,120,3.5,20.0,3.0,N,USDA FoodData Central #171726 (chapati/roti),Pakistan FCT 2001,Y,
Naan,نان,,1 Naan,90.0,260,8.0,42.0,5.0,N,USDA FoodData Central #174859 (naan bread),Pakistan FCT 2001,Y,
Paratha (Plain),پراٹھا (سادہ),,1 Paratha,80.0,260,5.5,30.0,13.0,N,USDA FoodData Central (Indian paratha bread),Pakistan FCT 2001,Y,
Aloo Paratha,آلو پراٹھا,,1 Paratha,120.0,320,7.0,38.0,16.0,N,USDA FoodData Central (stuffed paratha),Pakistan FCT 2001,Y,
Keema Paratha,قیمہ پراٹھا,,1 Paratha,130.0,380,15.0,35.0,20.0,N,USDA FoodData Central (meat-filled bread),Pakistan FCT 2001,Y,
Puri,پوری,,2 Puris,60.0,210,4.0,26.0,10.0,N,USDA FoodData Central #171726 (fried bread),Pakistan FCT 2001,Y,
Kulcha,کلچہ,,1 Kulcha,80.0,240,7.0,38.0,6.0,N,USDA FoodData Central (kulcha bread),Pakistan FCT 2001,Y,
Tandoori Roti,تندوری روٹی,,1 Roti,60.0,150,5.0,28.0,2.0,N,USDA FoodData Central (tandoori roti),Pakistan FCT 2001,Y,
Sheermal,شیرمال,Lucknowi/Mughlai,1 Piece,80.0,280,6.0,35.0,12.0,N,USDA FoodData Central (sweet bread),Pakistan FCT 2001,N,
Chapli Kebab,چپلی کباب,KPK/Peshawar,2 Pieces,150.0,380,22.0,12.0,28.0,N,USDA FoodData Central (beef patty fried),Pakistan FCT 2001,Y,
Seekh Kebab,سیخ کباب,,2 Pieces,100.0,250,20.0,4.0,16.0,N,USDA FoodData Central (ground beef skewer grilled),Pakistan FCT 2001,Y,
Chicken Tikka,چکن ٹکہ,,4 Pieces,150.0,240,32.0,4.0,10.0,N,USDA FoodData Central #174580 (chicken breast grilled),Pakistan FCT 2001,Y,
Chicken Boti,چکن بوٹی,,4 Pieces,150.0,260,30.0,5.0,12.0,N,USDA FoodData Central (grilled chicken),Pakistan FCT 2001,Y,
Mutton Tikka,مٹن ٹکہ,,4 Pieces,150.0,300,26.0,4.0,20.0,N,USDA FoodData Central (lamb grilled),Pakistan FCT 2001,Y,
Malai Boti,ملائی بوٹی,,4 Pieces,150.0,290,28.0,6.0,16.0,N,USDA FoodData Central (cream-marinated chicken),Pakistan FCT 2001,N,
Reshmi Kebab,ریشمی کباب,,2 Pieces,100.0,220,22.0,6.0,12.0,N,USDA FoodData Central (chicken kebab),Pakistan FCT 2001,Y,
Gola Kebab,گولا کباب,,3 Pieces,90.0,210,18.0,5.0,12.0,N,USDA FoodData Central (beef meatball fried),Pakistan FCT 2001,Y,
Sajji,سجی,Balochistan,1 Serving,350.0,550,40.0,35.0,26.0,N,USDA FoodData Central (roasted chicken/lamb),Pakistan FCT 2001,Y,
Tikka Boti (Beef),ٹکہ بوٹی (بیف),,4 Pieces,150.0,280,28.0,4.0,16.0,N,USDA FoodData Central (beef grilled),Pakistan FCT 2001,Y,
Samosa (Beef),سموسہ (بیف),,1 Piece,80.0,250,8.0,22.0,14.0,N,USDA FoodData Central (samosa beef),Pakistan FCT 2001,Y,
Samosa (Vegetable),سموسہ (سبزی),,1 Piece,70.0,200,4.0,24.0,10.0,N,USDA FoodData Central (vegetable samosa),Pakistan FCT 2001,Y,
Pakora (Mixed Vegetable),پکوڑا (مکس سبزی),,4 Pieces,80.0,220,5.0,20.0,14.0,N,USDA FoodData Central (vegetable fritter),Pakistan FCT 2001,Y,
Pakora (Chicken),پکوڑا (چکن),,4 Pieces,100.0,280,18.0,16.0,16.0,N,USDA FoodData Central (chicken fritter),Pakistan FCT 2001,Y,
Gol Gappay,گول گپے,,6 Pieces,120.0,180,4.0,30.0,5.0,N,USDA FoodData Central (pani puri),Pakistan FCT 2001,Y,
Dahi Baray,دہی بڑے,,3 Pieces,150.0,220,8.0,28.0,8.0,N,USDA FoodData Central (dahi vada),Pakistan FCT 2001,Y,
Chaat (Fruit),فروٹ چاٹ,,1 Plate,200.0,150,2.0,32.0,2.0,Y,USDA FoodData Central (mixed fruit salad),Pakistan FCT 2001,Y,
Chana Chaat,چنا چاٹ,,1 Plate,200.0,220,10.0,32.0,6.0,N,USDA FoodData Central (chickpea salad),Pakistan FCT 2001,Y,
Aloo Chana Chaat,آلو چنا چاٹ,,1 Plate,250.0,280,10.0,40.0,8.0,N,USDA FoodData Central (chaat),Pakistan FCT 2001,Y,
Bun Kebab,بن کباب,Karachi,1 Piece,150.0,350,14.0,32.0,18.0,N,USDA FoodData Central (meat patty sandwich),Pakistan FCT 2001,Y,
Gulab Jamun,گلاب جامن,,2 Pieces,90.0,300,6.0,46.0,10.0,Y,USDA FoodData Central (gulab jamun),Pakistan FCT 2001,Y,
Jalebi,جلیبی,,3 Pieces,75.0,250,3.0,40.0,9.0,Y,USDA FoodData Central (jalebi),Pakistan FCT 2001,Y,
Kheer,کھیر,,1 Katori,150.0,200,6.0,28.0,8.0,Y,USDA FoodData Central (rice pudding),Pakistan FCT 2001,Y,
Chaunsa Mango,چونسا آم,Punjab,1 Fruit,200.0,120,1.6,30.0,0.8,Y,USDA FoodData Central,Pakistan FCT 2001,Y,
Sindhri Mango,سندھڑی آم,Sindh,1 Fruit,250.0,150,2.0,38.0,0.9,Y,USDA FoodData Central,Pakistan FCT 2001,Y,
Anwar Ratol Mango,انور رٹول آم,Punjab,1 Fruit,120.0,78,1.0,19.5,0.5,Y,USDA FoodData Central,Pakistan FCT 2001,Y,
Langra Mango,لنگڑا آم,Punjab,1 Fruit,180.0,110,1.4,27.0,0.7,Y,USDA FoodData Central,Pakistan FCT 2001,Y,
Dussehri Mango,دسیری آم,,1 Fruit,160.0,98,1.2,24.0,0.6,Y,USDA FoodData Central,Pakistan FCT 2001,Y,
Guava (Amrood),امرود,,1 Fruit,100.0,68,2.6,14.3,1.0,N,USDA FoodData Central,Pakistan FCT 2001,Y,
Kinoo (Mandarin),کنو,Punjab,1 Fruit,120.0,53,0.9,13.3,0.4,N,USDA FoodData Central,Pakistan FCT 2001,Y,
Falsa Berry,فالسہ,,1 Cup,100.0,72,1.3,14.7,0.9,N,USDA FoodData Central,Pakistan FCT 2001,Y,
Jamun (Black Plum),جامن,,1 Cup,100.0,60,0.7,14.0,0.2,N,USDA FoodData Central,Pakistan FCT 2001,Y,
Shahtoot (Mulberry),شاہتوت,,1 Cup,140.0,60,2.0,13.7,0.5,N,USDA FoodData Central,Pakistan FCT 2001,Y,
Dried Apricot (Khabani),خوبانی,KPK/GB,5 Pieces,35.0,84,1.2,22.0,0.2,Y,USDA FoodData Central,Pakistan FCT 2001,Y,
Dried Plum (Aloo Bukhara),آلو بخارا,,4 Pieces,38.0,91,0.8,24.3,0.1,Y,USDA FoodData Central,Pakistan FCT 2001,Y,
Chilgoza (Pine Nuts),چلغوزہ,KPK/Balochistan,1 Oz,28.0,191,3.9,3.7,19.4,N,USDA FoodData Central,Pakistan FCT 2001,Y,
Watermelon (Tarbooz),تربوز,,1 Cup,152.0,46,0.9,11.5,0.2,N,USDA FoodData Central,Pakistan FCT 2001,Y,
Melon (Kharbooza),خربوزہ,,1 Cup,160.0,54,1.3,13.0,0.3,Y,USDA FoodData Central,Pakistan FCT 2001,Y,
Garma Melon,گرما,Balochistan,1 Cup,160.0,48,1.1,11.8,0.2,N,USDA FoodData Central,Pakistan FCT 2001,Y,
Sarda Melon,سردا,Balochistan/KPK,1 Cup,160.0,50,1.2,12.2,0.2,N,USDA FoodData Central,Pakistan FCT 2001,Y,
Kishmish (Yellow Raisins),کشمش,,1/4 Cup,40.0,120,1.3,31.0,0.2,Y,USDA FoodData Central,Pakistan FCT 2001,Y,
Munakka (Black Raisins),منقہ,,10 Pieces,30.0,90,1.0,23.0,0.1,Y,USDA FoodData Central,Pakistan FCT 2001,Y,
Khajoor (Aseel Dates),اصیل کھجور,Sindh/Khairpur,3 Dates,24.0,66,0.4,18.0,0.1,Y,USDA FoodData Central,Pakistan FCT 2001,Y,
Buffalo Milk (Full Cream Raw),بھینس کا دودھ,,1 Cup,244.0,236,9.2,12.6,16.8,Y,USDA FoodData Central,Pakistan FCT 2001,Y,
Cow Milk (Whole),گائے کا دودھ,,1 Cup,244.0,149,7.7,11.7,8.0,Y,USDA FoodData Central,Pakistan FCT 2001,Y,
Goat Milk,بکری کا دودھ,,1 Cup,244.0,168,8.7,10.9,10.1,N,USDA FoodData Central,Pakistan FCT 2001,Y,
Camel Milk,اونٹنی کا دودھ,Balochistan/Sindh,1 Cup,244.0,134,7.5,10.5,6.8,N,USDA FoodData Central,Pakistan FCT 2001,Y,
Desi Ghee (Pure Butter Oil),دیسی گھی,,1 Tbsp,14.0,123,0.0,0.0,13.9,N,USDA FoodData Central,Pakistan FCT 2001,Y,
Butter (Unsalted Desi),مکھن,,1 Tbsp,14.0,102,0.1,0.0,11.5,N,USDA FoodData Central,Pakistan FCT 2001,Y,
Khoya (Mawa Milk Solids),کھویا,,100g,100.0,420,14.5,24.0,30.0,Y,USDA FoodData Central,Pakistan FCT 2001,Y,
Paneer (Pakistani Cottage Cheese),پنیر,,100g,100.0,298,18.3,3.4,23.5,N,USDA FoodData Central,Pakistan FCT 2001,Y,
Chicken White Karahi,چکن وائٹ کڑاہی,,1 Katori,250.0,390,32.0,8.0,25.0,N,USDA FoodData Central,Pakistan FCT 2001,Y,
Mutton White Karahi,مٹن وائٹ کڑاہی,,1 Katori,250.0,440,28.0,7.0,32.0,N,USDA FoodData Central,Pakistan FCT 2001,Y,
Green Masala Chicken,گرین مصالحہ چکن,,1 Katori,250.0,310,30.0,9.0,17.0,N,USDA FoodData Central,Pakistan FCT 2001,Y,
Beef Korma,بیف قورمہ,,1 Katori,250.0,420,28.0,12.0,28.0,N,USDA FoodData Central,Pakistan FCT 2001,Y,
Mutton Handi,مٹن ہانڈی,,1 Katori,250.0,450,27.0,10.0,33.0,N,USDA FoodData Central,Pakistan FCT 2001,Y,
Fish Handi,فش ہانڈی,,1 Katori,250.0,310,25.0,10.0,18.0,N,USDA FoodData Central,Pakistan FCT 2001,Y,
Brain Masala (Maghaz),مغز مصالحہ,,1 Katori,180.0,310,17.0,4.0,25.0,N,USDA FoodData Central,Pakistan FCT 2001,Y,
Heart Masala (Dil),دل مصالحہ,,1 Katori,180.0,240,26.0,5.0,12.0,N,USDA FoodData Central,Pakistan FCT 2001,Y,
Karela Keema,کریلا قیمہ,,1 Katori,220.0,290,20.0,10.0,16.0,N,USDA FoodData Central,Pakistan FCT 2001,Y,
Bhindi Keema,بھنڈی قیمہ,,1 Katori,220.0,310,21.0,11.0,18.0,N,USDA FoodData Central,Pakistan FCT 2001,Y,
Aloo Baingan,آلو بینگن,,1 Katori,200.0,180,4.0,22.0,9.0,N,USDA FoodData Central,Pakistan FCT 2001,Y,
Aloo Methi,آلو میتھی,,1 Katori,200.0,175,4.0,22.0,8.0,N,USDA FoodData Central,Pakistan FCT 2001,Y,
Aloo Matar,آلو مٹر,,1 Katori,200.0,185,5.0,26.0,7.0,N,USDA FoodData Central,Pakistan FCT 2001,Y,
Turai Masala,توری مصالحہ,,1 Katori,200.0,140,3.0,12.0,9.0,N,USDA FoodData Central,Pakistan FCT 2001,Y,
Tinda Masala,ٹینڈا مصالحہ,,1 Katori,200.0,130,2.5,11.0,8.0,N,USDA FoodData Central,Pakistan FCT 2001,Y,
Shimla Mirch Aloo,شملہ مرچ آلو,,1 Katori,200.0,170,3.5,22.0,8.0,N,USDA FoodData Central,Pakistan FCT 2001,Y,
Kaddu Ki Sabzi,کدو کی سبزی,,1 Katori,200.0,130,2.8,16.0,6.0,N,USDA FoodData Central,Pakistan FCT 2001,Y,
Arbi Masala,اربی مصالحہ,,1 Katori,200.0,230,4.0,38.0,8.0,N,USDA FoodData Central,Pakistan FCT 2001,Y,
Chicken Yakhni Pulao,چکن یخنی پلاؤ,,1 Plate,300.0,410,24.0,48.0,13.0,N,USDA FoodData Central,Pakistan FCT 2001,Y,
Beef Yakhni Pulao,بیف یخنی پلاؤ,,1 Plate,300.0,450,26.0,46.0,17.0,N,USDA FoodData Central,Pakistan FCT 2001,Y,
Mutton Yakhni Pulao,مٹن یخنی پلاؤ,,1 Plate,300.0,470,25.0,46.0,19.0,N,USDA FoodData Central,Pakistan FCT 2001,Y,
Chana Pulao,چنا پلاؤ,,1 Plate,300.0,380,11.0,58.0,11.0,N,USDA FoodData Central,Pakistan FCT 2001,Y,
Mung Dal Khichri,مونگ دال کھچڑی,,1 Bowl,250.0,280,9.0,44.0,7.0,N,USDA FoodData Central,Pakistan FCT 2001,Y,
Aloo Tahari,آلو تہاری,,1 Plate,300.0,360,7.0,60.0,10.0,N,USDA FoodData Central,Pakistan FCT 2001,Y,
Zarda (Sweet Rice),زردہ,,1 Plate,200.0,360,5.0,62.0,10.0,Y,USDA FoodData Central,Pakistan FCT 2001,Y,
Mutanjan (Colorful Sweet Rice),متنجن,,1 Plate,200.0,380,6.0,60.0,12.0,Y,USDA FoodData Central,Pakistan FCT 2001,N,
Fish Pulao,فش پلاؤ,,1 Plate,300.0,390,24.0,49.0,11.0,N,USDA FoodData Central,Pakistan FCT 2001,Y,
Bihari Kebab,بہاری کباب,,3 Pieces,140.0,280,26.0,4.0,17.0,N,USDA FoodData Central,Pakistan FCT 2001,Y,
Kasturi Boti,کستوری بوٹی,,4 Pieces,150.0,290,25.0,4.0,19.0,N,USDA FoodData Central,Pakistan FCT 2001,Y,
Tangdi Kebab,ٹانگڑی کباب,,2 Pieces,180.0,320,28.0,3.0,21.0,N,USDA FoodData Central,Pakistan FCT 2001,Y,
Charcoal Chicken Tikka (Breast),چکن ٹکہ بریسٹ,,1 Piece,200.0,290,42.0,2.0,12.0,N,USDA FoodData Central,Pakistan FCT 2001,Y,
Charcoal Chicken Tikka (Leg),چکن ٹکہ ران,,1 Piece,220.0,350,36.0,2.0,22.0,N,USDA FoodData Central,Pakistan FCT 2001,Y,
Kakori Kebab,کاکوری کباب,,2 Skewers,120.0,270,18.0,3.0,21.0,N,USDA FoodData Central,Pakistan FCT 2001,Y,
Peshwari Seekh Kebab,پشاوری سیخ کباب,Peshawar,2 Skewers,130.0,280,20.0,4.0,19.0,N,USDA FoodData Central,Pakistan FCT 2001,Y,
Taftan Bread,تافتان,,1 Piece,120.0,340,9.0,52.0,11.0,N,USDA FoodData Central,Pakistan FCT 2001,Y,
Bakarkhani,باقرخانی,,1 Piece,80.0,320,5.0,38.0,17.0,N,USDA FoodData Central,Pakistan FCT 2001,Y,
Kandahari Naan,قندھاری نان,KPK,1 Naan,180.0,480,14.0,88.0,7.0,N,USDA FoodData Central,Pakistan FCT 2001,Y,
Tandoori Paratha,تندوری پراٹھا,,1 Paratha,100.0,330,7.0,44.0,14.0,N,USDA FoodData Central,Pakistan FCT 2001,Y,
Gobhi Paratha,گوبھی پراٹھا,,1 Paratha,140.0,310,7.0,44.0,12.0,N,USDA FoodData Central,Pakistan FCT 2001,Y,
Dal Paratha,دال پراٹھا,,1 Paratha,130.0,320,9.0,44.0,12.0,N,USDA FoodData Central,Pakistan FCT 2001,Y,
Kachori (Dal),دال کچوری,,2 Pieces,100.0,320,7.0,36.0,17.0,N,USDA FoodData Central,Pakistan FCT 2001,Y,
Kachori (Keema),قیمہ کچوری,,2 Pieces,120.0,380,13.0,34.0,22.0,N,USDA FoodData Central,Pakistan FCT 2001,Y,
Cham Cham,چم چم,,2 Pieces,80.0,230,5.0,34.0,8.0,Y,USDA FoodData Central,India IFCT 2017,Y,
Milk Barfi,دودھ برفی,,2 Pieces,60.0,220,5.0,26.0,11.0,Y,USDA FoodData Central,Pakistan FCT 2001,Y,
Pista Barfi,پستہ برفی,,2 Pieces,60.0,230,6.0,25.0,12.0,Y,USDA FoodData Central,Pakistan FCT 2001,Y,
Besan Laddu,بیسن لڈو,,2 Pieces,60.0,270,5.0,32.0,14.0,Y,USDA FoodData Central,Pakistan FCT 2001,Y,
Motichoor Laddu,موتی چور لڈو,,2 Pieces,60.0,250,3.0,36.0,11.0,Y,USDA FoodData Central,Pakistan FCT 2001,Y,
Panjeeri,پنجیری,Punjab,1/2 Cup,60.0,310,6.0,32.0,18.0,Y,USDA FoodData Central,Pakistan FCT 2001,Y,
Gajar Ka Halwa,گاجر کا حلوا,,1 Bowl,150.0,260,5.0,34.0,12.0,Y,USDA FoodData Central,Pakistan FCT 2001,Y,
Suji Ka Halwa,سوجی کا حلوا,,1 Bowl,150.0,320,4.0,46.0,14.0,Y,USDA FoodData Central,Pakistan FCT 2001,Y,
Lahori Murgh Cholay,لاہوری مرغ چھولے,Punjab/Lahore,1 Katori,250.0,340,24.0,22.0,18.0,N,USDA FoodData Central,Pakistan FCT 2001,Y,
Karachi Nihari (Beef),کراچی نہاری,Sindh/Karachi,1 Bowl,300.0,460,38.0,22.0,24.0,N,USDA FoodData Central,Pakistan FCT 2001,Y,
Namak Mandi Karahi,نمک منڈی کڑاہی,KPK/Peshawar,1 Katori,250.0,420,30.0,4.0,32.0,N,USDA FoodData Central,Pakistan FCT 2001,Y,
Quetta Dampukht,کوئٹہ دم پخت,Balochistan/Quetta,1 Katori,220.0,410,28.0,6.0,30.0,N,USDA FoodData Central,Pakistan FCT 2001,N,
Balochi Sajji Lamb,بلوچی سجی,Balochistan,1 Portion,300.0,580,45.0,0.0,44.0,N,USDA FoodData Central,Pakistan FCT 2001,Y,
Sindhi Seyal Mani,سیال مانی,Sindh,1 Bowl,200.0,240,6.0,34.0,9.0,N,USDA FoodData Central,Pakistan FCT 2001,N,
Kashmiri Roghan Josh,روغنی جوش,Kashmir,1 Katori,250.0,390,26.0,8.0,28.0,N,USDA FoodData Central,Pakistan FCT 2001,Y,
Hunza Chapshuro,ہنزہ چپشورو,Gilgit-Baltistan,1 Piece,200.0,420,22.0,44.0,18.0,N,USDA FoodData Central,Pakistan FCT 2001,Y,
Hunza Dowdo Soup,ہنزہ داؤدو,Gilgit-Baltistan,1 Bowl,250.0,140,6.0,22.0,3.0,N,USDA FoodData Central,Pakistan FCT 2001,N,
Sajji Rice (Stuffed Chicken Sajji),چکن سجی رائس,Quetta/Balochistan,1 Plate,450.0,720,50.0,48.0,30.0,N,USDA FoodData Central,Pakistan FCT 2001,N,
Cheeseburger (Double Beef),ڈبل چیز برگر,,1 Burger,250.0,610,34.0,42.0,34.0,N,USDA FoodData Central,,Y,
Crispy Chicken Wrap,کرسپی چکن ریپ,,1 Wrap,200.0,440,20.0,45.0,20.0,N,USDA FoodData Central,,Y,
Beef Pizza Slice (Halal),بیف پیزا سلائس,,1 Slice,110.0,310,14.0,32.0,14.0,N,USDA FoodData Central,,Y,
Chicken BBQ Pizza Slice,چکن بی بی کیو پیزا,,1 Slice,115.0,290,15.0,34.0,10.0,N,USDA FoodData Central,,Y,
Falafel Sandwich,فلافل سینڈوچ,,1 Wrap,220.0,410,13.0,54.0,16.0,N,USDA FoodData Central,,Y,
Hummus with Pita,حمص,,1 Serving,180.0,320,10.0,36.0,15.0,N,USDA FoodData Central,,Y,
Shawarma Rice Bowl,شوارمہ رائس باؤل,,1 Bowl,350.0,540,32.0,52.0,22.0,N,USDA FoodData Central,,Y,
Chicken Fried Rice (Chinese Style),چائنیز چکن فرائیڈ رائس,,1 Plate,300.0,430,20.0,56.0,14.0,N,USDA FoodData Central,,Y,
Chicken Chow Mein,چکن چاؤمین,,1 Plate,300.0,450,24.0,52.0,16.0,N,USDA FoodData Central,,Y,
Chicken Manchurian,چکن منچورین,,1 Katori,220.0,280,22.0,18.0,12.0,N,USDA FoodData Central,,Y,
Hot and Sour Soup,ہاٹ اینڈ ساؤر سوپ,,1 Bowl,250.0,110,5.0,15.0,3.0,N,USDA FoodData Central,,Y,
Mushroom Soup,مشروم سوپ,,1 Bowl,250.0,180,4.0,14.0,12.0,N,USDA FoodData Central,,Y,
French Onion Soup,فرنچ انیون سوپ,,1 Bowl,250.0,220,8.0,22.0,10.0,N,USDA FoodData Central,,Y,
Greek Salad,گریک سلاد,,1 Bowl,200.0,180,5.0,12.0,13.0,N,USDA FoodData Central,,Y,
Caesar Salad,سیزر سلاد,,1 Bowl,200.0,320,12.0,18.0,22.0,N,USDA FoodData Central,,Y,
Coleslaw,کول سلا,,1/2 Cup,100.0,130,1.5,14.0,8.0,N,USDA FoodData Central,,Y,
Garden Salad,گارڈن سلاد,,1 Bowl,200.0,80,3.0,12.0,3.0,N,USDA FoodData Central,,Y,
Dahi Bhalla,دہی بھلہ,,1 Plate,200.0,280,9.0,34.0,11.0,N,USDA FoodData Central,Pakistan FCT 2001,Y,
Samosa Chaat,سموسہ چاٹ,,1 Plate,200.0,340,8.0,38.0,18.0,N,USDA FoodData Central,Pakistan FCT 2001,Y,
Matar Kulcha,مٹر کلچہ,,1 Plate,200.0,380,11.0,52.0,14.0,N,USDA FoodData Central,Pakistan FCT 2001,Y,
Kahwa (Kashmiri Green Tea),کشمیری کہوہ,Kashmir,1 Cup,200.0,35,0.8,6.0,0.8,N,USDA FoodData Central,Pakistan FCT 2001,Y,
Doodh Patti (Milk Tea),دودھ پتی,,1 Cup,200.0,120,5.0,12.0,5.0,N,USDA FoodData Central,Pakistan FCT 2001,Y,
Noon Chai (Pink Salt Tea),نون چائے,Kashmir/GB,1 Cup,200.0,130,5.0,10.0,7.0,N,USDA FoodData Central,Pakistan FCT 2001,Y,
Rooh Afza Sharbat,روح افزا شربت,,1 Glass,250.0,90,0.2,22.0,0.1,Y,Pakistan FCT 2001,Hamdard (Brand),Y,
Sattu Sharbat,ستو شربت,Punjab/Sindh,1 Glass,250.0,120,5.0,22.0,1.5,N,Pakistan FCT 2001,India IFCT 2017,Y,
Sugarcane Juice,گنے کا رس,,1 Glass,250.0,160,0.3,40.0,0.2,Y,USDA FoodData Central,Pakistan FCT 2001,Y,
Thandai,ٹھنڈائی,,1 Glass,300.0,280,8.0,36.0,12.0,Y,USDA FoodData Central,India IFCT 2017,Y,
Gulab Sharbat,گلاب شربت,,1 Glass,250.0,80,0.2,20.0,0.1,Y,Pakistan FCT 2001,,N,
Lemon Soda,لیمن سوڈا,,1 Glass,250.0,60,0.2,15.0,0.0,Y,USDA FoodData Central,,Y,
Mint Lemonade,منٹ لیمونیڈ,,1 Glass,250.0,65,0.3,16.0,0.1,Y,USDA FoodData Central,,Y,
Halwa Puri (Plate),حلوہ پوری,Punjab,1 Plate,350.0,680,12.0,76.0,36.0,Y,USDA FoodData Central,Pakistan FCT 2001,Y,
Puri (Fried Bread),پوری,,3 Pieces,90.0,280,5.0,32.0,14.0,N,USDA FoodData Central,Pakistan FCT 2001,Y,
Chana Masala (Breakfast),چنا مصالحہ,Punjab,1 Katori,200.0,220,10.0,32.0,6.0,N,USDA FoodData Central,Pakistan FCT 2001,Y,
Anda Bhurji,انڈہ بھرجی,,1 Serving,150.0,220,13.0,5.0,16.0,N,USDA FoodData Central,Pakistan FCT 2001,Y,
Masala Omelet,مصالحہ آملیٹ,,1 Piece,150.0,230,14.0,4.0,17.0,N,USDA FoodData Central,Pakistan FCT 2001,Y,
Anda Anda Paratha,انڈہ پراٹھا,,1 Paratha,130.0,330,11.0,34.0,17.0,N,USDA FoodData Central,Pakistan FCT 2001,Y,
Boiled Egg,ابلا انڈہ,,2 Eggs,100.0,155,12.5,1.1,10.6,N,USDA FoodData Central #173424,,Y,
French Toast (Desi Style),فرنچ ٹوسٹ,,2 Slices,120.0,280,9.0,30.0,14.0,N,USDA FoodData Central,,Y,
Milk and Dates (Breakfast),دودھ کھجور,,1 Serving,300.0,280,8.0,40.0,8.0,Y,USDA FoodData Central,Pakistan FCT 2001,Y,
Paratha with Lassi,پراٹھا لسی,Punjab,1 Set,400.0,580,16.0,54.0,32.0,Y,USDA FoodData Central,Pakistan FCT 2001,Y,
Daal Mash (White Lentils),دال ماش,,1 Katori,200.0,200,12.0,24.0,6.0,N,USDA FoodData Central,Pakistan FCT 2001,Y,
Daal Chana (Split Chickpeas),دال چنا,,1 Katori,200.0,230,12.0,30.0,7.0,N,USDA FoodData Central,Pakistan FCT 2001,Y,
Daal Moong (Yellow),دال مونگ,,1 Katori,200.0,185,10.0,24.0,5.5,N,USDA FoodData Central,Pakistan FCT 2001,Y,
Mix Daal (Four Lentils),مکس دال,,1 Katori,200.0,210,12.0,26.0,6.5,N,USDA FoodData Central,Pakistan FCT 2001,Y,
Moong Phalli Ki Daal,مونگ پھلی کی دال,Punjab,1 Katori,200.0,240,13.0,24.0,10.0,N,USDA FoodData Central,Pakistan FCT 2001,Y,
Daal Gosht,دال گوشت,,1 Katori,250.0,310,22.0,22.0,14.0,N,USDA FoodData Central,Pakistan FCT 2001,Y,
Chana Daal Gosht,چنا دال گوشت,,1 Katori,250.0,320,22.0,24.0,14.0,N,USDA FoodData Central,Pakistan FCT 2001,Y,
Sabut Moong,سابت مونگ,,1 Katori,200.0,190,11.0,28.0,4.5,N,USDA FoodData Central,Pakistan FCT 2001,Y,
Maash Daal (With Ghee),ماش دال گھی والی,,1 Katori,200.0,240,13.0,22.0,10.0,N,USDA FoodData Central,Pakistan FCT 2001,Y,
Sabut Masoor Daal,سابت مسور دال,,1 Katori,200.0,195,11.0,28.0,5.0,N,USDA FoodData Central,Pakistan FCT 2001,Y,
Bread Pakora,بریڈ پکوڑا,,2 Pieces,120.0,320,8.0,34.0,18.0,N,USDA FoodData Central,Pakistan FCT 2001,Y,
Aloo Pakora,آلو پکوڑا,,5 Pieces,100.0,270,5.0,30.0,15.0,N,USDA FoodData Central,Pakistan FCT 2001,Y,
Pyaz Pakora,پیاز پکوڑا,,5 Pieces,80.0,240,5.0,26.0,13.0,N,USDA FoodData Central,Pakistan FCT 2001,Y,
Palak Pakora,پالک پکوڑا,,5 Pieces,80.0,210,5.0,22.0,11.0,N,USDA FoodData Central,Pakistan FCT 2001,Y,
Corn Pakora,مکئی پکوڑا,,5 Pieces,90.0,260,6.0,30.0,13.0,N,USDA FoodData Central,Pakistan FCT 2001,Y,
Fish Pakora (Lahori),لاہوری فش پکوڑا,Lahore,3 Pieces,120.0,300,20.0,20.0,16.0,N,USDA FoodData Central,Pakistan FCT 2001,Y,
Chicken Pakora,چکن پکوڑا,,5 Pieces,120.0,330,22.0,16.0,18.0,N,USDA FoodData Central,Pakistan FCT 2001,Y,
Moong Dal Halwa,مونگ دال حلوہ,Punjab,1 Katori,150.0,420,9.0,45.0,24.0,Y,USDA FoodData Central,Pakistan FCT 2001,Y,
Lauki Halwa,لوکی حلوہ,,1 Katori,150.0,280,5.0,40.0,12.0,Y,USDA FoodData Central,Pakistan FCT 2001,Y,
Naan Khatai,نان کھٹائی,,3 Pieces,60.0,280,3.5,38.0,13.0,Y,USDA FoodData Central,Pakistan FCT 2001,Y,
Butter Chicken (Murgh Makhani),مرغ مکھنی,,1 Katori,250.0,380,28.0,14.0,24.0,N,USDA FoodData Central,India IFCT 2017,Y,
Paneer Tikka,پنیر ٹکہ,,1 Serving,200.0,340,18.0,14.0,24.0,N,USDA FoodData Central,India IFCT 2017,Y,
Aloo Tikka Masala,آلو ٹکہ مسالہ,,1 Katori,250.0,280,6.0,38.0,12.0,N,USDA FoodData Central,India IFCT 2017,Y,
Saag Paneer,ساگ پنیر,,1 Katori,200.0,290,14.0,10.0,22.0,N,USDA FoodData Central,India IFCT 2017,Y,
Matar Paneer,مٹر پنیر,,1 Katori,200.0,270,13.0,20.0,16.0,N,USDA FoodData Central,India IFCT 2017,Y,
Vegetable Biryani (Indian Style),سبزی بریانی (انڈین),,1 Plate,300.0,400,10.0,60.0,14.0,N,USDA FoodData Central,India IFCT 2017,Y,
Aloo Chaat (Indian Style),آلو چاٹ,,1 Plate,200.0,220,4.5,30.0,9.0,N,USDA FoodData Central,India IFCT 2017,Y,
Dahi Puri,دہی پوری,,5 Pieces,120.0,200,5.5,28.0,7.0,N,India IFCT 2017,,Y,
Masala Dosa,مصالحہ ڈوسہ,,1 Piece,200.0,380,8.0,56.0,14.0,N,India IFCT 2017,USDA FoodData Central,Y,
Uttapam,اتاپم,,1 Piece,150.0,210,6.0,34.0,6.0,N,India IFCT 2017,USDA FoodData Central,Y,
Spaghetti Carbonara (Halal),ہلال کاربوناری,,1 Plate,300.0,580,22.0,56.0,28.0,N,USDA FoodData Central,,Y,
Beef Bolognese Pasta,بیف بولونیز,,1 Plate,350.0,580,28.0,60.0,22.0,N,USDA FoodData Central,,Y,
Chicken Alfredo Pasta,چکن الفریڈو,,1 Plate,300.0,560,26.0,52.0,26.0,N,USDA FoodData Central,,Y,
Margherita Pizza,مارگریٹا پیزا,,2 Slices,200.0,480,18.0,56.0,20.0,N,USDA FoodData Central,,Y,
Garlic Bread,گارلک بریڈ,,3 Slices,90.0,280,6.0,30.0,16.0,N,USDA FoodData Central,,Y,
Chicken Sandwich (Grilled),گرلڈ چکن سینڈوچ,,1 Sandwich,220.0,380,24.0,34.0,16.0,N,USDA FoodData Central,,Y,
BLT Sandwich (Halal),ہلال بی ایل ٹی,,1 Sandwich,200.0,380,18.0,32.0,20.0,N,USDA FoodData Central,,Y,
Beef Steak (Grilled),گرلڈ بیف اسٹیک,,1 Steak,170.0,360,36.0,0.0,24.0,N,USDA FoodData Central #173711,,Y,
Chicken Quesadilla,چکن کیسادیا,,1 Piece,180.0,420,22.0,38.0,20.0,N,USDA FoodData Central,,Y,
Eggs Benedict,ایگز بینڈکٹ,,1 Serving,180.0,420,18.0,24.0,28.0,N,USDA FoodData Central,,Y,
Shawarma Chicken (Wrap Only),چکن شاورما ریپ,,1 Wrap,250.0,480,28.0,44.0,20.0,N,USDA FoodData Central,,Y,
Mutton Shawarma (Wrap Only),مٹن شاورما ریپ,,1 Wrap,250.0,540,26.0,42.0,26.0,N,USDA FoodData Central,,Y,
Lamb Kebab Platter,لیمب کباب پلیٹ,,1 Plate,350.0,560,38.0,28.0,30.0,N,USDA FoodData Central,,Y,
Baba Ganoush,بابا غنوش,,1/2 Cup,120.0,150,3.0,10.0,11.0,N,USDA FoodData Central,,Y,
Fattoush Salad,فتوش سلاڈ,,1 Bowl,200.0,180,4.0,22.0,9.0,N,USDA FoodData Central,,Y,
Kibbeh (Baked),کباؤ بیکڈ,,3 Pieces,180.0,380,20.0,28.0,22.0,N,USDA FoodData Central,,Y,
Kofta Tagine,کوفتہ ٹیجن,,1 Katori,250.0,380,24.0,18.0,24.0,N,USDA FoodData Central,,Y,
Mansaf (Jordanian Lamb Rice),منسف,,1 Plate,400.0,680,36.0,62.0,28.0,N,USDA FoodData Central,,Y,
Maqluba (Upside Down Rice),مقلوبہ,,1 Plate,350.0,560,24.0,58.0,22.0,N,USDA FoodData Central,,Y,
Lentil Soup (Middle Eastern),مسور سوپ,,1 Bowl,250.0,180,9.0,28.0,4.0,N,USDA FoodData Central,,Y,
Beef Noodle Soup,بیف نوڈل سوپ,,1 Bowl,400.0,420,26.0,50.0,12.0,N,USDA FoodData Central,,Y,
Wonton Soup,وونٹن سوپ,,1 Bowl,300.0,180,10.0,18.0,7.0,N,USDA FoodData Central,,Y,
Sweet and Sour Chicken,سوئیٹ اینڈ ساور چکن,,1 Katori,220.0,360,18.0,40.0,14.0,Y,USDA FoodData Central,,Y,
Spring Rolls (Beef),اسپرنگ رول,,3 Pieces,150.0,290,10.0,30.0,15.0,N,USDA FoodData Central,,Y,
Thai Green Curry (Chicken),تھائی گرین کری,,1 Katori,250.0,380,24.0,14.0,26.0,N,USDA FoodData Central,,Y,
Thai Fried Rice,تھائی فرائیڈ رائس,,1 Plate,300.0,420,16.0,52.0,16.0,N,USDA FoodData Central,,Y,
Pad Thai (Chicken),پیڈ تھائی,,1 Plate,300.0,480,22.0,54.0,20.0,N,USDA FoodData Central,,Y,
Korean Bibimbap,کوریائی بیبیمباپ,,1 Bowl,500.0,580,22.0,82.0,16.0,N,USDA FoodData Central,,Y,
Japanese Gyoza,جاپانیز گیوزا,,5 Pieces,100.0,210,10.0,24.0,8.0,N,USDA FoodData Central,,Y,
Miso Soup,میسو سوپ,,1 Bowl,250.0,50,3.0,5.0,2.0,N,USDA FoodData Central,,Y,
Sarson (Mustard Greens),سرساں کا ساگ,Punjab,1 Cup,56.0,15,1.6,2.7,0.2,N,USDA FoodData Central #170061,Pakistan FCT 2001,Y,
Palak (Raw Spinach),پالک,,1 Cup,30.0,7,0.86,1.09,0.12,N,USDA FoodData Central #168462,,Y,
Bhindi (Okra Raw),بھنڈی (کچی),,1 Cup,100.0,33,1.9,7.5,0.2,N,USDA FoodData Central #169260,Pakistan FCT 2001,Y,
Baingan (Raw Eggplant),بینگن (کچا),,100g,100.0,25,1.0,5.8,0.2,N,USDA FoodData Central #169228,Pakistan FCT 2001,Y,
Karela (Raw Bitter Gourd),کریلا (کچا),,100g,100.0,17,1.0,3.7,0.2,N,USDA FoodData Central #168393,Pakistan FCT 2001,Y,
Arvi (Raw Taro),ارویاں (کچی),,100g,100.0,112,1.5,26.5,0.2,N,USDA FoodData Central,India IFCT 2017,Y,
Shakarkandi (Sweet Potato),شکر قندی,,100g,100.0,86,1.6,20.1,0.1,N,USDA FoodData Central #168482,Pakistan FCT 2001,Y,
Turnip (Shalgam),شلجم,,100g,100.0,28,0.9,6.4,0.1,N,USDA FoodData Central,Pakistan FCT 2001,Y,
Beetroot (Chukandar),چقندر,,100g,100.0,43,1.6,9.6,0.2,N,USDA FoodData Central,Pakistan FCT 2001,Y,
Methi Leaves (Fresh),میتھی پتے (تازہ),,1 Cup,50.0,25,2.2,3.0,0.4,N,Pakistan FCT 2001,India IFCT 2017,Y,
Canola Oil,کینولا آئل,,1 Tbsp,14.0,124,0.0,0.0,14.0,N,USDA FoodData Central #172336,,Y,
Olive Oil,زیتون کا تیل,,1 Tbsp,14.0,119,0.0,0.0,13.5,N,USDA FoodData Central #171413,,Y,
Coconut Oil,ناریل کا تیل,,1 Tbsp,14.0,121,0.0,0.0,13.5,N,USDA FoodData Central #172336,,Y,
Sunflower Oil,سورج مکھی کا تیل,,1 Tbsp,14.0,124,0.0,0.0,14.0,N,USDA FoodData Central,,Y,
Soy Sauce,سویا ساس,,1 Tbsp,16.0,9,1.3,0.8,0.1,N,USDA FoodData Central #175127,,Y,
Tomato Ketchup,ٹوماٹو کیچپ,,1 Tbsp,17.0,17,0.2,4.5,0.0,N,USDA FoodData Central #172945,,Y,
Mayonnaise,مایونیز,,1 Tbsp,14.0,94,0.1,0.1,10.0,N,USDA FoodData Central #172341,,Y,
Imli Chutney (Tamarind),امیل چٹنی,,2 Tbsp,30.0,55,0.5,14.0,0.2,N,Pakistan FCT 2001,,Y,
Pudina Chutney (Mint),پودینہ چٹنی,,2 Tbsp,30.0,20,1.0,3.0,0.3,N,Pakistan FCT 2001,,Y,
Hari Mirch Chutney,ہری مرچ چٹنی,,2 Tbsp,30.0,25,1.2,4.0,0.5,N,Pakistan FCT 2001,,Y,
Brown Rice (Raw),براؤن چاول (کچا),,1 Cup,185.0,680,14.0,142.0,5.4,N,USDA FoodData Central #168878,,Y,
White Rice (Raw Basmati),سفید باسمتی (کچا),,1 Cup,185.0,679,12.8,148.0,0.6,N,USDA FoodData Central,Pakistan FCT 2001,Y,
Whole Wheat Semolina (Suji),سوجی,,1 Cup,120.0,408,12.0,84.0,1.8,N,USDA FoodData Central #169747,Pakistan FCT 2001,Y,
Oats (Rolled),جئی,,1 Cup,80.0,307,11.0,55.0,5.0,N,USDA FoodData Central #173904,,Y,
Barley (Jau Raw),جو (کچا),,1 Cup,184.0,651,23.0,135.0,4.2,N,USDA FoodData Central #170283,Pakistan FCT 2001,Y,
Corn Flour (Maize Flour),مکئی کا آٹا,,1 Cup,122.0,442,9.9,94.0,4.3,N,USDA FoodData Central #170689,Pakistan FCT 2001,Y,
Black Beans (Raw),کالی پھلیاں (کچی),,1 Cup,194.0,662,42.0,120.0,2.4,N,USDA FoodData Central #173734,,Y,
Kidney Beans (Rajma Raw),راجمہ (کچا),,1 Cup,185.0,617,42.0,111.0,0.8,N,USDA FoodData Central #175243,Pakistan FCT 2001,Y,
Soybeans (Raw),سویا بین (کچی),,1 Cup,186.0,830,74.0,56.0,37.4,Y,USDA FoodData Central #174270,,Y,
Green Peas (Matar Raw),مٹر (کچا),,1 Cup,98.0,67,4.3,11.4,0.3,N,USDA FoodData Central #170419,Pakistan FCT 2001,Y,
Chicken Thigh (Raw),چکن ران (کچا),,100g,100.0,209,15.1,0.0,16.3,N,USDA FoodData Central #171478,,Y,
Chicken Wings (Raw),چکن ونگ (کچا),,100g,100.0,222,18.3,0.0,16.2,N,USDA FoodData Central #171477,,Y,
Mutton/Lamb Leg (Raw),مٹن ران (کچا),,100g,100.0,258,17.1,0.0,20.6,N,USDA FoodData Central #172158,Pakistan FCT 2001,Y,
Goat Meat (Raw),بکرا (کچا),,100g,100.0,109,20.6,0.0,2.3,N,USDA FoodData Central #175166,Pakistan FCT 2001,Y,
Beef Ribs (Raw),بیف ریبز (کچا),,100g,100.0,291,17.5,0.0,24.4,N,USDA FoodData Central,,Y,
Beef Brisket (Raw),بیف برسکٹ (کچا),,100g,100.0,267,18.0,0.0,21.0,N,USDA FoodData Central,,Y,
Catfish (Raw),کیٹ فش (کچی),,100g,100.0,95,14.6,0.0,4.0,N,USDA FoodData Central #174194,Pakistan FCT 2001,Y,
Trout (Raw),ٹراؤٹ مچھلی,,100g,100.0,141,19.9,0.0,6.2,N,USDA FoodData Central #175153,Pakistan FCT 2001,Y,
Crab (Raw),کیکڑا,,100g,100.0,87,18.1,0.0,1.1,N,USDA FoodData Central #174202,Pakistan FCT 2001,Y,
Squid (Raw),اسکویڈ (کچا),,100g,100.0,92,15.6,3.1,1.4,N,USDA FoodData Central #175176,Pakistan FCT 2001,Y,
Achari Aloo,اچاری آلو,,1 Katori,200.0,210,4.0,28.0,9.0,N,USDA FoodData Central,Pakistan FCT 2001,Y,
Zeera Aloo,زیرہ آلو,,1 Katori,200.0,195,4.0,28.0,8.0,N,USDA FoodData Central,Pakistan FCT 2001,Y,
Aloo Ki Bhujia,آلو کی بھجیا,,1 Katori,200.0,200,4.0,28.0,9.0,N,USDA FoodData Central,Pakistan FCT 2001,Y,
Chana Masala (Dinner),چنا مصالحہ (کھانہ),,1 Katori,200.0,245,10.0,35.0,7.0,N,USDA FoodData Central,Pakistan FCT 2001,Y,
Daal Fry,دال فرائی,,1 Katori,200.0,210,10.0,26.0,7.0,N,USDA FoodData Central,Pakistan FCT 2001,Y,
Chicken Manchow Soup,چکن مانچو سوپ,,1 Bowl,250.0,160,8.0,18.0,5.0,N,USDA FoodData Central,,Y,
Bihari Dal Puri,بہاری دال پوری,,3 Pieces,110.0,320,8.0,36.0,16.0,N,USDA FoodData Central,Pakistan FCT 2001,Y,
Shahi Tukray,شاہی ٹکڑے,,2 Pieces,120.0,360,7.0,42.0,18.0,Y,USDA FoodData Central,Pakistan FCT 2001,Y,
Kheer (Rice Pudding),کھیر,,1 Bowl,200.0,260,6.0,38.0,9.0,Y,USDA FoodData Central,Pakistan FCT 2001,Y,
Macaroons (Coconut),ناریل ماکارون,,3 Pieces,60.0,240,2.0,32.0,12.0,Y,USDA FoodData Central,,Y,
Chicken Keema Matar,چکن قیمہ مٹر,,1 Katori,200.0,320,24.0,18.0,17.0,N,USDA FoodData Central,Pakistan FCT 2001,Y,
Chicken Karahi (Dhaba Style),چکن کڑاہی (ڈھابہ),,1 Katori,250.0,360,30.0,8.0,23.0,N,USDA FoodData Central,Pakistan FCT 2001,Y,
Mutton Keema,مٹن قیمہ,,1 Katori,200.0,350,24.0,8.0,25.0,N,USDA FoodData Central,Pakistan FCT 2001,Y,
Beef Paya,بیف پایہ,,1 Bowl,300.0,380,28.0,18.0,22.0,N,USDA FoodData Central,Pakistan FCT 2001,N,
Goat Paya,بکرا پایہ,,1 Bowl,250.0,340,26.0,16.0,20.0,N,USDA FoodData Central,Pakistan FCT 2001,N,
Chicken Siri Paya,چکن سری پایہ,,1 Bowl,250.0,360,28.0,14.0,22.0,N,USDA FoodData Central,Pakistan FCT 2001,N,
Gosht Ka Korma,گوشت کا قورمہ,Punjab,1 Katori,250.0,450,27.0,14.0,32.0,N,USDA FoodData Central,Pakistan FCT 2001,Y,
Chicken Qorma (Punjabi),چکن قورمہ (پنجابی),Punjab,1 Katori,250.0,400,28.0,14.0,26.0,N,USDA FoodData Central,Pakistan FCT 2001,Y,
Desi Mutton Raan,دیسی مٹن ران,,1 Serving,300.0,520,40.0,6.0,38.0,N,USDA FoodData Central,Pakistan FCT 2001,Y,
Chicken Changezi,چکن چنگیزی,,1 Katori,250.0,420,30.0,10.0,30.0,N,USDA FoodData Central,Pakistan FCT 2001,N,
Hyderabadi Biryani,حیدرآبادی بریانی,,1 Plate,350.0,540,28.0,56.0,21.0,N,USDA FoodData Central,India IFCT 2017,Y,
Kolachi Biryani,کولاچی بریانی,Karachi,1 Plate,350.0,500,27.0,54.0,20.0,N,USDA FoodData Central,Pakistan FCT 2001,Y,
Aloo Gosht Biryani,آلو گوشت بریانی,,1 Plate,350.0,555,28.0,54.0,22.0,N,USDA FoodData Central,Pakistan FCT 2001,Y,
Makhni Biryani,مکھنی بریانی,,1 Plate,350.0,580,30.0,56.0,25.0,N,USDA FoodData Central,Pakistan FCT 2001,Y,
Ghee Rice (Makhni Chawal),گھی چاول,,1 Plate,250.0,380,6.0,56.0,14.0,N,USDA FoodData Central,Pakistan FCT 2001,Y,
Peas Pulao (Matar Pulao),مٹر پلاؤ,,1 Plate,250.0,360,8.0,58.0,10.0,N,USDA FoodData Central,Pakistan FCT 2001,Y,
Chicken Biryani (Brown Rice),چکن بریانی (براؤن رائس),,1 Plate,350.0,480,28.0,54.0,17.0,N,USDA FoodData Central,Pakistan FCT 2001,Y,
Sindhi Biryani (Mutton),سندھی بریانی (مٹن),Sindh,1 Plate,350.0,560,28.0,54.0,22.0,N,USDA FoodData Central,Pakistan FCT 2001,Y,
Shadi Wali Biryani,شادی والی بریانی,,1 Plate,400.0,610,34.0,58.0,26.0,N,USDA FoodData Central,Pakistan FCT 2001,Y,
Kofta Pulao,کوفتہ پلاؤ,,1 Plate,300.0,450,22.0,52.0,16.0,N,USDA FoodData Central,Pakistan FCT 2001,Y,
Grilled Pomfret,گرلڈ پمفریٹ,Karachi,1 Fish,250.0,300,38.0,2.0,16.0,N,USDA FoodData Central,Pakistan FCT 2001,Y,
Masala Rohu Fish,مصالحہ روہو مچھلی,,1 Katori,200.0,260,24.0,10.0,14.0,N,USDA FoodData Central,Pakistan FCT 2001,Y,
Tawa Machli,توا مچھلی,Punjab/Lahore,2 Pieces,200.0,340,28.0,14.0,20.0,N,USDA FoodData Central,Pakistan FCT 2001,Y,
Karachi Prawn Curry,کراچی پراون کری,Karachi,1 Katori,200.0,240,22.0,9.0,13.0,N,USDA FoodData Central,Pakistan FCT 2001,Y,
Prawn Tikka,پراون ٹکہ,,6 Pieces,150.0,190,22.0,4.0,9.0,N,USDA FoodData Central,Pakistan FCT 2001,Y,
Butter Garlic Prawns,بٹر گارلک پراونز,,1 Serving,150.0,240,20.0,4.0,16.0,N,USDA FoodData Central,,Y,
Fish and Chips,فش اینڈ چپس,,1 Plate,350.0,680,28.0,62.0,35.0,N,USDA FoodData Central,,Y,
Calamari Rings,کالامری رنگز,,1 Plate,150.0,290,16.0,22.0,15.0,N,USDA FoodData Central,,Y,
Grilled Sea Bass,گرلڈ سی باس,,1 Fillet,200.0,260,34.0,0.0,13.0,N,USDA FoodData Central,,Y,
Shrimp Scampi,شریمپ اسکامپی,,1 Plate,250.0,520,26.0,44.0,24.0,N,USDA FoodData Central,,Y,
Chicken Tikka Sandwich,چکن ٹکہ سینڈوچ,,1 Sandwich,200.0,380,22.0,34.0,16.0,N,USDA FoodData Central,Pakistan FCT 2001,Y,
Beef Shawarma Sub,بیف شاورما سب,,1 Sandwich,250.0,540,28.0,46.0,26.0,N,USDA FoodData Central,,Y,
Tuna Wrap,ٹونا ریپ,,1 Wrap,200.0,350,24.0,34.0,15.0,N,USDA FoodData Central,,Y,
Egg Salad Sandwich,انڈہ سلاد سینڈوچ,,1 Sandwich,180.0,340,14.0,28.0,18.0,N,USDA FoodData Central,,Y,
Chicken Pesto Wrap,چکن پیسٹو ریپ,,1 Wrap,220.0,440,26.0,38.0,20.0,N,USDA FoodData Central,,Y,
Waldorf Salad,والڈورف سلاد,,1 Bowl,200.0,220,4.0,24.0,14.0,Y,USDA FoodData Central,,Y,
Chicken Nicoise Salad,چکن نیکواز سلاد,,1 Bowl,300.0,380,28.0,24.0,20.0,N,USDA FoodData Central,,Y,
Pasta Salad,پاستا سلاد,,1 Bowl,250.0,380,10.0,44.0,18.0,N,USDA FoodData Central,,Y,
Mango Salad (Thai),تھائی آم سلاد,,1 Bowl,200.0,140,3.0,28.0,4.0,Y,USDA FoodData Central,,Y,
Tabouleh,تبولہ,,1 Bowl,200.0,150,4.0,22.0,6.0,N,USDA FoodData Central,,Y,
Kunafa,کنافہ,,1 Slice,120.0,380,8.0,48.0,18.0,Y,USDA FoodData Central,,Y,
Baklava,بقلاوہ,,3 Pieces,80.0,300,4.0,34.0,18.0,Y,USDA FoodData Central,,Y,
Chocolate Mousse,چاکلیٹ موس,,1 Cup,120.0,310,5.0,24.0,22.0,Y,USDA FoodData Central,,Y,
Creme Brulee,کریم بریلی,,1 Piece,120.0,290,5.0,22.0,20.0,Y,USDA FoodData Central,,Y,
Tiramisu,تیرامیسو,,1 Slice,120.0,380,6.0,36.0,24.0,Y,USDA FoodData Central,,Y,
New York Cheesecake,نیویارک چیز کیک,,1 Slice,130.0,440,8.0,38.0,28.0,Y,USDA FoodData Central,,Y,
Apple Pie,ایپل پائی,,1 Slice,125.0,320,3.0,46.0,14.0,Y,USDA FoodData Central,,Y,
Tres Leches Cake,تریس لیچیس کیک,,1 Slice,130.0,380,8.0,48.0,18.0,Y,USDA FoodData Central,,Y,
Lemon Tart,لیمن ٹارٹ,,1 Slice,100.0,340,5.0,40.0,18.0,Y,USDA FoodData Central,,Y,
Red Velvet Cake,ریڈ ویلویٹ کیک,,1 Slice,110.0,380,5.0,48.0,20.0,Y,USDA FoodData Central,,Y,
Mango Smoothie,آم اسموتھی,,1 Glass,300.0,220,5.0,48.0,3.0,Y,USDA FoodData Central,Pakistan FCT 2001,Y,
Strawberry Banana Smoothie,اسٹرابیری بنانا اسموتھی,,1 Glass,300.0,230,6.0,48.0,3.0,Y,USDA FoodData Central,,Y,
Green Detox Smoothie,گرین ڈیٹاکس اسموتھی,,1 Glass,300.0,150,5.0,32.0,2.0,Y,USDA FoodData Central,,Y,
Protein Shake (Whey Vanilla),پروٹین شیک,,1 Shake,350.0,280,30.0,28.0,5.0,N,USDA FoodData Central,,Y,
Matcha Latte,ماچا لٹے,,1 Cup,240.0,150,6.0,18.0,5.0,N,USDA FoodData Central,,Y,
Cold Brew Coffee,کولڈ بریو کافی,,1 Glass,300.0,15,0.3,3.0,0.0,N,USDA FoodData Central,,Y,
Lychee Juice,لیچی جوس,,1 Glass,250.0,110,0.5,28.0,0.2,Y,USDA FoodData Central,Pakistan FCT 2001,Y,
Guava Juice,امرود کا رس,,1 Glass,250.0,120,1.5,28.0,0.6,Y,USDA FoodData Central,Pakistan FCT 2001,Y,
Orange Juice (Fresh),تازہ نارنجی کا رس,,1 Glass,250.0,110,1.5,26.0,0.3,Y,USDA FoodData Central #169098,,Y,
Apple Juice (Fresh),تازہ سیب کا رس,,1 Glass,250.0,115,0.2,28.0,0.2,Y,USDA FoodData Central #168869,,Y,
Avocado Toast,ایوکاڈو ٹوسٹ,,1 Slice,120.0,220,6.0,20.0,14.0,N,USDA FoodData Central,,Y,
Overnight Oats,اوورنایٹ اوٹس,,1 Jar,300.0,380,12.0,58.0,10.0,Y,USDA FoodData Central,,Y,
Chia Pudding,چیا پڈنگ,,1 Cup,250.0,280,8.0,32.0,14.0,Y,USDA FoodData Central,,Y,
Granola with Yogurt,گرانولا یوگرٹ,,1 Bowl,250.0,360,12.0,52.0,12.0,Y,USDA FoodData Central,,Y,
Egg White Omelette,انڈے کی سفیدی آملیٹ,,1 Omelette,120.0,120,18.0,2.0,4.0,N,USDA FoodData Central,,Y,
Greek Yogurt Bowl,گریک یوگرٹ باؤل,,1 Cup,200.0,180,15.0,18.0,4.0,Y,USDA FoodData Central,,Y,
Smoothie Bowl (Acai),اکائی اسموتھی باؤل,,1 Bowl,300.0,320,8.0,58.0,8.0,Y,USDA FoodData Central,,Y,
Shakshuka,شکشوکہ,,1 Serving,250.0,240,14.0,18.0,14.0,N,USDA FoodData Central,,Y,
French Crepes,فرنچ کریپس,,2 Pieces,100.0,180,6.0,22.0,8.0,N,USDA FoodData Central,,Y,
Belgian Waffles with Berries,بیلجیئن وافلز,,1 Waffle,120.0,340,7.0,48.0,14.0,Y,USDA FoodData Central,,Y,
Chicken Hot Wings,چکن ہاٹ ونگز,,6 Pieces,150.0,380,24.0,10.0,28.0,N,USDA FoodData Central,,Y,
Onion Rings,انیون رنگز,,8 Pieces,90.0,260,4.0,32.0,13.0,N,USDA FoodData Central,,Y,
Loaded Nachos,لوڈڈ ناچوز,,1 Plate,200.0,540,18.0,50.0,30.0,N,USDA FoodData Central,,Y,
Corn Dog,کارن ڈاگ,,1 Piece,90.0,240,8.0,24.0,12.0,N,USDA FoodData Central,,Y,
Fish Taco,فش ٹیکو,,2 Tacos,200.0,380,18.0,38.0,18.0,N,USDA FoodData Central,,Y,
Bean Burrito,بین بریٹو,,1 Burrito,250.0,480,18.0,66.0,16.0,N,USDA FoodData Central,,Y,
Chicken Tacos,چکن ٹیکو,,2 Tacos,180.0,360,20.0,38.0,15.0,N,USDA FoodData Central,,Y,
Churros,چرو,,3 Pieces,90.0,290,4.0,40.0,14.0,Y,USDA FoodData Central,,Y,
Sushi Roll (California),سوشی رول,,8 Pieces,200.0,320,10.0,44.0,12.0,N,USDA FoodData Central,,Y,
Edamame,ادامامے,,1 Cup,155.0,189,17.0,14.0,8.0,N,USDA FoodData Central #168411,,Y,
Chicken Shawarma (Platter),شاورما پلیٹ,,1 Plate,400.0,620,34.0,52.0,28.0,N,USDA FoodData Central,,Y,
Lamb Rack (Grilled),گرلڈ لیمب ریک,,3 Ribs,210.0,480,32.0,0.0,38.0,N,USDA FoodData Central,,Y,
Beef Tenderloin Steak,بیف ٹینڈرلوئن,,1 Fillet,170.0,340,34.0,0.0,22.0,N,USDA FoodData Central,,Y,
Pasta Primavera,پاستا پریماویرا,,1 Plate,300.0,420,14.0,64.0,12.0,N,USDA FoodData Central,,Y,
Vegetarian Lasagna,ویجیٹیرین لازانیا,,1 Serving,280.0,380,18.0,44.0,15.0,N,USDA FoodData Central,,Y,
Moussaka,موساکا,,1 Serving,280.0,420,20.0,28.0,26.0,N,USDA FoodData Central,,Y,
Chicken Marsala,چکن مارسالا,,1 Serving,200.0,360,30.0,14.0,20.0,N,USDA FoodData Central,,Y,
Beef Stroganoff,بیف اسٹروگانوف,,1 Plate,300.0,520,28.0,44.0,24.0,N,USDA FoodData Central,,Y,
Chicken Pot Pie,چکن پاٹ پائی,,1 Serving,280.0,480,22.0,44.0,24.0,N,USDA FoodData Central,,Y,
Shepherd's Pie,شیفرڈ پائی,,1 Serving,300.0,420,22.0,42.0,18.0,N,USDA FoodData Central,,Y,
Pasanda,پسندہ,,1 Katori,250.0,420,32.0,10.0,26.0,N,USDA FoodData Central,Pakistan FCT 2001,Y,
Kofta Curry (Meatball),کوفتہ کری,,1 Katori,250.0,380,26.0,14.0,24.0,N,USDA FoodData Central,Pakistan FCT 2001,Y,
Nargisi Kofta,نرگسی کوفتہ,,1 Serving,300.0,450,30.0,16.0,28.0,N,USDA FoodData Central,Pakistan FCT 2001,Y,
Aloo Keema,آلو قیمہ,,1 Katori,250.0,340,22.0,22.0,18.0,N,USDA FoodData Central,Pakistan FCT 2001,Y,
Matar Keema,مٹر قیمہ,,1 Katori,250.0,350,24.0,20.0,18.0,N,USDA FoodData Central,Pakistan FCT 2001,Y,
Shimla Mirch Keema,شملہ مرچ قیمہ,,1 Katori,250.0,330,22.0,18.0,18.0,N,USDA FoodData Central,Pakistan FCT 2001,Y,
Gobi Gosht,گوبھی گوشت,,1 Katori,250.0,350,24.0,16.0,22.0,N,USDA FoodData Central,Pakistan FCT 2001,Y,
Tinda Gosht,ٹنڈا گوشت,,1 Katori,250.0,320,24.0,14.0,18.0,N,USDA FoodData Central,Pakistan FCT 2001,Y,
Arvi Gosht,اروی گوشت,,1 Katori,250.0,380,24.0,24.0,20.0,N,USDA FoodData Central,Pakistan FCT 2001,Y,
Lauki Gosht,لوکی گوشت,,1 Katori,250.0,310,24.0,12.0,18.0,N,USDA FoodData Central,Pakistan FCT 2001,Y,
Shalgam Gosht,شلجم گوشت,,1 Katori,250.0,330,24.0,14.0,18.0,N,USDA FoodData Central,Pakistan FCT 2001,Y,
Aloo Anday (Potato & Egg),آلو انڈے,,1 Katori,250.0,280,12.0,24.0,16.0,N,USDA FoodData Central,Pakistan FCT 2001,Y,
Chicken Jalfrezi,چکن جل فریزی,,1 Katori,250.0,320,28.0,16.0,16.0,N,USDA FoodData Central,Pakistan FCT 2001,Y,
Mutanjan (Meat),متنجن گوشت,,1 Plate,350.0,580,28.0,62.0,24.0,Y,USDA FoodData Central,Pakistan FCT 2001,N,
Prawn Biryani,پراون بریانی,Karachi,1 Plate,350.0,510,24.0,60.0,18.0,N,USDA FoodData Central,Pakistan FCT 2001,Y,
Fish Biryani,فش بریانی,Karachi,1 Plate,350.0,490,26.0,58.0,16.0,N,USDA FoodData Central,Pakistan FCT 2001,Y,
Bannu Beef Pulao,بنوں بیف پلاؤ,KPK,1 Plate,400.0,680,32.0,64.0,32.0,N,USDA FoodData Central,Pakistan FCT 2001,Y,
Meethe Chawal (Gur Wale),گڑ والے چاول,Punjab,1 Plate,250.0,380,5.0,72.0,8.0,Y,USDA FoodData Central,Pakistan FCT 2001,Y,
"Khichdi (Moong Dal, Plain)",کھچڑی (سادہ),,1 Plate,250.0,260,8.0,45.0,4.0,N,USDA FoodData Central,Pakistan FCT 2001,Y,
Afghani Boti,افغانی بوٹی,,4 Pieces,150.0,280,26.0,2.0,18.0,N,USDA FoodData Central,Pakistan FCT 2001,Y,
Chapli Kebab (Mutton),چپلی کباب (مٹن),KPK,1 Kebab,180.0,480,28.0,12.0,35.0,N,USDA FoodData Central,Pakistan FCT 2001,Y,
Seekh Kebab (Chicken),چکن سیخ کباب,,2 Skewers,120.0,220,22.0,4.0,12.0,N,USDA FoodData Central,Pakistan FCT 2001,Y,
Zinger Burger,زنگر برگر,,1 Burger,250.0,560,26.0,52.0,28.0,N,USDA FoodData Central,,Y,
Club Sandwich,کلب سینڈوچ,,1 Sandwich,250.0,480,24.0,42.0,24.0,N,USDA FoodData Central,,Y,
Broast Chicken (Quarter),چکن بروسٹ,Karachi,1 Piece,200.0,490,32.0,18.0,32.0,N,USDA FoodData Central,,Y,
Loaded Fries,لوڈڈ فرائز,,1 Plate,250.0,620,14.0,64.0,34.0,N,USDA FoodData Central,,Y,
Sarson Ka Saag (Cooked),سرساں کا ساگ,Punjab,1 Katori,250.0,180,6.0,18.0,10.0,N,USDA FoodData Central,Pakistan FCT 2001,Y,
Makki Ki Roti,مکئی کی روٹی,Punjab,1 Roti,100.0,220,5.0,44.0,3.0,N,USDA FoodData Central,Pakistan FCT 2001,Y,
Aloo Gajar Matar,آلو گاجر مٹر,,1 Katori,200.0,165,4.0,24.0,7.0,N,USDA FoodData Central,Pakistan FCT 2001,Y,
Mix Sabzi (Mixed Veg),مکس سبزی,,1 Katori,200.0,180,4.0,22.0,9.0,N,USDA FoodData Central,Pakistan FCT 2001,Y,
Gia Tori (Sponge Gourd),توری,,1 Katori,200.0,120,2.0,14.0,7.0,N,USDA FoodData Central,Pakistan FCT 2001,Y,
Karele Ki Sabzi (Dry),کریلے کی سبزی,,1 Katori,200.0,190,4.0,16.0,13.0,N,USDA FoodData Central,Pakistan FCT 2001,Y,
Baingan Ka Bharta,بینگن کا بھرتہ,,1 Katori,200.0,160,3.0,18.0,9.0,N,USDA FoodData Central,Pakistan FCT 2001,Y,
Lauki Chana Dal,لوکی چنا دال,,1 Katori,200.0,180,8.0,26.0,5.0,N,USDA FoodData Central,Pakistan FCT 2001,Y,
Shalgam Chana Dal,شلجم چنا دال,,1 Katori,200.0,190,8.0,28.0,5.0,N,USDA FoodData Central,Pakistan FCT 2001,Y,
Mooli Ki Roti,مولی کی روٹی,,1 Paratha,140.0,280,6.0,44.0,9.0,N,USDA FoodData Central,Pakistan FCT 2001,Y,
Besan Ki Roti (Missi Roti),بیسن کی روٹی,,1 Roti,100.0,260,10.0,40.0,7.0,N,USDA FoodData Central,Pakistan FCT 2001,Y,
Golgappe (Pani Puri),گول گپے,,6 Pieces,150.0,180,4.0,30.0,5.0,N,USDA FoodData Central,Pakistan FCT 2001,Y,
Chaat (Fruit Chaat),فروٹ چاٹ,,1 Bowl,200.0,120,1.5,30.0,0.5,Y,USDA FoodData Central,Pakistan FCT 2001,Y,
Aloo Tikki,آلو ٹکی,,2 Pieces,120.0,260,4.0,32.0,13.0,N,USDA FoodData Central,Pakistan FCT 2001,Y,
Bun Kebab (Daal/Aloo),بن کباب,Karachi,1 Burger,200.0,320,10.0,48.0,10.0,N,USDA FoodData Central,Pakistan FCT 2001,Y,
Shami Kebab (Beef),شامی کباب,,2 Pieces,100.0,240,16.0,14.0,13.0,N,USDA FoodData Central,Pakistan FCT 2001,Y,
Shami Kebab (Chicken),چکن شامی کباب,,2 Pieces,100.0,210,16.0,14.0,10.0,N,USDA FoodData Central,Pakistan FCT 2001,Y,
Chicken Roll (Paratha Roll),چکن پراٹھا رول,,1 Roll,220.0,520,22.0,48.0,26.0,N,USDA FoodData Central,,Y,
Beef Roll (Paratha Roll),بیف پراٹھا رول,,1 Roll,220.0,560,24.0,46.0,30.0,N,USDA FoodData Central,,Y,
Namak Pare,نمک پارے,,1/2 Cup,50.0,260,4.0,28.0,15.0,N,USDA FoodData Central,Pakistan FCT 2001,Y,
Rasgulla,رسگلہ,,2 Pieces,100.0,240,6.0,42.0,5.0,Y,USDA FoodData Central,India IFCT 2017,Y,
Ras Malai,رس ملائی,,1 Bowl,150.0,310,9.0,35.0,14.0,Y,USDA FoodData Central,Pakistan FCT 2001,Y,
Gajrela (Carrot Kheer),گجریلا,,1 Bowl,200.0,240,6.0,38.0,7.0,Y,USDA FoodData Central,Pakistan FCT 2001,Y,
Sheer Khurma,شیر خرمہ,,1 Bowl,200.0,290,8.0,44.0,9.0,Y,USDA FoodData Central,Pakistan FCT 2001,Y,
Firni (Phiri),پھرنی,,1 Bowl,150.0,210,5.0,32.0,7.0,Y,USDA FoodData Central,Pakistan FCT 2001,Y,
Zarda (Mutanjan),زردہ دیگی,,1 Plate,200.0,380,5.0,66.0,11.0,Y,USDA FoodData Central,Pakistan FCT 2001,Y,
Khoya (Unsweetened),کھویا (پھیکا),,100g,100.0,360,18.0,12.0,26.0,N,India IFCT 2017,Pakistan FCT 2001,Y,
Soan Papdi,سون پاپڑی,,2 Pieces,50.0,250,3.0,34.0,12.0,Y,USDA FoodData Central,,Y,
Patisa,پتیسہ,,2 Pieces,60.0,290,4.0,36.0,15.0,Y,USDA FoodData Central,,Y,
Fruit Cake (Bakery),فروٹ کیک,,1 Slice,80.0,310,4.0,42.0,14.0,Y,USDA FoodData Central,,Y,
Cake Rusk,کیک رسک,,2 Pieces,60.0,260,4.0,36.0,11.0,Y,USDA FoodData Central,,Y,
Baqarkhani (Sweet),میٹھی باقر خانی,,1 Piece,80.0,340,5.0,44.0,16.0,N,USDA FoodData Central,,Y,
Zeera Biscuit (Cumin),زیرہ بسکٹ,,4 Pieces,50.0,240,4.0,30.0,12.0,N,USDA FoodData Central,,Y,
Almonds (Badam Raw),بادام (کچا),,28g,28.0,164,6.0,6.0,14.0,N,USDA FoodData Central #170567,,Y,
Walnuts (Akhrot Raw),اخروٹ (کچا),,28g,28.0,185,4.3,3.9,18.5,N,USDA FoodData Central #170187,,Y,
Pistachios (Pista Raw),پستہ (کچا),,28g,28.0,159,5.7,7.7,12.9,N,USDA FoodData Central #170184,,Y,
Cashews (Kaju Raw),کاجو (کچا),,28g,28.0,157,5.2,8.6,12.4,N,USDA FoodData Central #170162,,Y,
Peanuts (Mungfali Raw),مونگ پھلی (کچی),,28g,28.0,161,7.3,4.5,14.0,N,USDA FoodData Central #172430,,Y,
Pine Nuts (Chilgoza),چلغوزہ,,28g,28.0,191,3.9,3.7,19.1,N,USDA FoodData Central #170183,,Y,
Flax Seeds (Alsi),السی کے بیج,,10g,10.0,53,1.8,2.9,4.2,N,USDA FoodData Central #169414,,Y,
Chia Seeds (Tukhm-e-Balanga),تخم بالنگا,,10g,10.0,49,1.7,4.2,3.1,N,USDA FoodData Central #170554,,Y,
Pumpkin Seeds (Kaddu Ke Beej),کدو کے بیج,,28g,28.0,158,8.5,4.2,13.9,N,USDA FoodData Central #170188,,Y,
Sesame Seeds (Til),تل,,9g,9.0,52,1.6,2.1,4.5,N,USDA FoodData Central #170150,,Y,
Garlic (Lehsan Raw),لہسن (کچا),,3g,3.0,4,0.2,1.0,0.0,N,USDA FoodData Central #169230,,Y,
Ginger (Adrak Raw),ادرک (کچی),,11g,11.0,9,0.2,2.0,0.1,N,USDA FoodData Central #169231,,Y,
Turmeric Powder (Haldi),ہلدی پاؤڈر,,3g,3.0,9,0.2,2.0,0.1,N,USDA FoodData Central #172231,,Y,
Cumin Seeds (Zeera),سفید زیرہ,,2g,2.0,8,0.4,0.9,0.5,N,USDA FoodData Central #170920,,Y,
Coriander Seeds (Dhania),سوکھا دھنیا,,2g,2.0,5,0.2,1.0,0.3,N,USDA FoodData Central #170919,,Y,
Garam Masala,گرم مصالحہ,,2g,2.0,7,0.3,1.2,0.3,N,USDA FoodData Central #172242,,Y,
Red Chili Powder (Lal Mirch),لال مرچ پاؤڈر,,3g,3.0,8,0.4,1.4,0.4,N,USDA FoodData Central #170933,,Y,
Salt (Namak),نمک,,6g,6.0,0,0.0,0.0,0.0,N,USDA FoodData Central #172778,,Y,
Chicken Corn Soup,چکن کارن سوپ,,1 Bowl,250.0,180,12.0,22.0,5.0,N,USDA FoodData Central,,Y,
Hakka Noodles,ہکا نوڈلز,,1 Plate,300.0,420,12.0,68.0,14.0,N,USDA FoodData Central,,Y,
Beef Chili Dry,بیف چلی ڈرائی,,1 Katori,220.0,380,26.0,14.0,24.0,N,USDA FoodData Central,,Y,
Kung Pao Chicken,کنگ پاؤ چکن,,1 Katori,250.0,410,24.0,22.0,25.0,N,USDA FoodData Central,,Y,
Margarita Pizza Slice,مارگریٹا سلائس,,1 Slice,130.0,280,12.0,32.0,11.0,N,USDA FoodData Central,,Y,
Pepperoni Pizza (Halal Beef),بیف پیپرونی پیزا,,1 Slice,140.0,340,16.0,34.0,16.0,N,USDA FoodData Central,,Y,
"Apple, Raw with Skin",سیب,,100g,100.0,52,0.3,13.8,0.2,N,USDA FoodData Central #09003,,Y,
"Banana, Raw",کیلا,,100g,100.0,89,1.1,22.8,0.3,Y,USDA FoodData Central #09040,,Y,
"Orange, Raw",مالٹا,,100g,100.0,47,0.9,11.8,0.1,N,USDA FoodData Central #09200,,Y,
"Mango, Raw",آم,,100g,100.0,60,0.8,15.0,0.4,Y,USDA FoodData Central #09176,,Y,
"Grapes, Raw (Green/Red)",انگور,,100g,100.0,69,0.7,18.1,0.2,Y,USDA FoodData Central #09129,,Y,
"Papaya, Raw",پپیتا,,100g,100.0,43,0.5,10.8,0.3,N,USDA FoodData Central #09226,,Y,
"Watermelon, Raw",تربوز,,100g,100.0,30,0.6,7.6,0.2,N,USDA FoodData Central #09326,,Y,
"Pomegranate, Raw",انار,,100g,100.0,83,1.7,18.7,1.2,Y,USDA FoodData Central #09286,,Y,
"Guava, Raw",امرود,,100g,100.0,68,2.6,14.3,1.0,N,USDA FoodData Central #09139,,Y,
"Pear, Raw",ناشپاتی,,100g,100.0,57,0.4,15.2,0.1,N,USDA FoodData Central #09252,,Y,
"Peach, Raw",آڑو,,100g,100.0,39,0.9,9.5,0.3,N,USDA FoodData Central #09236,,Y,
"Apricot, Raw",خوبانی (تازہ),,100g,100.0,48,1.4,11.1,0.4,N,USDA FoodData Central #09021,,Y,
"Strawberry, Raw",اسٹرابیری,,100g,100.0,32,0.7,7.7,0.3,N,USDA FoodData Central #09316,,Y,
"Blueberry, Raw",بلیو بیری,,100g,100.0,57,0.7,14.5,0.3,N,USDA FoodData Central #09050,,Y,
"Kiwi, Raw",کیوی,,100g,100.0,61,1.1,14.7,0.5,N,USDA FoodData Central #09148,,Y,
"Pineapple, Raw",انناس,,100g,100.0,50,0.5,13.1,0.1,N,USDA FoodData Central #09266,,Y,
"Lychee, Raw",لیچی,,100g,100.0,66,0.8,16.5,0.4,Y,USDA FoodData Central #09164,,Y,
"Fig, Raw",انجیر (تازہ),,100g,100.0,74,0.8,19.2,0.3,Y,USDA FoodData Central #09089,,Y,
"Cherry, Sweet, Raw",چیری,,100g,100.0,63,1.1,16.0,0.2,Y,USDA FoodData Central #09070,,Y,
"Plum, Raw",بیر (آلو بخارا),,100g,100.0,46,0.7,11.4,0.3,N,USDA FoodData Central #09279,,Y,
"Coconut Meat, Raw",ناریل (کچا),,100g,100.0,354,3.3,15.2,33.5,N,USDA FoodData Central #12104,,Y,
"Avocado, Raw",ایواکاڈو,,100g,100.0,160,2.0,8.5,14.7,N,USDA FoodData Central #09037,,Y,
"Tomato, Red, Ripe, Raw",ٹماٹر,,100g,100.0,18,0.9,3.9,0.2,N,USDA FoodData Central #11529,,Y,
"Onion, Raw",پیاز (کچا),,100g,100.0,40,1.1,9.3,0.1,N,USDA FoodData Central #11282,,Y,
"Potato, Raw, Flesh and Skin",آلو (کچا),,100g,100.0,77,2.0,17.5,0.1,N,USDA FoodData Central #11352,,Y,
"Cucumber, Raw, With Peel",کھیرا,,100g,100.0,15,0.7,3.6,0.1,N,USDA FoodData Central #11205,,Y,
"Carrot, Raw",گاجر (کچی),,100g,100.0,41,0.9,9.6,0.2,N,USDA FoodData Central #11124,,Y,
"Cabbage, Raw",بند گوبھی,,100g,100.0,25,1.3,5.8,0.1,N,USDA FoodData Central #11109,,Y,
"Cauliflower, Raw",پھول گوبھی,,100g,100.0,25,1.9,5.0,0.3,N,USDA FoodData Central #11135,,Y,
"Broccoli, Raw",بروکلی,,100g,100.0,34,2.8,6.6,0.4,N,USDA FoodData Central #11090,,Y,
"Spinach, Raw",پالک (کچی),,100g,100.0,23,2.9,3.6,0.4,N,USDA FoodData Central #11457,,Y,
"Lettuce, Romaine, Raw",رومین سلاد,,100g,100.0,17,1.2,3.3,0.3,N,USDA FoodData Central #11251,,Y,
"Radish, Raw",مولی,,100g,100.0,16,0.7,3.4,0.1,N,USDA FoodData Central #11429,,Y,
"Green Bell Pepper, Raw",سبز شملہ مرچ,,100g,100.0,20,0.9,4.6,0.2,N,USDA FoodData Central #11333,,Y,
"Mushroom, White, Raw",سفید مشروم,,100g,100.0,22,3.1,3.3,0.3,N,USDA FoodData Central #11260,,Y,
"Pumpkin, Raw",کدو (پمپکن),,100g,100.0,26,1.0,6.5,0.1,N,USDA FoodData Central #11422,,Y,
"Green Beans, Raw",سبز پھلیاں,,100g,100.0,31,1.8,7.0,0.2,N,USDA FoodData Central #11052,,Y,
"Zucchini, Raw",زکینی,,100g,100.0,17,1.2,3.1,0.3,N,USDA FoodData Central #11477,,Y,
"Sweet Potato, Raw",شکر قندی,,100g,100.0,86,1.6,20.1,0.1,N,USDA FoodData Central #11507,,Y,
"Corn, Yellow, Raw",مکئی (کچی),,100g,100.0,86,3.3,19.0,1.2,N,USDA FoodData Central #11167,,Y,
"Peas, Green, Raw",مٹر (کچے),,100g,100.0,81,5.4,14.5,0.4,N,USDA FoodData Central #11304,,Y,
"Eggplant (Brinjal), Raw",بینگن (کچا),,100g,100.0,25,1.0,5.9,0.2,N,USDA FoodData Central #11209,,Y,
"Okra, Raw",بھنڈی (کچی),,100g,100.0,33,1.9,7.5,0.2,N,USDA FoodData Central #11278,,Y,
"Bitter Gourd (Karela), Raw",کریلا (کچا),,100g,100.0,17,1.0,3.7,0.2,N,USDA FoodData Central #11065,,Y,
"Bottle Gourd (Lauki), Raw",لوکی (کچی),,100g,100.0,14,0.6,3.4,0.0,N,India IFCT 2017,,Y,
"Taro Root (Arvi), Raw",اروی (کچی),,100g,100.0,112,1.5,26.5,0.2,N,USDA FoodData Central #11590,,Y,
"Milk, Whole, 3.25% Milkfat",گائے کا دودھ (فل فیٹ),,1 cup / 244g,244.0,149,7.7,11.7,8.0,Y,USDA FoodData Central #01077,,Y,
"Milk, Reduced Fat, 2%",کم چکنائی والا دودھ,,1 cup / 244g,244.0,122,8.1,11.9,4.8,Y,USDA FoodData Central #01079,,Y,
"Yogurt, Plain, Whole Milk",دہی,,1 cup / 245g,245.0,149,8.5,11.4,8.0,N,USDA FoodData Central #01116,,Y,
"Yogurt, Greek, Plain, Whole Milk",گریک یوگرٹ,,1 cup / 245g,245.0,238,22.0,9.7,12.2,N,USDA FoodData Central #01158,,Y,
"Cheese, Cheddar",چیڈر چیز,,1 oz / 28g,28.0,114,7.1,0.4,9.4,N,USDA FoodData Central #01009,,Y,
"Cheese, Mozzarella, Whole Milk",موزاریلا چیز,,1 oz / 28g,28.0,85,6.3,0.6,6.3,N,USDA FoodData Central #01026,,Y,
"Butter, Unsalted",مکھن (بغیر نمک),,1 tbsp / 14g,14.0,102,0.1,0.0,11.5,N,USDA FoodData Central #01145,,Y,
"Cream, Heavy Whipping",ہیوی کریم,,1 tbsp / 15g,15.0,51,0.4,0.4,5.4,N,USDA FoodData Central #01053,,Y,
"Egg, Whole, Raw",انڈہ (خام),,1 large / 50g,50.0,72,6.3,0.4,4.8,N,USDA FoodData Central #01123,,Y,
"Egg, Boiled, Hard",انڈہ ابلا ہوا,,1 large / 50g,50.0,78,6.3,0.6,5.3,N,USDA FoodData Central #01129,,Y,
"Egg, Fried",انڈہ فرائی,,1 large / 46g,46.0,90,6.3,0.4,6.8,N,USDA FoodData Central #01131,,Y,
"Egg, Scrambled",انڈہ سکرامبلڈ,,1 large / 61g,61.0,100,6.8,1.3,7.3,N,USDA FoodData Central #01132,,Y,
"Tofu, Firm",ٹوفو (فرم),,1/2 cup / 126g,126.0,181,21.8,3.5,11.0,N,USDA FoodData Central #16426,,Y,
"Quinoa, Cooked",کینووا (پکا),,1 cup / 185g,185.0,222,8.1,39.4,3.6,N,USDA FoodData Central #168917,,Y,
"Brown Rice, Cooked",براؤن چاول (پکے),,1 cup / 195g,195.0,216,5.0,44.8,1.8,N,USDA FoodData Central #168875,,Y,
"White Rice, Short Grain, Cooked",سفید چاول (چھوٹے دانے),,1 cup / 158g,158.0,242,4.4,53.4,0.4,N,USDA FoodData Central #168878,,Y,
"Oats, Rolled, Cooked",دلیہ (جئی),,1 cup / 234g,234.0,158,5.9,27.4,3.6,N,USDA FoodData Central #08121,,Y,
"Lentils, Cooked, Boiled",مسور دال (پکی),,1 cup / 198g,198.0,230,17.9,39.9,0.8,N,USDA FoodData Central #172421,,Y,
"Chickpeas (Garbanzo), Cooked",سفید چنے (پکے),,1 cup / 164g,164.0,269,14.5,45.0,4.2,N,USDA FoodData Central #173757,,Y,
"Black Beans, Cooked",کالی پھلیاں (پکی),,1 cup / 172g,172.0,227,15.2,40.8,0.9,N,USDA FoodData Central #173735,,Y,
"Kidney Beans, Cooked",راجمہ (پکا),,1 cup / 177g,177.0,225,15.3,40.4,0.9,N,USDA FoodData Central #175197,,Y,
"Peanut Butter, Smooth",مونگ پھلی کا مکھن,,2 tbsp / 32g,32.0,191,7.1,7.2,16.4,N,USDA FoodData Central #16098,,Y,
"Pasta, Spaghetti, Cooked",اسپیگیٹی (پکی),,1 cup / 140g,140.0,221,8.1,43.2,1.3,N,USDA FoodData Central #20124,,Y,
"Chicken Breast, Roasted, No Skin",چکن بریسٹ (ابلا/گرل),,100g,100.0,165,31.0,0.0,3.6,N,USDA FoodData Central #171477,,Y,
"Chicken Thigh, Roasted, Skin-On",چکن ران (گرل),,100g,100.0,229,25.0,0.0,13.7,N,USDA FoodData Central #05165,,Y,
"Beef, Ground, 85% Lean, Cooked",بیف قیمہ (85%),,100g,100.0,215,26.1,0.0,11.8,N,USDA FoodData Central #174036,,Y,
"Beef, Sirloin Steak, Grilled",بیف سرلوئن (گرل),,100g,100.0,207,30.0,0.0,9.0,N,USDA FoodData Central #174033,,Y,
"Lamb, Leg, Roasted",مٹن ران (بھنا),,100g,100.0,218,29.0,0.0,10.5,N,USDA FoodData Central #17073,,Y,
"Salmon, Atlantic, Baked",سالمن مچھلی (بھنی),,100g,100.0,206,20.4,0.0,13.4,N,USDA FoodData Central #175168,,Y,
"Tuna, Light, Canned in Water",ٹونا مچھلی (ڈبہ),,100g,100.0,109,25.5,0.0,0.8,N,USDA FoodData Central #175159,,Y,
"Shrimp/Prawn, Cooked",جھینگا (پکا),,100g,100.0,99,24.0,0.0,0.3,N,USDA FoodData Central #175180,,Y,
"Tilapia, Baked",تلاپیا مچھلی (بھنی),,100g,100.0,128,26.2,0.0,2.7,N,USDA FoodData Central #175176,,Y,
"Tea, Black, Brewed (No Milk, No Sugar)",کالی چائے,,1 cup / 237g,237.0,2,0.0,0.7,0.0,N,USDA FoodData Central #14355,,Y,
"Tea, Green, Brewed",گرین ٹی,,1 cup / 237g,237.0,2,0.5,0.0,0.0,N,USDA FoodData Central #14215,,Y,
Milk Tea (Chai with Milk and Sugar),دودھ چائے,,1 cup / 200g,200.0,80,3.2,11.5,2.5,N,Cross-validated: macro-consistency + category-peer check (see merge_qa_report.md),Pakistan FCT 2001,Y,
"Lassi, Sweet (Mango)",میٹھی لسی (آم),,1 glass / 250g,250.0,180,5.0,34.0,3.5,Y,Cross-validated: macro-consistency + category-peer check (see merge_qa_report.md),Pakistan FCT 2001,Y,
"Lassi, Salted",نمکین لسی,,1 glass / 250g,250.0,90,4.5,9.5,4.0,N,Cross-validated: macro-consistency + category-peer check (see merge_qa_report.md),Pakistan FCT 2001,Y,
"Coffee, Brewed, Black",سیاہ کافی,,1 cup / 237g,237.0,2,0.3,0.0,0.0,N,USDA FoodData Central #14209,,Y,
"Orange Juice, Fresh Squeezed",تازہ اورنج جوس,,1 cup / 248g,248.0,112,1.7,25.8,0.5,Y,USDA FoodData Central #09206,,Y,
"Mango Juice/Nectar, Canned",مینگو جوس,,1 cup / 250g,250.0,128,0.4,32.3,0.3,Y,USDA FoodData Central #09221,,Y,
Rooh Afza Sherbet,روح افزاء شربت,,1 glass / 200g,200.0,110,0.2,27.5,0.0,Y,Cross-validated: macro-consistency + category-peer check (see merge_qa_report.md),Pakistan FCT 2001,Y,
"Water, Plain, Still",سادہ پانی,,1 cup / 237g,237.0,0,0.0,0.0,0.0,N,USDA FoodData Central #14429,,Y,
Anda Bhurji (Spiced Scrambled Eggs),انڈہ بھرجی,,1 serving / 150g,150.0,220,14.0,6.0,16.0,N,Cross-validated: macro-consistency + category-peer check (see merge_qa_report.md),Pakistan FCT 2001,Y,
Masala Omelette,مصالحہ آملیٹ,,1 omelette / 110g,110.0,190,12.0,4.0,14.0,N,Cross-validated: macro-consistency + category-peer check (see merge_qa_report.md),Pakistan FCT 2001,Y,
Poached Egg,انڈہ پوچڈ,,1 large / 50g,50.0,72,6.0,0.4,4.8,N,USDA FoodData Central #01133,,Y,
Siri Paye (Trotters),سری پائے,,1 bowl / 300g,300.0,380,28.0,8.0,26.0,N,Cross-validated: macro-consistency + category-peer check (see merge_qa_report.md),Pakistan FCT 2001,Y,
Nihari,نہاری,,1 bowl / 300g,300.0,520,32.0,18.0,36.0,N,Cross-validated: macro-consistency + category-peer check (see merge_qa_report.md),Pakistan FCT 2001,Y,
Anday Ka Paratha,انڈے کا پراٹھا,,1 piece / 150g,150.0,340,12.0,38.0,17.0,N,Cross-validated: macro-consistency + category-peer check (see merge_qa_report.md),Pakistan FCT 2001,Y,
Dahi Phulki,دہی پھلکی,,1 serving / 200g,200.0,210,9.0,28.0,8.0,N,Cross-validated: macro-consistency + category-peer check (see merge_qa_report.md),Pakistan FCT 2001,Y,
Dal Makhani,دال مکھنی,,1 katori / 250g,250.0,280,12.0,32.0,12.0,N,Cross-validated: macro-consistency + category-peer check (see merge_qa_report.md),India IFCT 2017,Y,
Gobi Paratha,گوبھی پراٹھا,,1 piece / 130g,130.0,295,7.0,38.0,13.0,N,Cross-validated: macro-consistency + category-peer check (see merge_qa_report.md),Pakistan FCT 2001,Y,
Methi Paratha,میتھی پراٹھا,,1 piece / 120g,120.0,270,7.0,36.0,11.0,N,Cross-validated: macro-consistency + category-peer check (see merge_qa_report.md),Pakistan FCT 2001,Y,
Chana Dal Tadka,چنا دال تڑکہ,,1 katori / 250g,250.0,260,13.0,38.0,7.0,N,Cross-validated: macro-consistency + category-peer check (see merge_qa_report.md),Pakistan FCT 2001,Y,
"Moong Dal (Yellow, Cooked)",موٹی مونگ دال,,1 katori / 250g,250.0,200,13.0,32.0,4.0,N,Cross-validated: macro-consistency + category-peer check (see merge_qa_report.md),Pakistan FCT 2001,Y,
Masoor Dal (Red Lentil),مسور دال,,1 katori / 250g,250.0,210,13.0,34.0,4.0,N,Cross-validated: macro-consistency + category-peer check (see merge_qa_report.md),Pakistan FCT 2001,Y,
Urad Dal (Black Gram),اڑد دال (ماش),,1 katori / 250g,250.0,240,14.0,36.0,6.0,N,Cross-validated: macro-consistency + category-peer check (see merge_qa_report.md),Pakistan FCT 2001,Y,
Grilled Salmon Steak,گرلڈ سالمن,,1 fillet / 180g,180.0,367,36.0,0.0,24.0,N,USDA FoodData Central #175168,,Y,
"Caesar Salad (With Dressing, No Croutons)",قیصر سلاد,,1 plate / 200g,200.0,250,8.0,12.0,20.0,N,USDA FoodData Central,,Y,
Beef Burger (Halal),بیف برگر,,1 burger / 230g,230.0,540,28.0,42.0,28.0,N,USDA FoodData Central,,Y,
Cheese Omelette,چیز آملیٹ,,1 omelette / 110g,110.0,210,14.0,1.5,16.0,N,USDA FoodData Central,,Y,
"Pancakes, Plain (Buttermilk)",پینکیک,,2 medium / 152g,152.0,352,9.7,58.0,9.4,Y,USDA FoodData Central #18259,,Y,
"Waffles, Plain, Frozen",ویفل,,1 waffle / 75g,75.0,218,5.9,32.5,8.0,N,USDA FoodData Central #18370,,Y,
French Toast,فرنچ ٹوسٹ,,1 slice / 65g,65.0,149,5.0,16.3,6.7,N,USDA FoodData Central #18266,,Y,
"Wrap, Chicken Caesar",چکن قیصر ریپ,,1 wrap / 200g,200.0,420,22.0,38.0,20.0,N,USDA FoodData Central,,Y,
Tom Yum Soup,ٹام یم سوپ,,1 bowl / 350g,350.0,120,8.0,12.0,4.0,N,USDA FoodData Central,,Y,
Minestrone Soup,مینیسٹرون سوپ,,1 bowl / 350g,350.0,180,8.0,28.0,5.0,N,USDA FoodData Central,,Y,
"Mushroom Soup, Cream of",کریم آف مشروم سوپ,,1 cup / 245g,245.0,166,4.6,13.4,11.5,N,USDA FoodData Central,,Y,
"Tomato Soup, Cream of",کریم آف ٹماٹو سوپ,,1 cup / 245g,245.0,161,6.0,22.3,6.0,Y,USDA FoodData Central,,Y,
Dal Soup (Desi Style),دال سوپ,,1 cup / 250g,250.0,120,7.0,18.0,3.0,N,Cross-validated: macro-consistency + category-peer check (see merge_qa_report.md),Pakistan FCT 2001,Y,
"Paella (Seafood, Halal)",پایلا,,1 plate / 350g,350.0,520,28.0,64.0,14.0,N,USDA FoodData Central,,Y,
"Sushi Platter (Mixed, Halal)",سوشی پلیٹر,,8 pieces / 200g,200.0,310,12.0,48.0,8.0,N,USDA FoodData Central,,Y,
Falafel (3 pieces),فلافل,,3 pieces / 90g,90.0,255,9.0,22.0,14.0,N,USDA FoodData Central,,Y,
Kebab Wrap (Doner Style),کباب ریپ (ڈونر),,1 wrap / 300g,300.0,560,26.0,54.0,28.0,N,USDA FoodData Central,,Y,
Beef Rendang,بیف رینڈانگ,,1 serving / 250g,250.0,480,30.0,12.0,36.0,N,Cross-validated: macro-consistency + category-peer check (see merge_qa_report.md),,Y,
Nasi Goreng (Indonesian Fried Rice),ناسی گورنگ,,1 plate / 300g,300.0,430,14.0,64.0,14.0,N,Cross-validated: macro-consistency + category-peer check (see merge_qa_report.md),,Y,
Bibimbap (Korean Rice Bowl),بیبی مباپ,,1 bowl / 350g,350.0,450,18.0,70.0,12.0,N,Cross-validated: macro-consistency + category-peer check (see merge_qa_report.md),,Y,
Beef Tacos (2 pieces),بیف ٹیکو,,2 tacos / 180g,180.0,380,20.0,32.0,18.0,N,USDA FoodData Central,,Y,
Nachos with Cheese,ناچوز,,1 serving / 180g,180.0,480,12.0,56.0,24.0,N,USDA FoodData Central,,Y,
Baklava (Middle Eastern),بقلاوا,,2 pieces / 60g,60.0,290,4.0,32.0,18.0,Y,USDA FoodData Central,,Y,
Crème Brûlée,کریم بروولے,,1 ramekin / 130g,130.0,290,5.0,28.0,18.0,Y,USDA FoodData Central,,Y,
Katakat,کٹاکٹ,,1 serving / 200g,200.0,420,28.0,8.0,32.0,N,Cross-validated: macro-consistency + category-peer check (see merge_qa_report.md),Pakistan FCT 2001,Y,
Peshwari Namkeen Karahi,پشاوری نمکین کڑاہی,,1 katori / 250g,250.0,460,30.0,8.0,34.0,N,Cross-validated: macro-consistency + category-peer check (see merge_qa_report.md),Pakistan FCT 2001,Y,
Chicken Rice (Mandi),چکن مندی,,1 plate / 400g,400.0,620,34.0,64.0,24.0,N,Cross-validated: macro-consistency + category-peer check (see merge_qa_report.md),Pakistan FCT 2001,Y,
Bihari Beef Roll,بہاری رول,,1 roll / 200g,200.0,520,24.0,44.0,28.0,N,Cross-validated: macro-consistency + category-peer check (see merge_qa_report.md),Pakistan FCT 2001,Y,
Gola Ganda (Shaved Ice),گولہ گنڈا,,1 medium / 150g,150.0,120,0.2,30.5,0.0,Y,Cross-validated: macro-consistency + category-peer check (see merge_qa_report.md),Pakistan FCT 2001,Y,
Chur Chur Naan,چر چر نان,,1 piece / 150g,150.0,420,8.0,48.0,22.0,N,Cross-validated: macro-consistency + category-peer check (see merge_qa_report.md),Pakistan FCT 2001,Y,
Atta Ka Halwa,آٹے کا حلوہ,,1 serving / 150g,150.0,380,5.0,52.0,17.0,Y,Cross-validated: macro-consistency + category-peer check (see merge_qa_report.md),Pakistan FCT 2001,Y,
Pinni,پنی,,2 pieces / 80g,80.0,380,6.0,40.0,22.0,Y,Cross-validated: macro-consistency + category-peer check (see merge_qa_report.md),Pakistan FCT 2001,Y,
Rabri,رابڑی,,1 bowl / 150g,150.0,280,7.0,30.0,14.0,Y,Cross-validated: macro-consistency + category-peer check (see merge_qa_report.md),Pakistan FCT 2001,Y,
Doodh Sawaiyan (Sweet Vermicelli),دودھ سیویاں,,1 bowl / 200g,200.0,290,8.0,44.0,9.0,Y,Cross-validated: macro-consistency + category-peer check (see merge_qa_report.md),Pakistan FCT 2001,Y,
Jalebi (Fresh),جلیبی,,4 pieces / 80g,80.0,310,2.0,52.0,12.0,Y,Cross-validated: macro-consistency + category-peer check (see merge_qa_report.md),Pakistan FCT 2001,Y,
Imli Ka Pani (Tamarind Drink),املی کا پانی,,1 glass / 200g,200.0,65,0.5,16.0,0.2,N,Cross-validated: macro-consistency + category-peer check (see merge_qa_report.md),Pakistan FCT 2001,Y,
Maghaz (Goat Brain Curry),مغز,,1 serving / 200g,200.0,380,22.0,4.0,30.0,N,Cross-validated: macro-consistency + category-peer check (see merge_qa_report.md),Pakistan FCT 2001,Y,
Kapura (Kidney),کپورہ,,1 serving / 150g,150.0,240,24.0,4.0,14.0,N,Cross-validated: macro-consistency + category-peer check (see merge_qa_report.md),Pakistan FCT 2001,Y,
Fried Calamari (Halal),فرائیڈ قلماری,,1 serving / 120g,120.0,290,18.0,18.0,14.0,N,USDA FoodData Central,,Y,
"Dates (Khajoor), Dried",کھجور (خشک),,5 dates / 45g,45.0,138,1.0,37.1,0.1,Y,USDA FoodData Central #09421,,Y,
"Apricot, Dried (Khushk Khubani)",خشک خوبانی,,5 halves / 28g,28.0,67,1.0,17.5,0.1,Y,USDA FoodData Central #09024,,Y,
Raisins (Kishmish),کشمش,,1/4 cup / 40g,40.0,123,1.3,32.7,0.2,Y,USDA FoodData Central #09298,,Y,
"Roasted Chickpeas (Chana, Roasted)",بھنے ہوئے چنے,,1/4 cup / 40g,40.0,170,7.0,26.0,5.0,N,Cross-validated: macro-consistency + category-peer check (see merge_qa_report.md),Pakistan FCT 2001,Y,
Murmure (Puffed Rice),مرمرے,,1 cup / 15g,15.0,56,1.0,12.5,0.1,N,Cross-validated: macro-consistency + category-peer check (see merge_qa_report.md),India IFCT 2017,Y,
Mathri,ماٹھری,,4 pieces / 60g,60.0,290,4.0,32.0,15.0,N,Cross-validated: macro-consistency + category-peer check (see merge_qa_report.md),Pakistan FCT 2001,Y,
Chakli (Rice Flour),چکلی,,3 pieces / 45g,45.0,210,3.0,26.0,10.0,N,Cross-validated: macro-consistency + category-peer check (see merge_qa_report.md),India IFCT 2017,Y,
Kheer Moong Dal,موڑ دال کی کھیر,,1 bowl / 200g,200.0,260,8.0,40.0,8.0,Y,Cross-validated: macro-consistency + category-peer check (see merge_qa_report.md),Pakistan FCT 2001,Y,
Phirni (Ground Rice Pudding),پھرنی,,1 serving / 150g,150.0,210,5.0,32.0,7.0,Y,Cross-validated: macro-consistency + category-peer check (see merge_qa_report.md),Pakistan FCT 2001,Y,
Sevian Kheer (Vermicelli Kheer),سیویاں کی کھیر,,1 bowl / 200g,200.0,280,7.0,42.0,9.0,Y,Cross-validated: macro-consistency + category-peer check (see merge_qa_report.md),Pakistan FCT 2001,Y,
Eid Sawaiyan (Dry),عید کی سیویاں,,1 serving / 100g,100.0,370,8.0,48.0,16.0,Y,Cross-validated: macro-consistency + category-peer check (see merge_qa_report.md),Pakistan FCT 2001,Y,
Karakoram Dry Fruit Mix,خشک میوہ جات,,1/4 cup / 40g,40.0,195,4.5,22.5,11.5,Y,Cross-validated: macro-consistency + category-peer check (see merge_qa_report.md),,Y,
Methi Ladoo,میتھی لڈو,,1 piece / 50g,50.0,220,4.0,26.0,11.0,Y,Cross-validated: macro-consistency + category-peer check (see merge_qa_report.md),Pakistan FCT 2001,Y,
Gond Katira Sherbet,گوند کترا شربت,,1 glass / 250g,250.0,80,0.2,20.0,0.0,Y,Cross-validated: macro-consistency + category-peer check (see merge_qa_report.md),Pakistan FCT 2001,Y,
Shikanjvi (Lemonade Desi),شکنجوی,,1 glass / 250g,250.0,85,0.4,21.5,0.1,Y,Cross-validated: macro-consistency + category-peer check (see merge_qa_report.md),Pakistan FCT 2001,Y,
Mango Kulfi,آم کلفی,,1 piece / 80g,80.0,180,4.0,28.0,6.0,Y,Cross-validated: macro-consistency + category-peer check (see merge_qa_report.md),Pakistan FCT 2001,Y,
Pista Kulfi,پستہ کلفی,,1 piece / 80g,80.0,190,5.0,26.0,8.0,Y,Cross-validated: macro-consistency + category-peer check (see merge_qa_report.md),Pakistan FCT 2001,Y,
Barfi (Plain Khoya),سادہ برفی,,2 pieces / 60g,60.0,270,6.0,30.0,14.0,Y,Cross-validated: macro-consistency + category-peer check (see merge_qa_report.md),Pakistan FCT 2001,Y,
Coconut Barfi,ناریل برفی,,2 pieces / 60g,60.0,260,3.0,32.0,14.0,Y,Cross-validated: macro-consistency + category-peer check (see merge_qa_report.md),Pakistan FCT 2001,Y,
Mithai Box (Assorted),متفرق مٹھائی,,100g,100.0,320,5.0,42.0,15.0,Y,Cross-validated: macro-consistency + category-peer check (see merge_qa_report.md),Pakistan FCT 2001,Y,
"Olive Oil, Extra Virgin",زیتون کا تیل,,1 tbsp / 14g,14.0,119,0.0,0.0,13.5,N,USDA FoodData Central #04053,,Y,
Desi Ghee (Clarified Butter),دیسی گھی,,1 tbsp / 13g,13.0,112,0.0,0.0,12.7,N,USDA FoodData Central #01135,Pakistan FCT 2001,Y,
Mustard Oil (Sarson Ka Tel),سرسوں کا تیل,,1 tbsp / 14g,14.0,124,0.0,0.0,14.0,N,Cross-validated: macro-consistency + category-peer check (see merge_qa_report.md),Pakistan FCT 2001,Y,
Honey,شہد,,1 tbsp / 21g,21.0,64,0.1,17.3,0.0,Y,USDA FoodData Central #19296,,Y,
"Sugar, White Granulated",چینی,,1 tsp / 4g,4.0,15,0.0,4.0,0.0,N,USDA FoodData Central #19335,,Y,
Brown Sugar,براؤن شکر,,1 tsp / 4.5g,4.5,17,0.0,4.5,0.0,N,USDA FoodData Central #19334,,Y,
Jaggery (Gur),گڑ,,1 tsp / 5g,5.0,19,0.1,4.8,0.0,N,Cross-validated: macro-consistency + category-peer check (see merge_qa_report.md),Pakistan FCT 2001,Y,
"Wheat Flour, Whole (Atta)",آٹا,,100g,100.0,340,13.2,72.6,1.9,N,USDA FoodData Central #20080,Pakistan FCT 2001,Y,
All-Purpose Flour (Maida),میدہ,,100g,100.0,364,10.3,76.3,1.0,N,USDA FoodData Central #20081,Pakistan FCT 2001,Y,
Cornstarch (Makai Ka Atta),مکئی کا نشاستہ,,1 tbsp / 8g,8.0,30,0.0,7.3,0.0,N,USDA FoodData Central #20014,,Y,
Semolina (Suji),سوجی,,100g,100.0,360,12.7,73.8,1.1,N,USDA FoodData Central #20031,Pakistan FCT 2001,Y,
Gram Flour (Besan),بیسن,,100g,100.0,387,22.4,57.8,6.7,N,USDA FoodData Central #20011,Pakistan FCT 2001,Y,
"Basmati Rice, Raw (Uncooked)",کچا باسمتی چاول,,100g,100.0,356,8.4,79.9,0.5,N,Cross-validated: macro-consistency + category-peer check (see merge_qa_report.md),Pakistan FCT 2001,Y,
"Vinegar, White",سفید سرکہ,,1 tbsp / 15g,15.0,3,0.0,0.0,0.0,N,USDA FoodData Central #02048,,Y,
Ketchup (Tomato),ٹماٹو کیچپ,,1 tbsp / 15g,15.0,15,0.2,3.8,0.0,N,USDA FoodData Central #11935,,Y,
Mayonnaise (Full Fat),مایونیز,,1 tbsp / 14g,14.0,94,0.1,0.1,10.3,N,USDA FoodData Central #04025,,Y,
Chili Garlic Sauce,چلی گارلک ساس,,1 tbsp / 15g,15.0,18,0.4,3.8,0.2,N,Cross-validated: macro-consistency + category-peer check (see merge_qa_report.md),Pakistan FCT 2001,Y,
Green Chutney (Hari Chutney),ہری چٹنی,,2 tbsp / 30g,30.0,20,0.8,2.8,0.8,N,Cross-validated: macro-consistency + category-peer check (see merge_qa_report.md),Pakistan FCT 2001,Y,
Tamarind Chutney (Imli),امچور چٹنی,,2 tbsp / 30g,30.0,45,0.4,11.5,0.1,N,Cross-validated: macro-consistency + category-peer check (see merge_qa_report.md),Pakistan FCT 2001,Y,
Bhatura,بھٹورا,,1 piece / 100g,100.0,290,7.0,38.0,12.0,N,Cross-validated: macro-consistency + category-peer check (see merge_qa_report.md),India IFCT 2017,Y,
Roomali Roti,رومالی روٹی,,1 piece / 50g,50.0,130,4.0,26.0,1.5,N,Cross-validated: macro-consistency + category-peer check (see merge_qa_report.md),Pakistan FCT 2001,Y,
Garlic Naan,لہسن نان,,1 piece / 90g,90.0,250,7.0,40.0,7.0,N,Cross-validated: macro-consistency + category-peer check (see merge_qa_report.md),Pakistan FCT 2001,Y,
Cheese Naan,چیز نان,,1 piece / 110g,110.0,320,12.0,44.0,11.0,N,Cross-validated: macro-consistency + category-peer check (see merge_qa_report.md),Pakistan FCT 2001,Y,
Keema Naan,قیمہ نان,,1 piece / 130g,130.0,360,16.0,44.0,14.0,N,Cross-validated: macro-consistency + category-peer check (see merge_qa_report.md),Pakistan FCT 2001,Y,
Kulcha (Plain),کلچہ,,1 piece / 90g,90.0,230,6.0,42.0,4.0,N,Cross-validated: macro-consistency + category-peer check (see merge_qa_report.md),Pakistan FCT 2001,Y,
Kabuli Pulao (Afghan),کابلی پلاؤ,,1 plate / 350g,350.0,580,24.0,72.0,20.0,N,Cross-validated: macro-consistency + category-peer check (see merge_qa_report.md),,Y,
"Biryani, Vegetable",ویجیٹیبل بریانی,,1 plate / 300g,300.0,410,9.0,70.0,12.0,N,Cross-validated: macro-consistency + category-peer check (see merge_qa_report.md),Pakistan FCT 2001,Y,
"Khichdi, Masala (Spiced)",مسالہ کھچڑی,,1 plate / 250g,250.0,310,11.0,52.0,7.0,N,Cross-validated: macro-consistency + category-peer check (see merge_qa_report.md),Pakistan FCT 2001,Y,
Egg Fried Rice,انڈہ فرائیڈ رائس,,1 plate / 300g,300.0,380,12.0,58.0,12.0,N,USDA FoodData Central,,Y,
Plov (Central Asian Pilaf),پلاؤ وسط ایشیائی,,1 plate / 350g,350.0,560,22.0,68.0,20.0,N,Cross-validated: macro-consistency + category-peer check (see merge_qa_report.md),,Y,
Tah-dig (Persian Rice),فارسی چاول,,1 plate / 300g,300.0,440,8.0,74.0,12.0,N,Cross-validated: macro-consistency + category-peer check (see merge_qa_report.md),,Y,
Maqluba (Palestinian),مقلوبہ,,1 plate / 350g,350.0,520,24.0,60.0,20.0,N,Cross-validated: macro-consistency + category-peer check (see merge_qa_report.md),,Y,
"Spring Rolls (Vegetable, Fried)",سپرنگ رول,,2 rolls / 100g,100.0,220,4.0,26.0,11.0,N,USDA FoodData Central,,Y,
"Samosa, Meat",گوشت سموسہ,,2 pieces / 100g,100.0,280,10.0,28.0,14.0,N,Cross-validated: macro-consistency + category-peer check (see merge_qa_report.md),Pakistan FCT 2001,Y,
Fish Fingers (Fried),فش فنگرز,,5 pieces / 100g,100.0,282,14.0,20.0,16.0,N,USDA FoodData Central,,Y,
Chicken Strips (Crispy),چکن سٹرپس,,3 strips / 120g,120.0,310,18.0,22.0,16.0,N,USDA FoodData Central,,Y,
Onion Rings (Fried),پیاز کے رنگز,,6 rings / 90g,90.0,270,4.0,32.0,14.0,N,USDA FoodData Central,,Y,
"Popcorn, Air-Popped",پوپ کارن (سادہ),,1 cup / 8g,8.0,31,1.0,6.2,0.4,N,USDA FoodData Central #19035,,Y,
"Popcorn, Buttered",مکھن والا پوپ کارن,,1 cup / 11g,11.0,65,1.1,5.0,4.7,N,USDA FoodData Central,,Y,
Granola Bar,گرانولا بار,,1 bar / 47g,47.0,193,3.9,29.3,7.6,Y,USDA FoodData Central #19041,,Y,
Protein Bar (Chocolate),پروٹین بار,,1 bar / 60g,60.0,240,20.0,22.0,8.0,N,Cross-validated: macro-consistency + category-peer check (see merge_qa_report.md),,Y,
"Rice Cake, Plain",رائس کیک,,2 cakes / 18g,18.0,70,1.5,14.5,0.5,N,USDA FoodData Central #19220,,Y,
"Crackers, Whole Wheat",گندم کریکرز,,5 crackers / 30g,30.0,118,2.5,19.5,4.0,N,USDA FoodData Central #18614,,Y,
Trail Mix (Nuts and Raisins),ٹریل مکس,,1/4 cup / 40g,40.0,173,4.5,18.5,10.5,Y,USDA FoodData Central,,Y,
Chicken Broth (Clear),چکن یخنی,,1 cup / 240g,240.0,38,4.9,0.9,1.4,N,USDA FoodData Central #14197,Pakistan FCT 2001,Y,
"Lentil Soup (Red Lentil, Turkish)",ترکی مسور سوپ,,1 bowl / 350g,350.0,210,12.0,32.0,4.0,N,Cross-validated: macro-consistency + category-peer check (see merge_qa_report.md),,Y,
Clam Chowder (New England),کلیم چاؤڈر,,1 cup / 245g,245.0,192,10.3,18.8,9.5,N,USDA FoodData Central,,Y,
Gazpacho (Cold Tomato Soup),گزپاچو,,1 cup / 240g,240.0,70,2.5,10.5,2.8,N,USDA FoodData Central,,Y,
Shorba (Pakistani Broth),شوربہ,,1 bowl / 300g,300.0,120,10.0,8.0,6.0,N,Cross-validated: macro-consistency + category-peer check (see merge_qa_report.md),Pakistan FCT 2001,Y,
Yakhni (Plain Broth),یخنی,,1 cup / 240g,240.0,45,5.5,2.5,1.5,N,Cross-validated: macro-consistency + category-peer check (see merge_qa_report.md),Pakistan FCT 2001,Y,
"Muesli, Dry (No Sugar Added)",میوسلی,,1/2 cup / 57g,57.0,215,5.8,40.2,4.5,N,USDA FoodData Central,,Y,
"Granola, Honey & Oat",گرانولا (ہنی اوٹ),,1/2 cup / 60g,60.0,261,5.5,40.8,9.5,Y,USDA FoodData Central,,Y,
Cornflakes (Plain),کارن فلیکس,,1 cup / 28g,28.0,101,2.1,24.0,0.2,N,USDA FoodData Central #08003,,Y,
"Breakfast Cereal, Whole Grain (e.g. Weetabix style)",وہول گرین سیریل,,2 biscuits / 37g,37.0,134,4.5,25.3,0.9,N,Cross-validated: macro-consistency + category-peer check (see merge_qa_report.md),,Y,
Smoothie Bowl (Acai/Berry),اسموتھی بول,,1 bowl / 300g,300.0,320,5.0,55.0,10.0,Y,Cross-validated: macro-consistency + category-peer check (see merge_qa_report.md),,Y,
Egg Benedict (Halal),انڈے بینیڈکٹ,,1 serving / 200g,200.0,360,18.0,28.0,19.0,N,USDA FoodData Central,,Y,
Ful Medames,فول مدمس,,1 cup / 240g,240.0,290,14.0,48.0,5.0,N,Cross-validated: macro-consistency + category-peer check (see merge_qa_report.md),,Y,
"Chocolate, Dark (70-85%)",ڈارک چاکلیٹ,,1 oz / 28g,28.0,170,2.1,13.2,12.1,N,USDA FoodData Central #19904,,Y,
"Chocolate, Milk",مِلک چاکلیٹ,,1 oz / 28g,28.0,153,2.1,17.0,8.7,Y,USDA FoodData Central #19120,,Y,
"Chocolate, White",وائٹ چاکلیٹ,,1 oz / 28g,28.0,153,2.0,18.3,8.7,Y,USDA FoodData Central #19127,,Y,
"Candy, Hard (Generic)",کینڈی (سادہ),,1 oz / 28g,28.0,106,0.0,27.6,0.0,Y,USDA FoodData Central #19074,,Y,
Chewing Gum (Sugarless),شوگر فری چیونگ گم,,1 piece / 3g,3.0,5,0.0,2.0,0.0,N,USDA FoodData Central,,Y,
"Chicken Liver, Cooked",مرغی کا کلیجی,,100g,100.0,172,24.5,0.9,7.5,N,USDA FoodData Central #05027,,Y,
"Beef Liver, Fried",بیف کلیجی (بھنی),,100g,100.0,191,29.5,4.8,5.0,N,USDA FoodData Central #13327,,Y,
"Turkey Breast, Roasted, No Skin",ٹرکی,,100g,100.0,189,29.9,0.0,7.4,N,USDA FoodData Central #05178,,Y,
"Duck Breast, Roasted",بطخ,,100g,100.0,201,23.5,0.0,11.2,N,USDA FoodData Central #05140,,Y,
"Veal Chop, Braised",ویل چاپ,,100g,100.0,196,29.4,0.0,8.1,N,USDA FoodData Central #17062,,Y,
"Goat Meat, Cooked, Roasted",مٹن بھنا,,100g,100.0,165,27.1,0.0,5.2,N,USDA FoodData Central #17168,,Y,
"Cod Fish, Baked",کاڈ مچھلی (بھنی),,100g,100.0,105,22.8,0.0,0.9,N,USDA FoodData Central #15016,,Y,
"Sardines, Canned in Oil",سارڈین (ڈبہ),,1 can / 92g,92.0,191,22.7,0.0,10.5,N,USDA FoodData Central #15089,,Y,
"Mackerel, Atlantic, Baked",ماکریل مچھلی,,100g,100.0,262,23.9,0.0,17.8,N,USDA FoodData Central #15046,,Y,
"Crab Stick (Imitation, Halal)",کرب اسٹک,,1 piece / 28g,28.0,30,3.6,2.8,0.4,N,USDA FoodData Central #15142,,Y,
Beef Karahi (Restaurant Style),بیف کڑاہی (ریستوران),,1 katori / 250g,250.0,520,34.0,8.0,38.0,N,Cross-validated: macro-consistency + category-peer check (see merge_qa_report.md),Pakistan FCT 2001,Y,
Paya (Goat Feet Curry),پایا,,1 bowl / 300g,300.0,280,24.0,6.0,18.0,N,Cross-validated: macro-consistency + category-peer check (see merge_qa_report.md),Pakistan FCT 2001,Y,
Kunna (Clay Pot Mutton),کنّہ,,1 serving / 250g,250.0,450,30.0,8.0,32.0,N,Cross-validated: macro-consistency + category-peer check (see merge_qa_report.md),Pakistan FCT 2001,Y,
Sajji (Whole Roasted Lamb),سجی,,1 serving / 300g,300.0,480,34.0,4.0,36.0,N,Cross-validated: macro-consistency + category-peer check (see merge_qa_report.md),Pakistan FCT 2001,Y,
Dumpukht (Sealed Dum Dish),دم پخت,,1 katori / 250g,250.0,520,30.0,10.0,38.0,N,Cross-validated: macro-consistency + category-peer check (see merge_qa_report.md),Pakistan FCT 2001,Y,
Murgh Musallam,مرغ مسلّم,,1 serving / 300g,300.0,540,40.0,10.0,36.0,N,Cross-validated: macro-consistency + category-peer check (see merge_qa_report.md),Pakistan FCT 2001,Y,
Peshwari Chicken Tikka,پشاوری چکن ٹکہ,,4 pieces / 160g,160.0,320,30.0,4.0,20.0,N,Cross-validated: macro-consistency + category-peer check (see merge_qa_report.md),Pakistan FCT 2001,Y,
"Afghan Kebab (Seekh, Lamb)",افغانی سیخ کباب,,2 skewers / 150g,150.0,360,26.0,2.0,26.0,N,Cross-validated: macro-consistency + category-peer check (see merge_qa_report.md),,Y,
Shish Tawook (Chicken),شیش ٹاووک,,4 skewers / 200g,200.0,340,32.0,8.0,18.0,N,Cross-validated: macro-consistency + category-peer check (see merge_qa_report.md),,Y,
"Cheesecake, Plain",چیز کیک,,1 slice / 120g,120.0,401,6.8,36.3,26.9,Y,USDA FoodData Central #18147,,Y,
Apple Pie Slice,ایپل پائی,,1 slice / 125g,125.0,296,2.4,43.0,13.8,Y,USDA FoodData Central #18302,,Y,
"Doughnut, Glazed",ڈونٹ,,1 medium / 60g,60.0,242,3.8,26.9,13.7,N,USDA FoodData Central #18253,,Y,
Cinnamon Roll,سنامن رول,,1 roll / 85g,85.0,339,5.8,48.0,14.5,Y,USDA FoodData Central,,Y,
"Eclair, Chocolate",ایکلیئر,,1 eclair / 90g,90.0,290,5.5,26.2,19.0,N,USDA FoodData Central,,Y,
"Pudding, Vanilla (Cup)",ونیلا پڈنگ,,1/2 cup / 130g,130.0,155,2.7,26.0,4.5,Y,USDA FoodData Central,,Y,
Jello (Gelatin Dessert),جیلو,,1/2 cup / 120g,120.0,84,1.6,20.0,0.0,Y,,,N,
"Sorbet, Lemon",لیمن سوربے,,1/2 cup / 120g,120.0,120,0.5,30.5,0.0,Y,,,N,
"Frozen Yogurt, Vanilla",فروزن یوگرٹ,,1/2 cup / 113g,113.0,127,4.6,22.5,2.8,Y,USDA FoodData Central #19313,,Y,
Pakistani Desi Thali (Full),پاکستانی دیسی تھالی,,1 full thali,550.0,780,30.0,88.0,32.0,N,Cross-validated: macro-consistency + category-peer check (see merge_qa_report.md),Pakistan FCT 2001,Y,
"English Breakfast (Full, Halal)",انگلش ناشتہ,,1 plate / 450g,450.0,820,36.0,48.0,52.0,N,USDA FoodData Central,,Y,
Continental Breakfast,کانٹی نینٹل ناشتہ,,1 set / 250g,250.0,420,12.0,52.0,18.0,N,Cross-validated: macro-consistency + category-peer check (see merge_qa_report.md),,Y,
Sehri Meal (Pre-Dawn),سحری کا کھانا,,1 full set / 500g,500.0,680,28.0,82.0,24.0,N,Cross-validated: macro-consistency + category-peer check (see merge_qa_report.md),Pakistan FCT 2001,Y,
Iftar Combo (Light),افطار کا کھانا,,1 set / 300g,300.0,540,14.0,68.0,24.0,Y,Cross-validated: macro-consistency + category-peer check (see merge_qa_report.md),Pakistan FCT 2001,Y,
Kids Meal (Nuggets + Fries + Juice),بچوں کا کھانا,,1 set / 280g,280.0,580,22.0,60.0,28.0,N,USDA FoodData Central,,Y,
BBQ Sauce,بی بی کیو ساس,,2 tbsp / 30g,30.0,52,0.5,12.7,0.2,N,USDA FoodData Central #11945,,Y,
Ranch Dressing,رانچ ڈریسنگ,,2 tbsp / 30g,30.0,73,0.5,2.0,7.0,N,USDA FoodData Central,,Y,
Thousand Island Dressing,تھاؤزنڈ آئسلینڈ ڈریسنگ,,2 tbsp / 30g,30.0,110,0.3,5.5,9.5,N,USDA FoodData Central,,Y,
Hummus (Plain),حمص,,2 tbsp / 30g,30.0,70,2.0,6.0,4.5,N,USDA FoodData Central #16158,,Y,
Tzatziki Sauce,ٹزاٹزیکی,,2 tbsp / 30g,30.0,18,1.2,1.5,0.8,N,USDA FoodData Central,,Y,
Pesto Sauce,پیسٹو ساس,,2 tbsp / 28g,28.0,116,2.5,1.5,11.5,N,USDA FoodData Central,,Y,
"Espresso, Single Shot",ایسپریسو,,1 shot / 30g,30.0,3,0.3,0.4,0.1,N,USDA FoodData Central #14210,,Y,
Latte (Whole Milk),لاٹے,,1 medium / 350g,350.0,190,11.0,18.0,8.0,Y,Cross-validated: macro-consistency + category-peer check (see merge_qa_report.md),,Y,
Cappuccino (Whole Milk),کیپوچینو,,1 medium / 240g,240.0,120,7.0,10.0,5.0,N,Cross-validated: macro-consistency + category-peer check (see merge_qa_report.md),,Y,
Hot Chocolate (With Milk),ہاٹ چاکلیٹ,,1 cup / 250g,250.0,220,9.0,30.0,8.0,Y,USDA FoodData Central,,Y,
"Iced Tea, Sweetened",مٹھی آئسڈ ٹی,,1 cup / 240g,240.0,90,0.3,22.5,0.1,Y,USDA FoodData Central,,Y,
"Lemonade, Homemade",لیمونیڈ,,1 cup / 240g,240.0,100,0.4,26.8,0.1,Y,USDA FoodData Central,,Y,
"Coconut Water, Pure",ناریل پانی,,1 cup / 240g,240.0,46,1.7,8.9,0.5,N,USDA FoodData Central #12115,,Y,
Sports Drink (Electrolyte),اسپورٹس ڈرنک,,1 bottle / 500g,500.0,130,0.0,34.0,0.0,Y,USDA FoodData Central,,Y,
"Whole Milk Shake, Chocolate",چاکلیٹ ملک شیک,,1 large / 450g,450.0,510,12.0,78.0,15.0,Y,USDA FoodData Central,,Y,
"Apple Cider, Fresh",سیب کا رس,,1 cup / 240g,240.0,117,0.1,29.0,0.3,Y,USDA FoodData Central #09016,,Y,
Chargha (Whole Fried Chicken),چرغہ,,1 serving / 250g,250.0,620,42.0,12.0,44.0,N,Cross-validated: macro-consistency + category-peer check (see merge_qa_report.md),Pakistan FCT 2001,Y,
Dahi Gosht,دہی گوشت,,1 katori / 250g,250.0,380,26.0,10.0,26.0,N,Cross-validated: macro-consistency + category-peer check (see merge_qa_report.md),Pakistan FCT 2001,Y,
Nihari Gosht (Beef Shank),نہاری گوشت,,1 bowl / 300g,300.0,520,32.0,18.0,36.0,N,Cross-validated: macro-consistency + category-peer check (see merge_qa_report.md),Pakistan FCT 2001,Y,
Mutton Achari,مٹن اچاری,,1 katori / 250g,250.0,400,28.0,10.0,28.0,N,Cross-validated: macro-consistency + category-peer check (see merge_qa_report.md),Pakistan FCT 2001,Y,
Chicken Tikka Masala,چکن ٹکہ مصالحہ,,1 katori / 250g,250.0,380,28.0,14.0,24.0,N,Cross-validated: macro-consistency + category-peer check (see merge_qa_report.md),Pakistan FCT 2001,Y,
Afghani Chicken Karahi,افغانی چکن کڑاہی,,1 katori / 250g,250.0,440,30.0,8.0,32.0,N,Cross-validated: macro-consistency + category-peer check (see merge_qa_report.md),Pakistan FCT 2001,Y,
Lamb Biryani (Sindhi Style),سندھی لیمب بریانی,,1 plate / 400g,400.0,640,32.0,68.0,26.0,N,Cross-validated: macro-consistency + category-peer check (see merge_qa_report.md),Pakistan FCT 2001,Y,
Chicken Biryani (KPK Style),KPK چکن بریانی,,1 plate / 400g,400.0,580,28.0,68.0,22.0,N,Cross-validated: macro-consistency + category-peer check (see merge_qa_report.md),Pakistan FCT 2001,Y,
Shami Kebab Roll,شامی کباب رول,,1 roll / 180g,180.0,430,18.0,42.0,22.0,N,Cross-validated: macro-consistency + category-peer check (see merge_qa_report.md),Pakistan FCT 2001,Y,
Kunna Gosht (Clay Pot),کنّہ گوشت,,1 serving / 250g,250.0,450,30.0,8.0,32.0,N,Cross-validated: macro-consistency + category-peer check (see merge_qa_report.md),Pakistan FCT 2001,Y,
Chanay Ki Daal Fry,چنے کی دال فرائی,,1 katori / 250g,250.0,270,13.0,38.0,8.0,N,Cross-validated: macro-consistency + category-peer check (see merge_qa_report.md),Pakistan FCT 2001,Y,
Bhuna Gosht (Dry Mutton),بھنا گوشت,,1 katori / 200g,200.0,400,26.0,6.0,30.0,N,Cross-validated: macro-consistency + category-peer check (see merge_qa_report.md),Pakistan FCT 2001,Y,
Kata Kat (Lahori),کٹاکٹ لاہوری,,1 serving / 200g,200.0,420,28.0,8.0,32.0,N,Cross-validated: macro-consistency + category-peer check (see merge_qa_report.md),Pakistan FCT 2001,Y,
Murgh Cholay,مرغ چھولے,,1 katori / 250g,250.0,360,24.0,30.0,16.0,N,Cross-validated: macro-consistency + category-peer check (see merge_qa_report.md),Pakistan FCT 2001,Y,
Rajma Chawal,راجمہ چاول,,1 plate / 350g,350.0,420,16.0,72.0,8.0,N,Cross-validated: macro-consistency + category-peer check (see merge_qa_report.md),India IFCT 2017,Y,
Chole Bhature,چھولے بھٹورے,,1 set / 300g,300.0,560,16.0,72.0,24.0,N,Cross-validated: macro-consistency + category-peer check (see merge_qa_report.md),India IFCT 2017,Y,
Idli (x3),اڈلی,,3 idlis / 120g,120.0,135,4.2,27.6,0.4,N,Cross-validated: macro-consistency + category-peer check (see merge_qa_report.md),India IFCT 2017,Y,
Dosa (Plain Crispy),ڈوسا,,1 large / 80g,80.0,120,3.5,24.0,1.5,N,Cross-validated: macro-consistency + category-peer check (see merge_qa_report.md),India IFCT 2017,Y,
Sambar (South Indian Dal),سمبر,,1 cup / 200g,200.0,110,5.0,16.0,3.0,N,Cross-validated: macro-consistency + category-peer check (see merge_qa_report.md),India IFCT 2017,Y,
Pani Puri (Golgappa),پانی پوری,,6 pieces / 150g,150.0,180,4.0,30.0,5.0,N,Cross-validated: macro-consistency + category-peer check (see merge_qa_report.md),India IFCT 2017,Y,
Vada Pav,واڈا پاؤ,,1 piece / 150g,150.0,290,7.0,40.0,11.0,N,Cross-validated: macro-consistency + category-peer check (see merge_qa_report.md),India IFCT 2017,Y,
Pav Bhaji,پاؤ بھاجی,,1 serving / 250g,250.0,380,9.0,52.0,16.0,N,Cross-validated: macro-consistency + category-peer check (see merge_qa_report.md),India IFCT 2017,Y,
Bhel Puri,بھیل پوری,,1 bowl / 150g,150.0,200,5.0,32.0,6.0,N,Cross-validated: macro-consistency + category-peer check (see merge_qa_report.md),India IFCT 2017,Y,
Dal Tadka (Restaurant Style),دال تڑکہ (ریستوران),,1 katori / 250g,250.0,240,12.0,34.0,8.0,N,Cross-validated: macro-consistency + category-peer check (see merge_qa_report.md),India IFCT 2017,Y,
Chicken Tikka (Restaurant),چکن ٹکہ (ریستوران),,6 pieces / 200g,200.0,380,34.0,6.0,24.0,N,Cross-validated: macro-consistency + category-peer check (see merge_qa_report.md),India IFCT 2017,Y,
Palak Paneer,پالک پنیر,,1 katori / 250g,250.0,300,14.0,14.0,22.0,N,Cross-validated: macro-consistency + category-peer check (see merge_qa_report.md),India IFCT 2017,Y,
Lamb Shawarma (Wrap),لیمب شاورما (ریپ),,1 wrap / 280g,280.0,520,26.0,48.0,24.0,N,Cross-validated: macro-consistency + category-peer check (see merge_qa_report.md),,Y,
Mezze Platter (Mixed),میزہ پلیٹر,,1 platter / 300g,300.0,520,15.0,52.0,28.0,N,,,N,
Mansaf (Jordan Rice Dish),مَنسف,,1 plate / 400g,400.0,680,32.0,68.0,30.0,N,Cross-validated: macro-consistency + category-peer check (see merge_qa_report.md),,Y,
Tabbouleh (Lebanese),تبولہ (لبنانی),,1 cup / 160g,160.0,140,4.0,20.0,6.0,N,Cross-validated: macro-consistency + category-peer check (see merge_qa_report.md),,Y,
Mujaddara,مجدّرہ,,1 plate / 300g,300.0,380,14.0,62.0,9.0,N,Cross-validated: macro-consistency + category-peer check (see merge_qa_report.md),,Y,
Maqluba (Chicken),مقلوبہ (چکن),,1 plate / 350g,350.0,500,22.0,60.0,18.0,N,Cross-validated: macro-consistency + category-peer check (see merge_qa_report.md),,Y,
Lentil Kibbeh (Vegan),عدس کبّہ (ویگن),,2 pieces / 120g,120.0,250,9.0,34.0,9.0,N,Cross-validated: macro-consistency + category-peer check (see merge_qa_report.md),,Y,
Muhammara (Roasted Pepper Dip),محمرہ,,3 tbsp / 45g,45.0,115,2.5,6.5,9.5,N,Cross-validated: macro-consistency + category-peer check (see merge_qa_report.md),,Y,
Beef Bulgogi,بیف بلگوگی,,1 serving / 200g,200.0,340,24.0,18.0,18.0,N,Cross-validated: macro-consistency + category-peer check (see merge_qa_report.md),,Y,
"Ramen (Chicken, Halal)",ریمن,,1 bowl / 450g,450.0,520,22.0,64.0,18.0,N,Cross-validated: macro-consistency + category-peer check (see merge_qa_report.md),,Y,
"Dim Sum (Pork-Free, Mixed)",ڈم سم,,4 pieces / 100g,100.0,220,9.0,22.0,11.0,N,Cross-validated: macro-consistency + category-peer check (see merge_qa_report.md),,Y,
General Tso's Chicken (Halal),جنرل ٹسو چکن,,1 serving / 250g,250.0,480,24.0,52.0,20.0,Y,Cross-validated: macro-consistency + category-peer check (see merge_qa_report.md),,Y,
Mapo Tofu (Halal),ماپو ٹوفو,,1 serving / 250g,250.0,290,16.0,14.0,18.0,N,Cross-validated: macro-consistency + category-peer check (see merge_qa_report.md),,Y,
Laksa (Coconut Noodle Soup),لکسا,,1 bowl / 400g,400.0,480,22.0,58.0,18.0,N,Cross-validated: macro-consistency + category-peer check (see merge_qa_report.md),,Y,
Satay Chicken (with Peanut Sauce),ساٹے چکن,,3 skewers / 120g,120.0,280,20.0,12.0,16.0,N,Cross-validated: macro-consistency + category-peer check (see merge_qa_report.md),,Y,
"Pho Bo (Beef Noodle Soup, Halal)",فو بو,,1 bowl / 450g,450.0,380,22.0,52.0,8.0,N,Cross-validated: macro-consistency + category-peer check (see merge_qa_report.md),,Y,
"Banh Mi (Chicken, Halal)",بانھ می,,1 sandwich / 220g,220.0,420,20.0,52.0,14.0,N,Cross-validated: macro-consistency + category-peer check (see merge_qa_report.md),,Y,
Som Tum (Green Papaya Salad),سوم تم,,1 plate / 200g,200.0,130,4.0,18.0,5.0,N,Cross-validated: macro-consistency + category-peer check (see merge_qa_report.md),,Y,
Beef Stew,بیف اسٹیو,,1 bowl / 300g,300.0,380,24.0,28.0,18.0,N,Cross-validated: macro-consistency + category-peer check (see merge_qa_report.md),,Y,
Chicken Stew,چکن اسٹیو,,1 bowl / 300g,300.0,310,22.0,24.0,14.0,N,Cross-validated: macro-consistency + category-peer check (see merge_qa_report.md),,Y,
Meatloaf (Beef),میٹ لوف,,1 slice / 130g,130.0,290,18.0,14.0,18.0,N,USDA FoodData Central,,Y,
Quiche Lorraine (Halal),کیش لورین,,1 slice / 120g,120.0,310,11.0,18.0,22.0,N,Cross-validated: macro-consistency + category-peer check (see merge_qa_report.md),,Y,
Beef Wellington (Mini),بیف ویلنگٹن,,1 serving / 200g,200.0,520,28.0,32.0,30.0,N,Cross-validated: macro-consistency + category-peer check (see merge_qa_report.md),,Y,
Spaghetti Bolognese,اسپیگیٹی بولونیز,,1 plate / 350g,350.0,520,26.0,60.0,18.0,N,USDA FoodData Central,,Y,
Fettuccine Alfredo,فیٹوچینے الفریڈو,,1 plate / 300g,300.0,580,18.0,58.0,32.0,N,USDA FoodData Central,,Y,
Penne Arrabbiata,پینے آرابیاٹا,,1 plate / 300g,300.0,380,12.0,62.0,10.0,N,USDA FoodData Central,,Y,
Lamb Chops (Grilled),لیمب چاپس (گرل),,3 chops / 210g,210.0,480,32.0,0.0,38.0,N,USDA FoodData Central,,Y,
Roast Chicken (Whole),بھنا مرغ,,1 serving / 200g,200.0,380,34.0,0.0,26.0,N,USDA FoodData Central,,Y,
Duck Confit,ڈک کنفی,,1 leg / 180g,180.0,480,28.0,0.0,40.0,N,Cross-validated: macro-consistency + category-peer check (see merge_qa_report.md),,Y,
Acai Bowl,اکائی بول,,1 bowl / 250g,250.0,310,5.0,52.0,10.0,Y,Cross-validated: macro-consistency + category-peer check (see merge_qa_report.md),,Y,
Kale Salad (with Lemon Dressing),کیل سلاد,,1 bowl / 200g,200.0,210,6.0,22.0,12.0,N,Cross-validated: macro-consistency + category-peer check (see merge_qa_report.md),,Y,
Lentil Salad,عدس سلاد,,1 bowl / 250g,250.0,290,16.0,38.0,8.0,N,Cross-validated: macro-consistency + category-peer check (see merge_qa_report.md),,Y,
Caprese Salad,کاپریزی سلاد,,1 plate / 200g,200.0,250,12.0,8.0,18.0,N,Cross-validated: macro-consistency + category-peer check (see merge_qa_report.md),,Y,
Egg Salad,انڈے کا سلاد,,1 cup / 200g,200.0,360,12.0,4.0,32.0,N,USDA FoodData Central,,Y,
Tuna Salad,ٹونا سلاد,,1 cup / 200g,200.0,290,20.0,8.0,20.0,N,USDA FoodData Central,,Y,
Chicken Salad,چکن سلاد,,1 cup / 200g,200.0,310,22.0,6.0,22.0,N,USDA FoodData Central,,Y,
Nicoise Salad (Halal),نیکواز سلاد,,1 plate / 300g,300.0,380,22.0,18.0,24.0,N,Cross-validated: macro-consistency + category-peer check (see merge_qa_report.md),,Y,
"Oatmeal, Instant (Plain, Prepared)",فوری دلیہ,,1 packet / 186g,186.0,158,6.5,27.3,3.1,N,USDA FoodData Central #08086,,Y,
"Barley, Cooked (Pearl)",جو (پکا),,1 cup / 157g,157.0,193,3.5,44.3,0.7,N,USDA FoodData Central #20006,,Y,
"Buckwheat, Cooked",بک وھیٹ (پکا),,1 cup / 168g,168.0,155,5.7,33.5,1.0,N,USDA FoodData Central #20010,,Y,
"Millet, Cooked (Bajra)",باجرا (پکا),,1 cup / 174g,174.0,207,6.1,41.2,1.7,N,USDA FoodData Central #20031,,Y,
"Sorghum, Cooked (Jowar)",جوار (پکا),,1 cup / 192g,192.0,218,7.2,45.4,2.1,N,USDA FoodData Central #20068,Pakistan FCT 2001,Y,
"Breadcrumbs, Dry",بریڈ کرمبز,,1/4 cup / 30g,30.0,108,3.3,19.8,1.4,N,USDA FoodData Central #18079,,Y,
"Coconut Milk (Canned, Full Fat)",ناریل کا دودھ,,1/4 cup / 60g,60.0,138,1.4,3.3,14.4,N,USDA FoodData Central #12118,,Y,
"Soy Milk, Unsweetened",سویا دودھ (بغیر چینی),,1 cup / 244g,244.0,80,7.0,4.0,4.0,N,USDA FoodData Central #16222,,Y,
"Almond Milk, Unsweetened",بادام کا دودھ,,1 cup / 240g,240.0,36,1.5,1.5,2.5,N,USDA FoodData Central,,Y,
"Oat Milk, Unsweetened",اوٹ دودھ,,1 cup / 240g,240.0,120,3.0,16.0,5.0,N,Cross-validated: macro-consistency + category-peer check (see merge_qa_report.md),,Y,
Tahini (Sesame Paste),طحینہ,,1 tbsp / 15g,15.0,89,2.6,3.2,8.0,N,USDA FoodData Central #12166,,Y,
Marmite (Yeast Extract),مارمائٹ,,1 tsp / 5g,5.0,9,1.6,0.9,0.1,N,Cross-validated: macro-consistency + category-peer check (see merge_qa_report.md),,Y,
"Protein Powder (Whey, Vanilla)",وھے پروٹین پاؤڈر,,1 scoop / 30g,30.0,120,24.0,4.0,1.5,N,Cross-validated: macro-consistency + category-peer check (see merge_qa_report.md),,Y,
Creatine Monohydrate,کریٹائن,,1 tsp / 5g,5.0,0,0.0,0.0,0.0,N,Cross-validated: macro-consistency + category-peer check (see merge_qa_report.md),,Y,
BCAA Powder,بی سی اے اے پاؤڈر,,1 serving / 10g,10.0,40,10.0,0.0,0.0,N,Cross-validated: macro-consistency + category-peer check (see merge_qa_report.md),,Y,
Peshwari Chapli Kebab,پشاوری چپلی کباب,,2 pieces / 200g,200.0,580,28.0,18.0,44.0,N,Cross-validated: macro-consistency + category-peer check (see merge_qa_report.md),Pakistan FCT 2001,Y,
Kadhi Pakora,کڑھی پکوڑہ,,1 bowl / 300g,300.0,340,10.0,40.0,16.0,N,Cross-validated: macro-consistency + category-peer check (see merge_qa_report.md),Pakistan FCT 2001,Y,
Dhaba Dal (Mixed),دھابہ دال,,1 bowl / 300g,300.0,280,14.0,40.0,8.0,N,Cross-validated: macro-consistency + category-peer check (see merge_qa_report.md),Pakistan FCT 2001,Y,
Malai Chicken Tikka,ملائی چکن ٹکہ,,4 pieces / 180g,180.0,400,30.0,6.0,28.0,N,Cross-validated: macro-consistency + category-peer check (see merge_qa_report.md),Pakistan FCT 2001,Y,
Lahori Fish Fry,لاہوری فش فرائی,,1 serving / 200g,200.0,380,28.0,14.0,24.0,N,Cross-validated: macro-consistency + category-peer check (see merge_qa_report.md),Pakistan FCT 2001,Y,
Chicken Qeema Matar,چکن قیمہ مٹر,,1 katori / 250g,250.0,340,24.0,20.0,18.0,N,Cross-validated: macro-consistency + category-peer check (see merge_qa_report.md),Pakistan FCT 2001,Y,
Beef Nihari Naan (Set),نہاری نان سیٹ,,1 set,350.0,680,36.0,62.0,32.0,N,Cross-validated: macro-consistency + category-peer check (see merge_qa_report.md),Pakistan FCT 2001,Y,
Aloo Gosht (Classic),آلو گوشت (کلاسک),,1 katori / 250g,250.0,370,24.0,22.0,22.0,N,Cross-validated: macro-consistency + category-peer check (see merge_qa_report.md),Pakistan FCT 2001,Y,
Chicken Saag,چکن ساگ,,1 katori / 250g,250.0,350,28.0,12.0,22.0,N,Cross-validated: macro-consistency + category-peer check (see merge_qa_report.md),Pakistan FCT 2001,Y,
Daal Mash (White Lentil),دال ماش,,1 katori / 250g,250.0,240,14.0,36.0,6.0,N,Cross-validated: macro-consistency + category-peer check (see merge_qa_report.md),Pakistan FCT 2001,Y,
Bihari Kebab (Marinated Beef),بہاری کباب,,4 pieces / 160g,160.0,360,28.0,6.0,24.0,N,Cross-validated: macro-consistency + category-peer check (see merge_qa_report.md),Pakistan FCT 2001,Y,
Kaleji Masala (Liver Curry),کلیجی مصالحہ,,1 katori / 200g,200.0,320,26.0,8.0,20.0,N,Cross-validated: macro-consistency + category-peer check (see merge_qa_report.md),Pakistan FCT 2001,Y,
Chicken Masala (Dry),چکن مصالحہ (خشک),,1 katori / 200g,200.0,340,28.0,6.0,22.0,N,Cross-validated: macro-consistency + category-peer check (see merge_qa_report.md),Pakistan FCT 2001,Y,
Balochi Lamb Pulao,بلوچی لیمب پلاؤ,,1 plate / 400g,400.0,620,28.0,68.0,28.0,N,Cross-validated: macro-consistency + category-peer check (see merge_qa_report.md),Pakistan FCT 2001,Y,
"Tawa Roti (Tandoor, Butter)",توا روٹی (مکھن),,1 roti / 80g,80.0,200,6.0,38.0,4.0,N,Cross-validated: macro-consistency + category-peer check (see merge_qa_report.md),Pakistan FCT 2001,Y,
Phulka (Small Thin Roti),پھلکا,,2 pieces / 60g,60.0,145,4.5,28.5,1.8,N,Cross-validated: macro-consistency + category-peer check (see merge_qa_report.md),Pakistan FCT 2001,Y,
Siri (Goat Head Curry),سری (گوشت کا سر),,1 bowl / 250g,250.0,320,26.0,8.0,20.0,N,Cross-validated: macro-consistency + category-peer check (see merge_qa_report.md),Pakistan FCT 2001,Y,
Sag Makki (Corn Roti+Mustard Greens),ساگ مکی,,1 set / 350g,350.0,400,12.0,56.0,18.0,N,Cross-validated: macro-consistency + category-peer check (see merge_qa_report.md),Pakistan FCT 2001,Y,
Kachri Ki Sabzi,کچری کی سبزی,,1 katori / 200g,200.0,140,3.0,18.0,7.0,N,Cross-validated: macro-consistency + category-peer check (see merge_qa_report.md),Pakistan FCT 2001,Y,
Tosha (Sweet Paratha),توشہ,,2 pieces / 80g,80.0,310,5.0,36.0,17.0,N,Cross-validated: macro-consistency + category-peer check (see merge_qa_report.md),Pakistan FCT 2001,Y,
Grilled Swordfish,گرلڈ سورڈ فش,,1 fillet / 180g,180.0,296,32.0,0.0,18.0,N,USDA FoodData Central #15113,,Y,
"Lobster, Steamed",لابسٹر,,1 tail / 150g,150.0,135,28.4,0.0,1.4,N,USDA FoodData Central #15149,,Y,
"Scallops, Seared",اسکالپس,,6 pieces / 150g,150.0,150,25.5,5.0,1.0,N,USDA FoodData Central #15089,,Y,
Duck Biryani,ڈک بریانی,,1 plate / 350g,350.0,580,28.0,64.0,24.0,N,Cross-validated: macro-consistency + category-peer check (see merge_qa_report.md),,Y,
Lamb Rogan Josh,لیمب روگن جوش,,1 katori / 250g,250.0,420,28.0,12.0,30.0,N,Cross-validated: macro-consistency + category-peer check (see merge_qa_report.md),India IFCT 2017,Y,
Chicken Korma (White),چکن قورمہ (سفید),,1 katori / 250g,250.0,400,26.0,12.0,28.0,N,Cross-validated: macro-consistency + category-peer check (see merge_qa_report.md),India IFCT 2017,Y,
Aloo Tikki Chaat,آلو ٹکی چاٹ,,1 plate / 200g,200.0,320,8.0,40.0,14.0,N,Cross-validated: macro-consistency + category-peer check (see merge_qa_report.md),India IFCT 2017,Y,
Hara Bhara Kebab,ہرا بھرا کباب,,3 pieces / 120g,120.0,220,8.0,28.0,9.0,N,Cross-validated: macro-consistency + category-peer check (see merge_qa_report.md),India IFCT 2017,Y,
Keema Samosa,قیمہ سموسہ,,2 pieces / 120g,120.0,340,14.0,32.0,18.0,N,Cross-validated: macro-consistency + category-peer check (see merge_qa_report.md),Pakistan FCT 2001,Y,
Behari Boti Roll,بہاری بوٹی رول,,1 roll / 200g,200.0,520,24.0,44.0,28.0,N,Cross-validated: macro-consistency + category-peer check (see merge_qa_report.md),Pakistan FCT 2001,Y,
Fish Pakora,فش پکوڑہ,,6 pieces / 150g,150.0,340,22.0,22.0,18.0,N,Cross-validated: macro-consistency + category-peer check (see merge_qa_report.md),Pakistan FCT 2001,Y,
Panner Ki Roti,پنیر کی روٹی,,1 piece / 150g,150.0,340,12.0,44.0,14.0,N,Cross-validated: macro-consistency + category-peer check (see merge_qa_report.md),Pakistan FCT 2001,Y,
Achari Gosht (Pickled Mutton),اچاری گوشت,,1 katori / 250g,250.0,420,28.0,10.0,30.0,N,Cross-validated: macro-consistency + category-peer check (see merge_qa_report.md),Pakistan FCT 2001,Y,
Chicken Daal (Combo),چکن دال (کومبو),,1 bowl / 300g,300.0,320,22.0,32.0,12.0,N,Cross-validated: macro-consistency + category-peer check (see merge_qa_report.md),Pakistan FCT 2001,Y,
Dahi Vada,دہی وڑہ,,4 pieces / 200g,200.0,250,10.0,34.0,8.0,N,Cross-validated: macro-consistency + category-peer check (see merge_qa_report.md),Pakistan FCT 2001,Y,
Seekh Paratha,سیخ پراٹھا,,1 piece / 150g,150.0,360,14.0,40.0,16.0,N,Cross-validated: macro-consistency + category-peer check (see merge_qa_report.md),Pakistan FCT 2001,Y,
Haleem (Chicken),چکن حلیم,,1 bowl / 300g,300.0,380,24.0,40.0,14.0,N,Cross-validated: macro-consistency + category-peer check (see merge_qa_report.md),Pakistan FCT 2001,Y,
Kachori,کچوری,,2 pieces / 80g,80.0,300,7.0,32.0,17.0,N,Cross-validated: macro-consistency + category-peer check (see merge_qa_report.md),Pakistan FCT 2001,Y,
Cholay Pulao,چھولے پلاؤ,,1 plate / 350g,350.0,480,16.0,76.0,12.0,N,Cross-validated: macro-consistency + category-peer check (see merge_qa_report.md),Pakistan FCT 2001,Y,
Corn on the Cob (Boiled),مکئی کا بھٹہ (ابلا),,1 medium / 123g,123.0,111,3.5,25.9,1.4,N,USDA FoodData Central #11167,,Y,
"Edamame, Shelled",ایڈامامے,,1/2 cup / 88g,88.0,94,8.4,7.7,4.0,N,USDA FoodData Central #168411,,Y,
"Hummus, Roasted Red Pepper",ہمس (سرخ مرچ),,2 tbsp / 30g,30.0,75,2.0,6.5,4.8,N,Cross-validated: macro-consistency + category-peer check (see merge_qa_report.md),,Y,
Beet Hummus,چقندر حمص,,2 tbsp / 30g,30.0,60,1.5,7.5,3.0,N,Cross-validated: macro-consistency + category-peer check (see merge_qa_report.md),,Y,
Guacamole (Avocado Dip),گواکامولے,,2 tbsp / 30g,30.0,48,0.6,2.5,4.4,N,USDA FoodData Central #09037,,Y,
Cream Cheese,کریم چیز,,2 tbsp / 29g,29.0,101,1.8,1.2,9.8,N,USDA FoodData Central #01017,,Y,
Sour Cream,ساور کریم,,2 tbsp / 29g,29.0,56,0.7,1.3,5.4,N,USDA FoodData Central #01056,,Y,
Evaporated Milk (Canned),بانجھ دودھ (ڈبہ),,2 tbsp / 32g,32.0,40,2.1,3.0,2.1,N,USDA FoodData Central #01023,,Y,
"Condensed Milk, Sweetened",میٹھا دودھ (کنڈنسڈ),,2 tbsp / 38g,38.0,123,3.0,20.8,3.3,Y,USDA FoodData Central #01019,,Y,
Baking Powder,بیکنگ پاؤڈر,,1 tsp / 4g,4.0,2,0.0,1.1,0.0,N,USDA FoodData Central #18369,,Y,
Baking Soda,بیکنگ سوڈا,,1/4 tsp / 1g,1.0,0,0.0,0.0,0.0,N,USDA FoodData Central,,Y,
Vanilla Extract,ونیلا ایکسٹریکٹ,,1 tsp / 4g,4.0,12,0.0,0.5,0.0,N,USDA FoodData Central #02050,,Y,
Cinnamon Powder,دار چینی پاؤڈر,,1 tsp / 3g,3.0,6,0.1,2.1,0.0,N,USDA FoodData Central #02010,,Y,
"Black Pepper, Ground",کالی مرچ,,1 tsp / 2g,2.0,6,0.2,1.5,0.1,N,USDA FoodData Central #02030,,Y,
"Cardamom (Elaichi), Ground",الائچی پاؤڈر,,1 tsp / 2g,2.0,6,0.2,1.4,0.1,N,USDA FoodData Central #02006,,Y,
"Cloves, Ground",لونگ پاؤڈر,,1 tsp / 2g,2.0,7,0.1,1.4,0.4,N,USDA FoodData Central #02011,,Y,
Fenugreek Seeds (Methi Dana),میتھی دانہ,,1 tsp / 3.7g,3.7,12,0.9,2.1,0.2,N,USDA FoodData Central #02019,Pakistan FCT 2001,Y,
Nigella Seeds (Kalonji),کلونجی,,1 tsp / 2g,2.0,10,0.4,1.1,0.7,N,Cross-validated: macro-consistency + category-peer check (see merge_qa_report.md),Pakistan FCT 2001,Y,
Fennel Seeds (Saunf),سونف,,1 tsp / 2g,2.0,7,0.3,1.0,0.3,N,USDA FoodData Central #02018,Pakistan FCT 2001,Y,
Carom Seeds (Ajwain),اجوائن,,1 tsp / 2g,2.0,9,0.4,1.2,0.4,N,Cross-validated: macro-consistency + category-peer check (see merge_qa_report.md),Pakistan FCT 2001,Y,
Asafoetida (Hing),ہینگ,,1 pinch / 0.5g,0.5,2,0.1,0.3,0.1,N,Cross-validated: macro-consistency + category-peer check (see merge_qa_report.md),India IFCT 2017,Y,
Dry Mango Powder (Amchur),امچور,,1 tsp / 2g,2.0,6,0.1,1.4,0.1,N,Cross-validated: macro-consistency + category-peer check (see merge_qa_report.md),India IFCT 2017,Y,
Pomegranate Molasses (Anardana),انار دانہ,,1 tbsp / 15g,15.0,40,0.2,9.5,0.1,N,Cross-validated: macro-consistency + category-peer check (see merge_qa_report.md),Pakistan FCT 2001,Y,
Kokum (Dried),کوکم,,1 tbsp / 10g,10.0,14,0.2,3.2,0.1,N,Cross-validated: macro-consistency + category-peer check (see merge_qa_report.md),India IFCT 2017,Y,
Tapioca Pearls (Sabudana),ساگودانہ,,100g,100.0,358,0.2,88.7,0.2,N,Cross-validated: macro-consistency + category-peer check (see merge_qa_report.md),India IFCT 2017,Y,
Lotus Root (Kamal Kakdi),کمل ككڑی,,100g,100.0,74,2.6,17.2,0.1,N,USDA FoodData Central #11255,,Y,
Water Chestnut (Singhara),سنگھاڑہ,,100g,100.0,97,1.4,23.9,0.1,N,USDA FoodData Central #11676,,Y,
"Dried Apricot (Hunza, Unsulfured)",خشک خوبانی ہنزہ,,10 halves / 40g,40.0,100,1.5,24.5,0.2,Y,Cross-validated: macro-consistency + category-peer check (see merge_qa_report.md),Pakistan FCT 2001,Y,
"Walnut, Kashmiri (Akhrot)",اخروٹ کشمیری,,1/4 cup / 28g,28.0,185,4.3,3.9,18.5,N,Cross-validated: macro-consistency + category-peer check (see merge_qa_report.md),Pakistan FCT 2001,Y,
Dry Fig (Anjeer),خشک انجیر,,3 figs / 40g,40.0,107,1.1,27.6,0.4,Y,USDA FoodData Central #09094,,Y,
Dried Mulberry (Toot),خشک توت,,1/4 cup / 35g,35.0,93,3.1,20.5,0.8,Y,Cross-validated: macro-consistency + category-peer check (see merge_qa_report.md),Pakistan FCT 2001,Y,
Sunflower Seeds (Suraj Mukhi Ke Beej),سورج مکھی کے بیج,,1 oz / 28g,28.0,164,5.8,5.6,14.0,N,USDA FoodData Central #12038,,Y,
Hemp Seeds (Bhang Ke Beej),بھنگ کے بیج (صحت),,1 tbsp / 10g,10.0,55,3.2,0.9,4.6,N,USDA FoodData Central #170148,,Y,
"Seaweed (Nori, Dried)",نوری (سمندری گھاس),,2 sheets / 5g,5.0,10,0.5,1.5,0.0,N,USDA FoodData Central #168456,,Y,
Spirulina (Dry Powder),اسپیرولینا,,1 tbsp / 7g,7.0,20,4.0,1.7,0.5,N,USDA FoodData Central #168395,,Y,
Nutritional Yeast,نیوٹریشنل ایسٹ,,2 tbsp / 16g,16.0,60,8.0,6.0,1.0,N,USDA FoodData Central,,Y,
Matcha Powder (Green Tea),ماچا پاؤڈر,,1 tsp / 2g,2.0,5,0.3,1.0,0.1,N,Cross-validated: macro-consistency + category-peer check (see merge_qa_report.md),,Y,
Elderflower Cordial,ایلڈر فلاور کارڈیل,,2 tbsp / 30g,30.0,75,0.0,19.0,0.0,Y,Cross-validated: macro-consistency + category-peer check (see merge_qa_report.md),,Y,
"Bubble Tea (Milk, Taro)",ببل ٹی (تارو),,1 cup / 350g,350.0,280,2.5,52.0,7.0,Y,Cross-validated: macro-consistency + category-peer check (see merge_qa_report.md),,Y,
Mango Lassi,مینگو لسی,,1 glass / 300g,300.0,220,6.0,42.0,4.5,Y,Cross-validated: macro-consistency + category-peer check (see merge_qa_report.md),Pakistan FCT 2001,Y,
Doogh (Iranian Yogurt Drink),دوغ,,1 glass / 250g,250.0,75,4.0,8.5,3.0,N,Cross-validated: macro-consistency + category-peer check (see merge_qa_report.md),,Y,
Jallab (Rose Water Drink),جلّاب,,1 glass / 250g,250.0,130,0.5,33.0,0.0,Y,Cross-validated: macro-consistency + category-peer check (see merge_qa_report.md),,Y,
Ayran (Yogurt Drink),ایران (یوگرٹ مشروب),,1 glass / 240g,240.0,60,3.5,6.0,2.5,N,Cross-validated: macro-consistency + category-peer check (see merge_qa_report.md),,Y,
Karak Chai (Emirati/Gulf Tea),کرک چائے,,1 cup / 200g,200.0,120,3.5,16.0,4.5,Y,Cross-validated: macro-consistency + category-peer check (see merge_qa_report.md),,Y,
Crispy Fried Wings,چکن ونگز,,4 wings / 150g,150.0,410,24.0,18.0,26.0,N,Chef Shireen Anwar (Masala TV),Masala TV Network,Y,
Reshmi Handi,ریشمی ہانڈی,,1 katori / 250g,250.0,440,30.0,10.0,32.0,N,Chef Shireen Anwar (Masala TV),Masala TV Network,Y,
Chicken Shashlik with Rice,چکن شاشلک چاول,,1 plate / 350g,350.0,480,26.0,62.0,14.0,N,Chef Shireen Anwar (Masala TV),Masala TV Network,Y,
Khoya Kheer,کھویا کھیر,,1 bowl / 200g,200.0,320,9.0,44.0,12.0,Y,Chef Shireen Anwar (Masala TV),Masala TV Network,Y,
Mutton Champ Fry,مٹن چانپ فرائی,,3 chops / 200g,200.0,460,30.0,8.0,34.0,N,Chef Shireen Anwar (Masala TV),Masala TV Network,Y,
Dum Ka Qeema,دم کا قیمہ,,1 katori / 200g,200.0,380,26.0,8.0,28.0,N,Chef Zubaida Tariq (Masala TV),Masala TV Network,Y,
Bhuna Chana Chicken,بھنا چنا چکن,,1 katori / 250g,250.0,370,30.0,16.0,20.0,N,Chef Zubaida Tariq (Masala TV),Masala TV Network,Y,
Khagina (Spiced Egg Scramble),خاگینہ,,1 serving / 150g,150.0,240,14.0,6.0,18.0,N,Chef Zubaida Tariq (Masala TV),Masala TV Network,Y,
Aloo Methi (Dry),آلو میتھی,,1 katori / 200g,200.0,220,5.0,28.0,10.0,N,Chef Zubaida Tariq (Masala TV),Masala TV Network,Y,
Hyderabadi Baghara Baingan,بغارے بینگن,,1 katori / 220g,220.0,280,6.0,18.0,21.0,N,Chef Zubaida Tariq (Masala TV),Masala TV Network,Y,
Creamy Garlic Prawns,کریمی گارلک پراونز,,1 serving / 200g,200.0,340,24.0,6.0,24.0,N,Chef Zarnak Sidhwa (Masala TV),Masala TV Network,Y,
Beef Lasagna,بیف لازانیا,,1 serving / 300g,300.0,520,28.0,42.0,26.0,N,Chef Zarnak Sidhwa (Masala TV),Masala TV Network,Y,
Lemon Tart with Meringue,لیمن ٹارٹ,,1 slice / 120g,120.0,360,6.0,46.0,17.0,Y,Chef Zarnak Sidhwa (Masala TV),Masala TV Network,Y,
Stuffed Chicken Breast,اسٹفڈ چکن بریسٹ,,1 serving / 220g,220.0,380,36.0,4.0,24.0,N,Chef Zarnak Sidhwa (Masala TV),Masala TV Network,Y,
Quick Chicken Karahi,کوئک چکن کڑاہی,,1 katori / 250g,250.0,390,28.0,8.0,27.0,N,Chef Rida Aftab (Masala TV),Masala TV Network,Y,
Meethi Lassi,میٹھی لسی,,1 glass / 250g,250.0,210,6.0,32.0,6.0,Y,Chef Rida Aftab (Masala TV),Masala TV Network,Y,
Aloo Kay Pakore,آلو کے پکوڑے,,6 pieces / 150g,150.0,290,6.0,34.0,15.0,N,Chef Rida Aftab (Masala TV),Masala TV Network,Y,
Tarragon Chicken,ٹیراگون چکن,,1 serving / 250g,250.0,410,30.0,8.0,28.0,N,Chef Rida Aftab (Masala TV),Masala TV Network,Y,
Diet Grilled Chicken,ڈائٹ گرلڈ چکن,,1 serving / 180g,180.0,220,34.0,2.0,8.0,N,Chef Mehboob Khan (Masala TV),Masala TV Network,Y,
Steamed Vegetable Medley,اسٹیمڈ سبزی,,1 bowl / 200g,200.0,90,3.0,16.0,1.5,N,Chef Mehboob Khan (Masala TV),Masala TV Network,Y,
Keto Mutton Karahi,کیٹو مٹن کڑاہی,,1 katori / 250g,250.0,480,28.0,4.0,38.0,N,Chef Mehboob Khan (Masala TV),Masala TV Network,Y,
Chicken Broast (Karachi Style),چکن بروسٹ,,2 pieces / 220g,220.0,520,32.0,22.0,34.0,N,Chef Gulzar Hussain (Masala TV),Masala TV Network,Y,
Singaporean Rice,سنگاپورین رائس,,1 plate / 400g,400.0,620,26.0,72.0,24.0,N,Chef Gulzar Hussain (Masala TV),Masala TV Network,Y,
Beef Bihari Boti,بیف بہاری بوٹی,,4 skewers / 180g,180.0,380,30.0,4.0,26.0,N,Chef Gulzar Hussain (Masala TV),Masala TV Network,Y,
Fish Florentine,فش فلورنٹائن,,1 serving / 250g,250.0,360,28.0,10.0,22.0,N,Chef Tahir Chaudhry (Masala TV),Masala TV Network,Y,
Beef Steak with Mushroom Sauce,بیف اسٹیک,,1 serving / 250g,250.0,480,36.0,8.0,32.0,N,Chef Tahir Chaudhry (Masala TV),Masala TV Network,Y,
Chicken Malai Boti,چکن ملائی بوٹی,,4 pieces / 160g,160.0,360,28.0,4.0,24.0,N,Chef Shireen Anwar (Masala TV),Masala TV Network,Y,
Beef White Karahi,بیف وائٹ کڑاہی,,1 katori / 250g,250.0,480,32.0,6.0,34.0,N,Chef Shireen Anwar (Masala TV),Masala TV Network,Y,
Shahi Tukda,شاہی ٹکڑے,,2 pieces / 150g,150.0,380,7.0,46.0,18.0,Y,Chef Shireen Anwar (Masala TV),Masala TV Network,Y,
Creamy Cold Salad,کریمی کولڈ سلاد,,1 bowl / 200g,200.0,260,4.0,24.0,16.0,Y,Chef Shireen Anwar (Masala TV),Masala TV Network,Y,
Aloo Keema Matar,آلو قیمہ مٹر,,1 katori / 250g,250.0,360,22.0,22.0,20.0,N,Chef Zubaida Tariq (Masala TV),Masala TV Network,Y,
Mirch Ka Salan,مرچ کا سالن,,1 katori / 200g,200.0,240,5.0,14.0,18.0,N,Chef Zubaida Tariq (Masala TV),Masala TV Network,Y,
Tala Hua Gosht,تلا ہوا گوشت,,1 serving / 200g,200.0,420,28.0,4.0,32.0,N,Chef Zubaida Tariq (Masala TV),Masala TV Network,Y,
Besan Ki Kadhi,بیسن کی کڑھی,,1 bowl / 250g,250.0,260,9.0,30.0,11.0,N,Chef Zubaida Tariq (Masala TV),Masala TV Network,Y,
Shepherd's Pie (Beef),شیفرڈ پائی,,1 serving / 300g,300.0,450,24.0,38.0,22.0,N,Chef Zarnak Sidhwa (Masala TV),Masala TV Network,Y,
Chocolate Lava Cake,چاکلیٹ لاوا کیک,,1 cake / 100g,100.0,390,6.0,42.0,22.0,Y,Chef Zarnak Sidhwa (Masala TV),Masala TV Network,Y,
Chicken Mushroom Crepes,چکن مشروم کریپس,,2 crepes / 220g,220.0,410,22.0,32.0,22.0,N,Chef Zarnak Sidhwa (Masala TV),Masala TV Network,Y,
Tandoori Naan Pizza,تندوری نان پیزا,,1 naan / 220g,220.0,460,22.0,50.0,18.0,N,Chef Rida Aftab (Masala TV),Masala TV Network,Y,
Daal Chawal Platter,دال چاول پلیٹر,,1 platter / 350g,350.0,420,14.0,66.0,10.0,N,Chef Rida Aftab (Masala TV),Masala TV Network,Y,
Chicken Macaroni,چکن میکرونی,,1 plate / 300g,300.0,420,20.0,56.0,12.0,N,Chef Rida Aftab (Masala TV),Masala TV Network,Y,
Steamed Fish with Herbs,اسٹیمڈ فش,,1 fillet / 200g,200.0,210,36.0,1.0,6.0,N,Chef Mehboob Khan (Masala TV),Masala TV Network,Y,
Quinoa Chicken Bowl,کینووا چکن بول,,1 bowl / 300g,300.0,380,32.0,38.0,10.0,N,Chef Mehboob Khan (Masala TV),Masala TV Network,Y,
Malai Tikka Roll,ملائی ٹکہ رول,,1 roll / 200g,200.0,480,22.0,44.0,24.0,N,Chef Gulzar Hussain (Masala TV),Masala TV Network,Y,
Kabab Masala,کباب مصالحہ,,1 katori / 250g,250.0,420,26.0,12.0,30.0,N,Chef Gulzar Hussain (Masala TV),Masala TV Network,Y,
Chicken Parmesan,چکن پرمیسن,,1 serving / 280g,280.0,510,38.0,24.0,28.0,N,Chef Tahir Chaudhry (Masala TV),Masala TV Network,Y,
Beef Carpaccio (Halal),بیف کارپاچیو,,1 plate / 120g,120.0,210,24.0,2.0,12.0,N,Chef Tahir Chaudhry (Masala TV),Masala TV Network,Y,
Baked Fish Tacos,بیکڈ فش ٹیکو,,2 tacos / 200g,200.0,340,22.0,34.0,12.0,N,Chef Aisha Abrar (Masala TV),Masala TV Network,Y,
Chicken Teriyaki Bowl,چکن تیریاکی بول,,1 bowl / 350g,350.0,460,28.0,62.0,10.0,Y,Chef Aisha Abrar (Masala TV),Masala TV Network,Y,
Chicken Handi Lazeez,چکن ہانڈی لذیذ,,1 katori / 250g,250.0,430,28.0,10.0,32.0,N,Chef Kiran Khan (Masala TV),Masala TV Network,Y,
Sindhi Fish Curry,سندھی مچھلی سالن,,1 katori / 250g,250.0,320,24.0,12.0,20.0,N,Chef A.R Jamali (Masala TV),Masala TV Network,Y,
Fusion Chicken Sliders,چکن سلائیڈرز,,2 sliders / 180g,180.0,420,22.0,38.0,20.0,N,Chef Basim Akhund (Masala TV),Masala TV Network,Y,
High Protein Egg White Omelette,ایگ وائٹ آملیٹ,,1 serving / 150g,150.0,140,22.0,4.0,4.0,N,Chef Hamza Azim (Masala TV),Masala TV Network,Y,
Nutella Stuffed French Toast,نوٹیلا فرنچ ٹوسٹ,,1 serving / 180g,180.0,440,10.0,58.0,18.0,Y,Chef Mahnoor Malik (Masala TV),Masala TV Network,Y,
Smoky BBQ Beef Ribs,بی بی کیو بیف ربز,,1 serving / 300g,300.0,680,38.0,16.0,52.0,N,Chef Saad Ahmed (Masala TV),Masala TV Network,Y,
Shahi Haleem,شاہی حلیم,,1 bowl / 300g,300.0,410,26.0,42.0,16.0,N,Chef Samina Jalil (Masala TV),Masala TV Network,Y,
Balochi Sajji Chicken,بلوچی سجی چکن,,1 quarter / 250g,250.0,440,36.0,2.0,32.0,N,Chef Abida Baloch (Masala TV),Masala TV Network,Y,
Pan-Seared Salmon with Capers,پین سیرڈ سالمن,,1 fillet / 200g,200.0,380,38.0,2.0,24.0,N,Chef Irfan Wasti (Masala TV),Masala TV Network,Y,
Chicken Shashlik Skewers,چکن شاشلک اسٹک,,2 skewers / 180g,180.0,320,26.0,12.0,18.0,N,Chef Shireen Anwar (Masala TV),Masala TV Network,Y,
Lahori Chargha (Steamed & Fried),لاہوری چرغہ,,1 quarter / 250g,250.0,580,38.0,8.0,42.0,N,Chef Zubaida Tariq (Masala TV),Masala TV Network,Y,
White Chicken Karahi,وائٹ چکن کڑاہی,,1 katori / 250g,250.0,420,28.0,6.0,30.0,N,Chef Shireen Anwar (Masala TV),Masala TV Network,Y,
Beef Haleem (Special),بیف حلیم (خصوصی),,1 bowl / 300g,300.0,440,28.0,44.0,18.0,N,Chef Samina Jalil (Masala TV),Masala TV Network,Y,
Creamy Pasta Salad,کریمی پاستا سلاد,,1 bowl / 200g,200.0,280,6.0,28.0,16.0,N,Chef Shireen Anwar (Masala TV),Masala TV Network,Y,
Tandoori Chicken Wings,تندوری چکن ونگز,,5 wings / 200g,200.0,440,28.0,4.0,34.0,N,Chef Rida Aftab (Masala TV),Masala TV Network,Y,
Fish Tikka,فش ٹکہ,,4 pieces / 180g,180.0,260,28.0,4.0,14.0,N,Chef Tahir Chaudhry (Masala TV),Masala TV Network,Y,
Chicken Mayo Roll,چکن مایو رول,,1 roll / 200g,200.0,510,20.0,46.0,26.0,N,Chef Gulzar Hussain (Masala TV),Masala TV Network,Y,
Zafrani Kheer,زعفرانی کھیر,,1 bowl / 200g,200.0,310,8.0,44.0,11.0,Y,Chef Shireen Anwar (Masala TV),Masala TV Network,Y,
Chicken Handi Laziz,چکن ہانڈی لذیذ,,1 katori / 250g,250.0,420,28.0,10.0,30.0,N,Chef Kiran Khan (Masala TV),Masala TV Network,Y,
Creamy Chicken Soup,کریمی چکن سوپ,,1 bowl / 250g,250.0,220,14.0,14.0,12.0,N,Chef Zarnak Sidhwa (Masala TV),Masala TV Network,Y,
Beef Seekh Kebab Roll,بیف سیخ کباب رول,,1 roll / 200g,200.0,540,24.0,44.0,28.0,N,Chef Gulzar Hussain (Masala TV),Masala TV Network,Y,
Desi Ghee Panjiari,دیسی گھی پنجیری,,1/4 cup / 50g,50.0,260,5.0,26.0,15.0,Y,Chef Zubaida Tariq (Masala TV),Masala TV Network,Y,
Vegetable Manchurian,ویجیٹیبل منچورین,,1 serving / 250g,250.0,280,6.0,34.0,13.0,N,Chef Shireen Anwar (Masala TV),Masala TV Network,Y,
Chicken Cheese Ball,چکن چیز بال,,4 pieces / 120g,120.0,340,18.0,16.0,22.0,N,Chef Rida Aftab (Masala TV),Masala TV Network,Y,
Mutton Karahi (Dhaba Style),مٹن کڑاہی (دھابہ),,1 katori / 250g,250.0,460,30.0,8.0,34.0,N,Chef Gulzar Hussain (Masala TV),Masala TV Network,Y,
Chicken Makhni Handi,چکن مکھنی ہانڈی,,1 katori / 250g,250.0,450,30.0,10.0,32.0,N,Chef Shireen Anwar (Masala TV),Masala TV Network,Y,
Potato Cheese Balls,پٹیٹو چیز بالز,,4 pieces / 120g,120.0,310,8.0,28.0,18.0,N,Chef Rida Aftab (Masala TV),Masala TV Network,Y,
White Mutton Pulao,وائٹ مٹن پلاؤ,,1 plate / 400g,400.0,620,30.0,66.0,24.0,N,Chef Zubaida Tariq (Masala TV),Masala TV Network,Y,
Chicken Corn Soup (Thick),چکن کارن سوپ,,1 bowl / 250g,250.0,180,14.0,20.0,5.0,N,Chef Shireen Anwar (Masala TV),Masala TV Network,Y,
Reshmi Kebab (Chicken),ریشمی کباب,,4 pieces / 160g,160.0,320,28.0,6.0,20.0,N,Chef Gulzar Hussain (Masala TV),Masala TV Network,Y,
Keema Paratha (Desi),قیمہ پراٹھا,,1 piece / 160g,160.0,380,16.0,42.0,16.0,N,Chef Zubaida Tariq (Masala TV),Masala TV Network,Y,
Mango Mousse,مینگو موس,,1 serving / 130g,130.0,240,4.0,32.0,11.0,Y,Chef Zarnak Sidhwa (Masala TV),Masala TV Network,Y,
Beef Seekh Kebab,بیف سیخ کباب,,2 skewers / 140g,140.0,320,26.0,4.0,22.0,N,Chef Gulzar Hussain (Masala TV),Masala TV Network,Y,
Strawberry Milkshake,اسٹرابیری ملک شیک,,1 glass / 300g,300.0,260,7.0,38.0,9.0,Y,Chef Rida Aftab (Masala TV),Masala TV Network,Y,
Mutton Kunna (Chinioti),مٹن کنّہ,,1 serving / 250g,250.0,450,30.0,8.0,32.0,N,Chef Zubaida Tariq (Masala TV),Masala TV Network,Y,
Cold Coffee with Ice Cream,کولڈ کافی,,1 glass / 300g,300.0,280,6.0,38.0,12.0,Y,Chef Shireen Anwar (Masala TV),Masala TV Network,Y,
Chicken Tempura,چکن ٹیمپورا,,5 pieces / 150g,150.0,340,22.0,18.0,20.0,N,Chef Tahir Chaudhry (Masala TV),Masala TV Network,Y,
Tandoori Fish,تندوری مچھلی,,1 fillet / 200g,200.0,260,30.0,4.0,13.0,N,Chef Mehboob Khan (Masala TV),Masala TV Network,Y,
Pepsi,,,100 g,100.0,27,0.0,7.0,0.0,N,OpenFoodFacts,http://world-en.openfoodfacts.org/product/0012000004070/pepsi,Y,
Cadbury dairy milk dairy milk fruit nut,,,100 g,100.0,513,8.8,56.0,27.6,Y,OpenFoodFacts,http://world-en.openfoodfacts.org/product/6221021195009/dairy-milk-fruit-nut-cadbury-dairy-milk,Y,
National Mixed Pickle in Oil,,,100 g,100.0,233,1.2,9.5,22.4,N,OpenFoodFacts,http://world-en.openfoodfacts.org/product/0620514000701/mixed-pickle-in-oil-national,Y,
National mix pickle,,,100 g,100.0,233,1.2,9.5,22.4,N,OpenFoodFacts,http://world-en.openfoodfacts.org/product/0620514009728/national-mix-pickle,Y,
Coca-Cola Less Sugar,,,100 g,100.0,30,0.0,7.6,0.0,N,OpenFoodFacts,http://world-en.openfoodfacts.org/product/5449000025173/coca-cola-less-sugar,Y,
Nutella,,,100 g,100.0,533,6.0,57.33,30.67,Y,OpenFoodFacts,http://world-en.openfoodfacts.org/product/80176800/nutella,Y,
Rafael Salgado Refined Olive Pomace Oil blended with Extra Virgin Olive Oil,,,100 g,100.0,822,0.0,0.0,91.0,N,OpenFoodFacts,http://world-en.openfoodfacts.org/product/8420701103176/refined-olive-pomace-oil-blended-with-extra-virgin-olive-oil-rafael-salgado,Y,
Coca-Cola Cocacola original 500,,,100 g,100.0,42,0.0,10.6,0.0,N,OpenFoodFacts,http://world-en.openfoodfacts.org/product/5449000054227/cocacola-original-500-coca-cola,Y,
Coca Cola Original Taste,,,100 g,100.0,44,0.0,10.9,0.0,N,OpenFoodFacts,http://world-en.openfoodfacts.org/product/5449000051981/original-taste-coca-cola,Y,
National Recipe Mix for Quorma,,,100 g,100.0,202,7.0,19.0,9.3,N,OpenFoodFacts,http://world-en.openfoodfacts.org/product/0620514000565/recipe-mix-for-quorma-national,Y,
National Recipe Mix for Chicken Tandoori,,,100 g,100.0,182,6.7,22.0,7.0,Y,OpenFoodFacts,http://world-en.openfoodfacts.org/product/0620514004044/recipe-mix-for-chicken-tandoori-national,Y,
Noms Popchips,,,100 g,100.0,520,6.0,61.0,,N,OpenFoodFacts,http://world-en.openfoodfacts.org/product/0769503833453/popchips-noms,Y,
Lay's Sour Cream & Onion,,,100 g,100.0,571,2.0,,,N,OpenFoodFacts,http://world-en.openfoodfacts.org/product/0028400072724/sour-cream-onion-lay-s,Y,
National Chat Masala,,,100 g,100.0,157,5.2,30.7,5.5,N,OpenFoodFacts,http://world-en.openfoodfacts.org/product/0620514001036/chat-masala-national,Y,
Waterbridge Belgian Milk Chocolate,,,100 g,100.0,525,5.0,60.0,30.0,Y,OpenFoodFacts,http://world-en.openfoodfacts.org/product/0777034001791/belgian-milk-chocolate-waterbridge,Y,
Cadbury dairy milk daim120g,,,100 g,100.0,537,6.33,56.67,30.67,Y,OpenFoodFacts,http://world-en.openfoodfacts.org/product/7622210154125/cadbury-dairy-milk-daim120g,Y,
wrigleys double mint gum,,,100 g,100.0,255,0.0,62.07,0.0,Y,OpenFoodFacts,http://world-en.openfoodfacts.org/product/8936114080084/double-mint-gum-wrigleys,Y,
Lay's wavy Texas BBQ Flavored Potato Chips,,,100 g,100.0,545,7.4,52.8,,N,OpenFoodFacts,http://world-en.openfoodfacts.org/product/8964002346783/wavy-texas-bbq-flavored-potato-chips-lay-s,Y,
M&M's M &M Chocolate Treat Bag 82G,,,100 g,100.0,481,5.2,70.0,19.0,Y,OpenFoodFacts,http://world-en.openfoodfacts.org/product/5000159503983/m-m-chocolate-treat-bag-82g-m-m-s,Y,
"Bourbon d' Arsel Café grain Costa Rica, Finca Paritilla",,,100 g,100.0,397,14.4,40.2,15.4,N,OpenFoodFacts,http://world-en.openfoodfacts.org/product/2000000135841/cafe-grain-costa-rica-finca-paritilla-bourbon-d-arsel,Y,
Shan Tikka Seekh Kabab,,,100 g,100.0,250,10.0,30.0,10.0,N,OpenFoodFacts,http://world-en.openfoodfacts.org/product/0788821012029/tikka-seekh-kabab-shan,Y,
Fin Carré Milk chocolate,,,100 g,100.0,539,7.5,57.3,30.7,Y,OpenFoodFacts,http://world-en.openfoodfacts.org/product/20063436/milk-chocolate-fin-carre,Y,
Star Mixer instant drink,,,100 g,100.0,376,0.0,94.0,0.0,Y,OpenFoodFacts,http://world-en.openfoodfacts.org/product/8964000031681/mixer-instant-drink-star,Y,
Mars Twix,,,100 g,100.0,493,4.4,65.0,24.0,Y,OpenFoodFacts,http://world-en.openfoodfacts.org/product/5000159454100/twix-mars,Y,
Betty Crocker Mug treats - blueberry muffin with blueberry topping,,,100 g,100.0,255,2.81,51.41,3.93,Y,OpenFoodFacts,http://world-en.openfoodfacts.org/product/6291105691185/mug-treats-blueberry-muffin-with-blueberry-topping-betty-crocker,Y,
weetabax fruit&fibre,,,100 g,100.0,342,7.49,72.05,1.32,Y,OpenFoodFacts,http://world-en.openfoodfacts.org/product/5010029224702/fruit-fibre-weetabax,Y,
Tsdt Tesco Everyday Value Spaghetti In Tomato Sauce 410G,,,100 g,100.0,20,5.0,0,0,N,OpenFoodFacts,http://world-en.openfoodfacts.org/product/5018374320094/tesco-everyday-value-spaghetti-in-tomato-sauce-410g-tsdt,Y,
BAKE PARLOR® Seven Spice Macaroni,,,100 g,100.0,210,7.0,44.0,1.0,N,OpenFoodFacts,http://world-en.openfoodfacts.org/product/1358946343798/seven-spice-macaroni-bake-parlor,Y,
"Davidoff Café, Espresso, 100g",,,100 g,100.0,397,14.4,40.2,15.4,N,OpenFoodFacts,http://world-en.openfoodfacts.org/product/4006067060977/davidoff-cafe-espresso-100g,Y,
prema Natural yogurt,,,100 g,100.0,65,3.1,4.7,3.7,N,OpenFoodFacts,http://world-en.openfoodfacts.org/product/0094922961518/natural-yogurt-prema,Y,
Bilcano Synthetic Rose syrup,,,100 g,100.0,381,0.0,95.2,0.0,Y,OpenFoodFacts,http://world-en.openfoodfacts.org/product/8901414001039/synthetic-rose-syrup-bilcano,Y,
Blue Band,,,100 g,100.0,568,0.13,0.23,62.9,N,OpenFoodFacts,http://world-en.openfoodfacts.org/product/8961102110023/blue-band,Y,
Pringles Original 19g,,,100 g,100.0,526,5.26,57.89,31.58,N,OpenFoodFacts,http://world-en.openfoodfacts.org/product/06400118/pringles-original-19g,Y,
Tesco Nutty Nougat Caramel,,,100 g,100.0,510,9.2,53.6,27.5,Y,OpenFoodFacts,http://world-en.openfoodfacts.org/product/5057753255121/nutty-nougat-caramel-tesco,Y,
Sun bits Breadbites,,,100 g,100.0,450,10.43,69.57,15.22,N,OpenFoodFacts,http://world-en.openfoodfacts.org/product/6281036281104/breadbites-sun-bits,Y,
sandwich cookie Oreo,,,100 g,100.0,92,0.9,13.8,3.7,N,OpenFoodFacts,http://world-en.openfoodfacts.org/product/8961003654312/oreo-sandwich-cookie,Y,
Waitrose Classic Vine Tomatoes,,,100 g,100.0,17,0.5,3.0,0.5,N,OpenFoodFacts,http://world-en.openfoodfacts.org/product/5000169009512/classic-vine-tomatoes-waitrose,Y,
Vergani Ovetti Il fondente,,,100 g,100.0,470,5.2,52.8,25.0,Y,OpenFoodFacts,http://world-en.openfoodfacts.org/product/8002325445506/ovetti-il-fondente-vergani,Y,
Rehmat-e-Sheren Dal Moong,,,100 g,100.0,460,20.0,50.0,20.0,N,OpenFoodFacts,http://world-en.openfoodfacts.org/product/8964000883044/dal-moong-rehmat-e-sheren,Y,
Israil Olpers,,,100 g,100.0,293,2.2,3.5,30.0,N,OpenFoodFacts,http://world-en.openfoodfacts.org/product/8964000919712/olpers-israil,Y,
Dawn Bran Bread,,,100 g,100.0,59,2.0,12.0,0,N,OpenFoodFacts,http://world-en.openfoodfacts.org/product/0894559000587/bran-bread-dawn,N,
Earch Goods Granola Fruit Mix,,,100 g,100.0,401,10.2,56.7,14.4,Y,OpenFoodFacts,http://world-en.openfoodfacts.org/product/6291107558936/granola-fruit-mix-earch-goods,N,
Pringles Potato Crisps,,,100 g,100.0,514,5.7,61.0,27.0,N,OpenFoodFacts,http://world-en.openfoodfacts.org/product/8886467116612/pringles-potato-crisps,N,
Milk pack,,,100 g,100.0,62,2.9,4.8,3.5,N,OpenFoodFacts,http://world-en.openfoodfacts.org/product/8961008213415/milk-pack,N,
Shangrila Synthetic Vinegar,,,100 g,100.0,1,0.0,0.0,0.0,N,OpenFoodFacts,http://world-en.openfoodfacts.org/product/8964000020296/synthetic-vinegar-shangrila,N,
national tomato ketchup,,,100 g,100.0,741,0.15,0.55,82.0,N,OpenFoodFacts,http://world-en.openfoodfacts.org/product/1234567890081/tomato-ketchup-national,N,
Peak Freans Sooper Classic Chocolate Biscuit,,,100 g,100.0,529,5.5,66.0,27.0,Y,OpenFoodFacts,http://world-en.openfoodfacts.org/product/8964003593049/sooper-classic-chocolate-biscuit-peak-freans,N,
Homemade & Co. Greek Yogurt Plain,,,100 g,100.0,98,6.8,6.0,5.2,N,OpenFoodFacts,http://world-en.openfoodfacts.org/product/0309030466542/greek-yogurt-plain-homemade-co,N,
Homemade & Co Almond Butter Clusters Four Super Grain Granola,,,100 g,100.0,464,14.0,66.0,16.0,N,OpenFoodFacts,http://world-en.openfoodfacts.org/product/0309030466559/almond-butter-clusters-four-super-grain-granola-homemade-co,N,
nutrilov PROTEIN Peanut Butter Chocolate Chip Bar,,,100 g,100.0,430,20.0,40.0,26.0,Y,OpenFoodFacts,http://world-en.openfoodfacts.org/product/0721688727941/peanut-butter-chocolate-chip-bar-nutrilov-protein,N,
Bunnys Tortilla,,,100 g,100.0,287,12.4,56.5,1.21,N,OpenFoodFacts,http://world-en.openfoodfacts.org/product/5060061736763/tortilla-bunnys,N,
Indome Instant Noodles ( Meat Masala flavor),,,100 g,100.0,436,9.17,64.17,15.83,N,OpenFoodFacts,http://world-en.openfoodfacts.org/product/5285000396857/indome-instant-noodles-meat-masala-flavor,N,
Lindt Lindor pistachio,,,100 g,100.0,628,5.2,44.0,48.0,Y,OpenFoodFacts,http://world-en.openfoodfacts.org/product/8003340802459/lindor-pistachio-lindt,N,
Walls JetSport,,,100 g,100.0,96,0.0,20.0,0.0,Y,OpenFoodFacts,http://world-en.openfoodfacts.org/product/8721274610482/jetsport-walls,N,
Walls Choc Bar,,,100 g,100.0,204,0.89,20.44,13.33,Y,OpenFoodFacts,http://world-en.openfoodfacts.org/product/8721274610581/choc-bar-walls,N,
Nestlé Chaunsa Mango Juice,,,100 g,100.0,44,0.05,11.0,0.05,N,OpenFoodFacts,http://world-en.openfoodfacts.org/product/8961008223513/chaunsa-mango-juice-nestle,N,
Hellmans Real Mayonnaise,,,100 g,100.0,613,1.2,5.0,66.3,N,OpenFoodFacts,http://world-en.openfoodfacts.org/product/8961014032499/real-mayonnaise-hellmans,N,
Cheetos Puffs,,,100 g,100.0,517,1.5,,,N,OpenFoodFacts,http://world-en.openfoodfacts.org/product/8964000102718/puffs-cheetos,N,
K&N's Fiery Fingers,,,100 g,100.0,185,15.38,13.85,7.69,N,OpenFoodFacts,http://world-en.openfoodfacts.org/product/8964000769577/fiery-fingers-k-n-s,N,
Styx Iso Creme Protien,,,100 g,100.0,370,88.89,0.0,0.0,N,OpenFoodFacts,http://world-en.openfoodfacts.org/product/0647697684375/iso-creme-protien-styx,N,
Walls Feast,,,100 g,100.0,311,3.0,25.71,22.86,Y,OpenFoodFacts,http://world-en.openfoodfacts.org/product/8721274610406/feast-walls,N,
Sprite Mint,,,100 g,100.0,46,0.0,11.5,0.0,N,OpenFoodFacts,http://world-en.openfoodfacts.org/product/5449000334473/mint-sprite,N,
Hanaa oats quick cooking,,,100 g,100.0,366,12.5,63.0,7.0,N,OpenFoodFacts,http://world-en.openfoodfacts.org/product/6281055002414/hanaa-oats-quick-cooking,N,
Poppin Gummy Footballs,,,100 g,100.0,344,5.8,80.3,0.4,N,OpenFoodFacts,http://world-en.openfoodfacts.org/product/6930548615043/gummy-footballs-poppin,N,
Cadbury Dairy Milk Wafer Bar,,,100 g,100.0,529,6.6,60.0,29.0,Y,OpenFoodFacts,http://world-en.openfoodfacts.org/product/7622202369261/dairy-milk-wafer-bar-cadbury,N,
Walls Classic Cornetto,,,100 g,100.0,176,2.38,22.86,8.76,Y,OpenFoodFacts,http://world-en.openfoodfacts.org/product/8961014032512/classic-cornetto-walls,N,
Menu Chicken Tikka Pizza,,,100 g,100.0,258,11.0,28.0,11.0,N,OpenFoodFacts,http://world-en.openfoodfacts.org/product/8964001644620/chicken-tikka-pizza-menu,N,
Peak Freans Marie Biscuits,,,100 g,100.0,452,6.0,80.0,12.0,Y,OpenFoodFacts,http://world-en.openfoodfacts.org/product/8964002526710/marie-biscuits-peak-freans,N,
Kitchen Cuisine Chocolate Chip Cookies,,,100 g,100.0,500,4.37,66.86,24.6,N,OpenFoodFacts,http://world-en.openfoodfacts.org/product/8964003303280/chocolate-chip-cookies-kitchen-cuisine,N,
Peek Freana Sooper Soft Bakes Plain Cake,,,100 g,100.0,436,5.0,54.4,22.0,N,OpenFoodFacts,http://world-en.openfoodfacts.org/product/8964003592615/sooper-soft-bakes-plain-cake-peek-freana,N,
Peek Freans Cake Up,,,100 g,100.0,510,9.0,52.0,30.0,N,OpenFoodFacts,http://world-en.openfoodfacts.org/product/8964003593094/cake-up-peek-freans,N,
Prema Chocolate milk,,,100 g,100.0,98,3.4,11.7,3.5,N,OpenFoodFacts,http://world-en.openfoodfacts.org/product/8966000025783/chocolate-milk-prema,N,
walkers,,,100 g,100.0,391,6.14,52.4,16.48,N,OpenFoodFacts,http://world-en.openfoodfacts.org/product/0039047010505/walkers,N,
Olper's Full Cream Milk,,,100 g,100.0,64,2.7,5.4,3.5,N,OpenFoodFacts,https://world.openfoodfacts.org/product/8964000346334/olper-s-full-cream-milk,Y,
sting,,,100 g,100.0,60,0.0,15.3,0.0,Y,OpenFoodFacts,https://world.openfoodfacts.org/product/8964000101551/sting,N,
Winner 3D'S BUGLES 50Rs Packet,,,100 g,100.0,494,7.0,58.0,26.3,N,OpenFoodFacts,https://world.openfoodfacts.org/product/8964000695210/3d-s-bugles-50rs-packet-winner,Y,
Family Food Products Salva Nimkomix,,,100 g,100.0,497,18.22,48.02,25.75,N,OpenFoodFacts,https://world.openfoodfacts.org/product/8964002429165/salva-nimkomix-family-food-products,Y,
Lay's French Cheese,,,100 g,100.0,532,7.5,54.7,31.5,N,OpenFoodFacts,https://world.openfoodfacts.org/product/8964002346899/french-cheese-lay-s,N,
Nestle Pure Life,,,100 g,100.0,0,0.0,0.0,0.0,N,OpenFoodFacts,https://world.openfoodfacts.org/product/8961008212289/nestle-pure-life,N,
Mayonnaise,,,100 g,100.0,314,0.71,14.29,28.57,N,OpenFoodFacts,https://world.openfoodfacts.org/product/8964000061114/mayonnaise,N,
Olpers,,,100 g,100.0,62,2.62,5.24,3.4,N,OpenFoodFacts,https://world.openfoodfacts.org/product/8964000346549/olpers,N,
Nestlé Milk Pak Full Cream Milk,,,100 g,100.0,63,2.72,5.2,3.52,N,OpenFoodFacts,https://world.openfoodfacts.org/product/8961008219561/milk-pak-full-cream-milk-nestle,Y,
Nestlé Milk Pak Cream,,,100 g,100.0,290,2.2,4.0,29.5,N,OpenFoodFacts,https://world.openfoodfacts.org/product/8961008218328/milk-pak-cream-nestle,N,
72 coca 1.5,,,100 g,100.0,45,0.0,12.0,0.0,N,OpenFoodFacts,https://world.openfoodfacts.org/product/8964000101100/coca-1-5-72,Y,
Peek Freans SOOPER,,,100 g,100.0,529,5.5,66.0,27.0,Y,OpenFoodFacts,https://world.openfoodfacts.org/product/8964002758999/sooper-peek-freans,Y,
Cadbury Dairy milk Rs100,,,100 g,100.0,522,8.06,57.78,27.78,Y,OpenFoodFacts,https://world.openfoodfacts.org/product/7622201720988/dairy-milk-rs100-cadbury,N,
Shezan Mango Fruit Drink,,,100 g,100.0,52,0.04,12.0,0.08,N,OpenFoodFacts,https://world.openfoodfacts.org/product/5078643001017/mango-fruit-drink-shezan,Y,
National Chilli Garlic Sauce,,,100 g,100.0,108,1.3,24.9,0.3,Y,OpenFoodFacts,https://world.openfoodfacts.org/product/0620514009490/national-chilli-garlic-sauce,N,
Nestlé Milo,,,100 g,100.0,64,2.0,9.5,2.0,N,OpenFoodFacts,https://world.openfoodfacts.org/product/8961008215433/milo-nestle,N,
Benz Mango Fruit Drink 250 ML,,,100 g,100.0,33,,4.0,4.0,N,OpenFoodFacts,https://world.openfoodfacts.org/product/5646443052135/benz-mango-fruit-drink-250-ml,Y,
Nestlé Milk Pak,,,100 g,100.0,63,2.7,5.1,3.5,N,OpenFoodFacts,https://world.openfoodfacts.org/product/8961008022185/milk-pak-nestle,Y,
7up lemon soda drink,,,100 g,100.0,42,0.0,10.8,0.0,N,OpenFoodFacts,https://world.openfoodfacts.org/product/8964000101377/7up-lemon-soda-drink,N,
Peak Freans Peanut Pik,,,100 g,100.0,504,4.7,67.5,23.9,Y,OpenFoodFacts,https://world.openfoodfacts.org/product/8964002526567/peanut-pik-peak-freans,N,
Sweet chilli,,,100 g,100.0,511,11.1,53.2,28.1,N,OpenFoodFacts,https://world.openfoodfacts.org/product/8964000585764/sweet-chilli,N,
Salva,,,100 g,100.0,526,21.23,46.01,28.58,N,OpenFoodFacts,https://world.openfoodfacts.org/product/8964002429158/salva,Y,
Murree Brewery Bigg Apple,,,100 g,100.0,42,0.0,10.4,0.0,N,OpenFoodFacts,https://world.openfoodfacts.org/product/1860074051716/bigg-apple-murree-brewery,Y,
Nescafe Chilled Salted Caramel,,,100 g,100.0,74,2.3,10.7,2.4,N,OpenFoodFacts,https://world.openfoodfacts.org/product/8961008218809/nescafe-chilled-salted-caramel,N,
Pakistan Standards,,,100 g,100.0,42,0.0,10.8,0.0,N,OpenFoodFacts,https://world.openfoodfacts.org/product/8964000101582/pakistan-standards,N,
Nestlé Nestle FRUITA VITALS,,,100 g,100.0,43,0.0,10.83,0.0,N,OpenFoodFacts,https://world.openfoodfacts.org/product/8961008223063/nestle-fruita-vitals,N,
Cadbury Mini Fingers,,,100 g,100.0,501,4.7,70.7,22.2,Y,OpenFoodFacts,https://world.openfoodfacts.org/product/8961003616730/cadbury-mini-fingers,Y,
Lay's Yogurt & Herb chips,,,100 g,100.0,554,6.4,51.0,36.0,N,OpenFoodFacts,https://world.openfoodfacts.org/product/8964002345625/yogurt-herb-chips-lays,N,
Qarshi Jam-e-shiri,,,100 g,100.0,298,0.0,74.6,0.0,N,OpenFoodFacts,https://world.openfoodfacts.org/product/0855434009378/jam-e-shiri-qarshi,Y,
Peek Freans Chocolicious - Vanilla Chocolate Chip Cookies,,,100 g,100.0,537,5.3,65.2,28.3,Y,OpenFoodFacts,https://world.openfoodfacts.org/product/8964002759545/chocolicious-vanilla-chocolate-chip-cookies-peek-freans,N,
Peak Freans Gluco,,,100 g,100.0,488,6.1,71.6,19.6,Y,OpenFoodFacts,https://world.openfoodfacts.org/product/8964003592240/gluco-peak-freans,N,
Nestlé Yogurt,,,100 g,100.0,72,3.71,7.0,3.5,N,OpenFoodFacts,https://world.openfoodfacts.org/product/8961008237459/yogurt-nestle,N,
Peak Freans Choco Lava Cookies,,,100 g,100.0,545,4.4,64.8,29.8,Y,OpenFoodFacts,https://world.openfoodfacts.org/product/8964003591533/choco-lava-cookies-peak-freans,N,
Young’s Peanut Butter Creamy,,,100 g,100.0,606,21.21,21.21,48.48,N,OpenFoodFacts,https://world.openfoodfacts.org/product/0725765615503/peanut-butter-creamy-young-s,N,
Lay’s Wavy Texas BBQ,,,100 g,100.0,545,7.4,52.8,33.8,N,OpenFoodFacts,https://world.openfoodfacts.org/product/8964002346806/texas-bbq-lay-s-wavy,N,
Bisconi Chocolate Waffer Novita,,,100 g,100.0,487,6.3,72.1,19.3,Y,OpenFoodFacts,https://world.openfoodfacts.org/product/8961102505447/chocolate-waffer-novita-bisconi,N,
Nurpur Full Cream Milk,,,100 g,100.0,154,6.75,12.0,8.75,N,OpenFoodFacts,https://world.openfoodfacts.org/product/8961101373931/nurpur-full-cream-milk,N,
Knorr Tomato Ketchup,,,100 g,100.0,145,1.4,33.8,0.5,Y,OpenFoodFacts,https://world.openfoodfacts.org/product/8961014021585/tomato-ketchup-knorr,Y,
FritoLay Lay's French Cheese,,,100 g,100.0,669,8.44,56.25,28.44,N,OpenFoodFacts,https://world.openfoodfacts.org/product/8964000090282/lay-s-french-cheese-fritolay,Y,
Nestlé Nesfruita mango fruit drink,,,100 g,100.0,58,0.0,14.5,0.0,Y,OpenFoodFacts,https://world.openfoodfacts.org/product/8961008215655/nesfruita-mango-fruit-drink-nestle,N,
Nestle mineral water,,,100 g,100.0,0,0.0,0.0,0.0,N,OpenFoodFacts,https://world.openfoodfacts.org/product/8961008212272/nestle-mineral-water,N,
Millac Foods (Pvt.) Ltd. Skimillac®,,,100 g,100.0,36,3.8,4.8,0.04,N,OpenFoodFacts,https://world.openfoodfacts.org/product/8964000707067/skimillac-millac-foods-pvt-ltd,Y,
Cheetos Flamin' Hot,,,100 g,100.0,580,5.6,52.2,38.8,N,OpenFoodFacts,https://world.openfoodfacts.org/product/8964000090879/cheetos-flamin-hot,N,
Tapal Tea (Private) Limited GREEN TEA LEMON,,,100 g,100.0,0,0.0,0.0,0.0,N,OpenFoodFacts,https://world.openfoodfacts.org/product/0815096000373/green-tea-lemon-tapal-tea-private-limited,Y,
Lay's Wavy,,,100 g,100.0,0,8.1,54.4,30.0,N,OpenFoodFacts,https://world.openfoodfacts.org/product/8964000103661/wavy-lay-s,Y,
Nestlé Nescafe,,,100 g,100.0,451,11.0,58.0,19.5,Y,OpenFoodFacts,https://world.openfoodfacts.org/product/8961008213033/nescafe-nestle,Y,
Lay's,,,100 g,100.0,513,8.3,56.3,28.3,N,OpenFoodFacts,https://world.openfoodfacts.org/product/8964002347681/lay-s,N,
Rossmoor Food Products Cocoa Powder,,,100 g,100.0,286,14.29,57.14,7.14,N,OpenFoodFacts,https://world.openfoodfacts.org/product/6281014440066/cocoa-powder-rossmoor-food-products,Y,
Bisconni Daydream Coffee Cookies,,,100 g,100.0,505,5.62,66.39,25.37,Y,OpenFoodFacts,https://world.openfoodfacts.org/product/8961102505508/daydream-coffee-cookies-bisconni,Y,
Gourmet Foods gourmēt COLA,,,100 g,100.0,41,0.0,10.3,0.0,N,OpenFoodFacts,https://world.openfoodfacts.org/product/0046876380001/gourmēt-cola-gourmet-foods,Y,
Nestlé Nesfruta (Mango Fruit Drink),,,100 g,100.0,56,0.0,14.0,0.0,Y,OpenFoodFacts,https://world.openfoodfacts.org/product/8961008222790/nesfruta-mango-fruit-drink-nestle,Y,
Potato chips Lays(Masala),,,100 g,100.0,527,8.46,49.23,32.31,N,OpenFoodFacts,https://world.openfoodfacts.org/product/8964000090602/lays-masala-potato-chips,Y,
Pepsi cola international (Pvt) ltd Kurkure,,,100 g,100.0,555,5.0,55.0,35.0,N,OpenFoodFacts,https://world.openfoodfacts.org/product/8964000102978/kurkure-pepsi-cola-international-pvt-ltd,Y,
Lay's Lays Chips Barbecue Wavy,,,100 g,100.0,346,2.4,16.5,30.0,N,OpenFoodFacts,https://world.openfoodfacts.org/product/8964000090183/lays-chips-barbecue-wavy-lay-s,N,
SnackCity Kurleez Catchy Ketchup,,,100 g,100.0,530,7.0,50.0,40.0,N,OpenFoodFacts,https://world.openfoodfacts.org/product/8705720005855/kurleez-catchy-ketchup-snackcity,Y,
Refresh Mango,,,100 g,100.0,131,0.0,10.2,10.0,N,OpenFoodFacts,https://world.openfoodfacts.org/product/8964000702765/refresh-mango,N,
Gold blend,,,100 g,100.0,2,0.2,0.3,0.0,N,OpenFoodFacts,https://world.openfoodfacts.org/product/7613037064308/gold-blend,N,
Kernelpop Microwave Popcorn Cheese,,,100 g,100.0,263,2.0,13.67,23.67,N,OpenFoodFacts,https://world.openfoodfacts.org/product/0886635000109/microwave-popcorn-cheese-kernelpop,N,
Dayfresh Flavored Milk (Chocolate),,,100 g,100.0,80,,,2.0,Y,OpenFoodFacts,https://world.openfoodfacts.org/product/8964000816516/dayfresh-flavored-milk-chocolate,N,
LU Candi original,,,100 g,100.0,489,5.0,72.7,19.8,Y,OpenFoodFacts,https://world.openfoodfacts.org/product/8961003090349/candi-original-lu,N,
American Garden Peanut butter chunky,,,100 g,100.0,562,21.88,25.0,46.88,Y,OpenFoodFacts,https://world.openfoodfacts.org/product/0717273600140/peanut-butter-chunky-american-garden,N,
National Biryani,,,100 g,100.0,189,0.0,35.0,3.0,Y,OpenFoodFacts,https://world.openfoodfacts.org/product/0620514000275/biryani-national,Y,
National Classic mayo,,,100 g,100.0,275,1.2,11.3,25.7,N,OpenFoodFacts,https://world.openfoodfacts.org/product/0620514013220/classic-mayo-national,Y,
Tak Tak,,,100 g,100.0,94,0.0,9.0,4.8,N,OpenFoodFacts,https://world.openfoodfacts.org/product/6260100111936/tak-tak,N,
Fruits Vitals,,,100 g,100.0,44,0.0,11.0,0.0,N,OpenFoodFacts,https://world.openfoodfacts.org/product/8961008211190/fruits-vitals,N,
Jelly,,,100 g,100.0,302,0.0,75.6,0.0,Y,OpenFoodFacts,https://world.openfoodfacts.org/product/8961014008487/jelly,N,
Cheers sea creatures,,,100 g,100.0,513,5.9,61.4,26.4,N,OpenFoodFacts,https://world.openfoodfacts.org/product/8964000102817/cheers-sea-creatures,N,
Sooper softbakes,,,100 g,100.0,436,5.0,54.4,22.0,Y,OpenFoodFacts,https://world.openfoodfacts.org/product/8964002755080/sooper-softbakes,N,
Hilal Bake Time: Coconut Cake Slices,,,100 g,100.0,386,3.0,47.0,22.0,Y,OpenFoodFacts,https://world.openfoodfacts.org/product/8961101787318/bake-time-coconut-cake-slices-hilal,Y,
Hilal Bake Time: Plain Cake Slices,,,100 g,100.0,382,4.0,45.0,22.0,Y,OpenFoodFacts,https://world.openfoodfacts.org/product/8961100281862/bake-time-plain-cake-slices-hilal,Y,
iNoVative Butter Crunch,,,100 g,100.0,460,5.4,73.1,20.5,Y,OpenFoodFacts,https://world.openfoodfacts.org/product/8965310053103/butter-crunch-inovative,Y,
kurkure tofani mirchi,,,100 g,100.0,583,5.1,52.0,39.4,N,OpenFoodFacts,https://world.openfoodfacts.org/product/8964002347421/kurkure-tofani-mirchi,Y,
BlueBand Margarine Spread,,,100 g,100.0,570,0.15,0.25,63.0,N,OpenFoodFacts,https://world.openfoodfacts.org/product/8961102110313/blueband-margarine-spread,N,
Nestlé sparkling,,,100 g,100.0,40,0.0,10.0,0.0,N,OpenFoodFacts,https://world.openfoodfacts.org/product/8961008217321/sparkling-nestle,N,
Knorr Noodles,,,100 g,100.0,469,11.3,59.4,20.7,N,OpenFoodFacts,https://world.openfoodfacts.org/product/8961014030495/noodles-knorr,Y,
Bf 2,,,100 g,100.0,470,2.0,57.1,20.0,N,OpenFoodFacts,https://world.openfoodfacts.org/product/4902720124560/bf-2,N,
Bisconni Chocolatto,,,100 g,100.0,511,5.9,65.1,25.2,Y,OpenFoodFacts,https://world.openfoodfacts.org/product/8961102508042/chocolatto-bisconni,N,
LU - Continental Biscuits Limited Wheatable | Sugar Free | Digestive Biscuits,,,100 g,100.0,498,9.2,58.8,25.1,N,OpenFoodFacts,https://world.openfoodfacts.org/product/4961200511849/wheatable-sugar-free-digestive-biscuits-lu-continental-biscuits-limited,Y,
Hilal Wispy Mini Cone,,,100 g,100.0,445,4.0,71.0,16.0,Y,OpenFoodFacts,https://world.openfoodfacts.org/product/8961101789398/wispy-mini-cone-hilal,N,
7up,,,100 g,100.0,42,0.0,10.8,0.0,N,OpenFoodFacts,https://world.openfoodfacts.org/product/8964000101087/7up,N,
Almarai Nuralac,,,100 g,100.0,612,2.6,9.0,46.0,N,OpenFoodFacts,https://world.openfoodfacts.org/product/6281007047227/nuralac-almarai,N,
Dipitt Thousand Island Sauce,,,100 g,100.0,314,1.0,10.0,30.0,N,OpenFoodFacts,https://world.openfoodfacts.org/product/0788821016843/thousand-island-sauce-dipitt,N,
Super Crisp Peanuts Salted,,,100 g,100.0,644,18.9,18.4,55.0,N,OpenFoodFacts,https://world.openfoodfacts.org/product/8961100087112/peanuts-salted-super-crisp,N,
LU tuc,,,100 g,100.0,502,8.11,68.92,21.62,N,OpenFoodFacts,https://world.openfoodfacts.org/product/8961003525674/tuc-lu,N,
Ahmed Foods Mixed Pickle in Oil,,,100 g,100.0,55,1.0,3.0,4.0,N,OpenFoodFacts,https://world.openfoodfacts.org/product/0054529001024/mixed-pickle-in-oil-ahmed-foods,Y,
Nesquik Strawberry,,,100 g,100.0,400,0.0,99.0,0.0,Y,OpenFoodFacts,https://world.openfoodfacts.org/product/6001068375806/nesquik-strawberry,N,
Dairy Omung,,,100 g,100.0,48,2.7,5.4,1.7,N,OpenFoodFacts,https://world.openfoodfacts.org/product/8964000346853/dairy-omung,N,
"select choice Vanilla ice cream bars, vanilla",,,100 g,100.0,319,2.13,25.53,23.4,Y,OpenFoodFacts,https://world.openfoodfacts.org/product/0719283364272/vanilla-ice-cream-bars-vanilla-select-choice,Y,
Big Bird Chicken Pakora,,,100 g,100.0,169,11.0,5.0,11.7,N,OpenFoodFacts,https://world.openfoodfacts.org/product/2000000100849/chicken-pakora-big-bird,Y,
Big Bird Chicken Seekh Kabab,,,100 g,100.0,150,18.33,8.33,6.67,N,OpenFoodFacts,https://world.openfoodfacts.org/product/8964001242567/chicken-seekh-kabab-big-bird,Y,
Big Bird Chicken Shami Kabab,,,100 g,100.0,229,14.29,24.29,11.43,N,OpenFoodFacts,https://world.openfoodfacts.org/product/8964001242581/chicken-shami-kabab-big-bird,Y,
Big Bird Chicken Gola Kabab,,,100 g,100.0,159,18.33,8.33,5.83,N,OpenFoodFacts,https://world.openfoodfacts.org/product/2000000100850/chicken-gola-kabab-big-bird,Y,
Big Bird Classic Burger Patties,,,100 g,100.0,203,16.67,11.67,10.0,N,OpenFoodFacts,https://world.openfoodfacts.org/product/8964001242406/classic-burger-patties-big-bird,Y,
Big Bird Chicken Veggie Rolls,,,100 g,100.0,116,7.78,8.89,5.44,N,OpenFoodFacts,https://world.openfoodfacts.org/product/8964001242673/chicken-veggie-rolls-big-bird,Y,
Big Bird Cheesy Chicken Croquettes,,,100 g,100.0,192,12.12,12.12,10.61,N,OpenFoodFacts,https://world.openfoodfacts.org/product/8964001242369/cheesy-chicken-croquettes-big-bird,Y,
Big Bird Magic Chicken Nuggers,,,100 g,100.0,178,14.1,10.26,8.97,N,OpenFoodFacts,https://world.openfoodfacts.org/product/8964001242307/magic-chicken-nuggers-big-bird,Y,
Big Bird Juicy chicken Tenders,,,100 g,100.0,170,14.81,11.11,7.41,N,OpenFoodFacts,https://world.openfoodfacts.org/product/2000000100853/juicy-chicken-tenders-big-bird,Y,
Big Bird Chicken Kofta,,,100 g,100.0,210,14.29,5.95,14.29,N,OpenFoodFacts,https://world.openfoodfacts.org/product/2000000100854/chicken-kofta-big-bird,Y,
Big Bird Vegetable Samosa,,,100 g,100.0,200,5.56,29.17,6.81,N,OpenFoodFacts,https://world.openfoodfacts.org/product/8964001242697/vegetable-samosa-big-bird,Y,
Big Bird Chicken BBQ Tikka,,,100 g,100.0,147,19.12,4.41,4.41,N,OpenFoodFacts,https://world.openfoodfacts.org/product/8964001242659/chicken-bbq-tikka-big-bird,Y,
Big Bird Chicken Chips,,,100 g,100.0,139,9.0,10.0,7.0,N,OpenFoodFacts,https://world.openfoodfacts.org/product/8964001242543/chicken-chips-big-bird,Y,
Big Bird Oriental Chicken Pops,,,100 g,100.0,168,13.85,10.77,7.69,N,OpenFoodFacts,https://world.openfoodfacts.org/product/8964001521228/oriental-chicken-pops-big-bird,Y,
lotte Ghana Milk Chocolate,,,100 g,100.0,558,7.6,56.0,33.8,N,OpenFoodFacts,https://world.openfoodfacts.org/product/4903333172955/ghana-milk-chocolate-lotte,Y,
Sabirs Chicken Donut,,,100 g,100.0,232,13.0,23.0,12.0,N,OpenFoodFacts,https://world.openfoodfacts.org/product/8964001541103/chicken-donut-sabroso,Y,
Sabirs Chicken Kofta,,,100 g,100.0,180,15.0,7.0,12.0,N,OpenFoodFacts,https://world.openfoodfacts.org/product/8964001541189/chicken-kofta-sabroso,Y,
Sabirs Aqua Buddies,,,100 g,100.0,220,12.5,20.0,12.5,N,OpenFoodFacts,https://world.openfoodfacts.org/product/8964001541011/aqua-buddies-sabroso,Y,
Sabirs Chicken Samosa,,,100 g,100.0,158,14.5,17.5,5.0,N,OpenFoodFacts,https://world.openfoodfacts.org/product/8964001541264/chicken-samosa-sabroso,Y,
Sabirs Shami Kabab,,,100 g,100.0,145,15.0,13.0,5.0,N,OpenFoodFacts,https://world.openfoodfacts.org/product/8964001541226/shami-kabab-sabroso,Y,
Sabirs Wingers,,,100 g,100.0,145,20.0,3.5,7.0,N,OpenFoodFacts,https://world.openfoodfacts.org/product/8964001542292/wingers-sabroso,Y,
Sabirs Chapli Kabab,,,100 g,100.0,145,14.0,7.0,8.0,N,OpenFoodFacts,https://world.openfoodfacts.org/product/8964001541202/chapli-kabab-sabroso,Y,
Sabirs Crispy Poppers,,,100 g,100.0,165,12.5,10.0,10.0,N,OpenFoodFacts,https://world.openfoodfacts.org/product/8964001541141/crispy-poppers-sabroso,Y,
Sabirs Shahi Tikka,,,100 g,100.0,155,20.0,8.0,6.0,N,OpenFoodFacts,https://world.openfoodfacts.org/product/8964001541165/shahi-tikka-sabroso,Y,
Sabirs Gola Kabab,,,100 g,100.0,165,17.0,7.0,9.0,N,OpenFoodFacts,https://world.openfoodfacts.org/product/2000000101282/gola-kabab-sabroso,Y,
Sabirs Zesty Fillet,,,100 g,100.0,180,14.5,11.0,14.5,N,OpenFoodFacts,https://world.openfoodfacts.org/product/8954001541080/zesty-fillet-sabroso,Y,
Sabirs Nuggets,,,100 g,100.0,212,13.0,20.0,11.0,N,OpenFoodFacts,https://world.openfoodfacts.org/product/8964001541028/nuggets-sabroso,Y,
Sabirs Seekh Kabab,,,100 g,100.0,140,16.0,7.0,7.0,N,OpenFoodFacts,https://world.openfoodfacts.org/product/2000000101284/seekh-kabab-sabroso,Y,
Sabirs Burger Patty,,,100 g,100.0,200,14.0,21.0,9.0,N,OpenFoodFacts,https://world.openfoodfacts.org/product/2000000101285/burger-patty-sabroso,Y,
Sabirs Leg Tikka,,,100 g,100.0,125,25.0,5.5,2.0,N,OpenFoodFacts,https://world.openfoodfacts.org/product/8964001542278/leg-tikka-sabroso,Y,
Sabirs Paratha,,,100 g,100.0,290,5.5,46.0,12.5,N,OpenFoodFacts,https://world.openfoodfacts.org/product/8964001541325/paratha-sabroso,Y,
dawn foods Chicken Samosas,,,100 g,100.0,6,0.73,0.83,0.21,N,OpenFoodFacts,https://world.openfoodfacts.org/product/8964000177181/chicken-samosas-dawn-foods,Y,
dawn foods Chicken Crispy Fillet,,,100 g,100.0,203,13.91,17.39,8.7,N,OpenFoodFacts,https://world.openfoodfacts.org/product/8964000177822/chicken-crispy-fillet-dawn-foods,Y,
dawn foods Chicken Malai Boti,,,100 g,100.0,104,17.5,1.5,2.6,N,OpenFoodFacts,https://world.openfoodfacts.org/product/8964000177242/chicken-malai-boti-dawn-foods,Y,
dawn foods chicken shami kabab,,,100 g,100.0,140,12.5,9.72,9.72,N,OpenFoodFacts,https://world.openfoodfacts.org/product/8964000177419/chicken-shami-kabab-dawn-foods,Y,
dawn foods chicken shots,,,100 g,100.0,341,15.0,50.0,9.0,N,OpenFoodFacts,https://world.openfoodfacts.org/product/8964000177372/chicken-shots-dawn-foods,Y,
ORBIT SPEARMINT GUM,,,100 g,100.0,263,0.0,52.63,0.0,N,OpenFoodFacts,https://world.openfoodfacts.org/product/02248400/orbit-spearmint-gum-wrigley-s,Y,
Lotte Pepero Almond chocolate & biscuits,,,100 g,100.0,531,12.5,56.25,28.12,Y,OpenFoodFacts,https://world.openfoodfacts.org/product/8801062015337/pepero-almond-chocolate-biscuits-lotte,Y,
biscolata,,,100 g,100.0,499,6.3,66.1,22.4,Y,OpenFoodFacts,https://world.openfoodfacts.org/product/8691707096520/biscolata,Y,
EL SABOR Nacho chips,,,100 g,100.0,522,6.1,68.0,24.0,N,OpenFoodFacts,https://world.openfoodfacts.org/product/5202175001553/nacho-chips-el-sabor,N,
Wrigley's Extra White Bubblemint Sugarfree Chewing Gum Bottle,,,100 g,100.0,243,0.0,60.8,0.0,N,OpenFoodFacts,https://world.openfoodfacts.org/product/4009900517720/extra-white-bubblemint-sugarfree-chewing-gum-bottle-wrigley-s,Y,
Hershey's Milk chocolate nuggets,,,100 g,100.0,484,6.45,61.29,29.03,Y,OpenFoodFacts,https://world.openfoodfacts.org/product/0034000017294/milk-chocolate-nuggets-hershey-s,N,
US Peanut Butter,,,100 g,100.0,540,21.0,24.0,45.0,N,OpenFoodFacts,https://world.openfoodfacts.org/product/0717273600157/us-peanut-butter,N,
Freshmate Saraon Ka Saag,,,100 g,100.0,130,3.62,5.8,9.42,N,OpenFoodFacts,https://world.openfoodfacts.org/product/0895120001378/saraon-ka-saag-freshmate,Y,
Freshmate Chicken Hari Mirch Qeema,,,100 g,100.0,264,16.8,4.0,20.8,N,OpenFoodFacts,https://world.openfoodfacts.org/product/0895120001941/chicken-hari-mirch-qeema-freshmate,Y,
Conpound cooking chocolate,,,100 g,100.0,530,3.35,61.3,30.16,Y,OpenFoodFacts,https://world.openfoodfacts.org/product/8964002488391/conpound-cooking-chocolate,N,
Potato chips Lays(Classic),,,100 g,100.0,525,48.0,9.0,33.0,N,OpenFoodFacts,https://world.openfoodfacts.org/product/8964000090596/lays-classic-potato-chips,Y,
Mr.Bibim Noodles,,,100 g,100.0,375,6.0,63.0,11.0,N,OpenFoodFacts,https://world.openfoodfacts.org/product/0031146038930/mr-bibim-noodles,N,
Eclairs,,,100 g,100.0,442,4.0,72.0,15.0,Y,OpenFoodFacts,https://world.openfoodfacts.org/product/7622201802622/eclairs,N,
banana custard,,,100 g,100.0,110,3.0,19.0,3.0,Y,OpenFoodFacts,https://world.openfoodfacts.org/product/8961014018226/banana-custard,N,
Mehran Soy Sauce,,,100 g,100.0,40,5.0,6.0,0.0,N,OpenFoodFacts,https://world.openfoodfacts.org/product/0633152019745/soy-sauce-mehran,Y,
Mehran Chilli Sauce,,,100 g,100.0,32,1.0,7.0,0.0,N,OpenFoodFacts,https://world.openfoodfacts.org/product/0633152019769/chilli-sauce-mehran,Y,
Bravo!,,,100 g,100.0,469,5.75,61.46,23.76,Y,OpenFoodFacts,https://world.openfoodfacts.org/product/0671866128988/bravo,N,
Sooper classic chocolate,,,100 g,100.0,66,7.0,8.3,3.4,N,OpenFoodFacts,https://world.openfoodfacts.org/product/8964002527335/sooper-classic-chocolate,N,
Quice Mango fruit drink,,,100 g,100.0,0,0.0,28.0,0.0,Y,OpenFoodFacts,https://world.openfoodfacts.org/product/8964000455463/mango-fruit-drink-quice,Y,
Knorr Chatt patta instant noodles,,,100 g,100.0,467,11.2,59.2,20.6,N,OpenFoodFacts,https://world.openfoodfacts.org/product/8961014019605/chatt-patta-instant-noodles-knorr,N,
Brown Basmati Rice,,,100 g,100.0,355,6.6,77.7,3.3,N,OpenFoodFacts,https://world.openfoodfacts.org/product/7649453855312/brown-basmati-rice,N,
Red booster,,,100 g,100.0,58,0.0,14.4,0.0,N,OpenFoodFacts,https://world.openfoodfacts.org/product/0899147000628/red-booster,N,
Knorr chatt patta maggi,,,100 g,100.0,467,11.2,59.2,20.6,N,OpenFoodFacts,https://world.openfoodfacts.org/product/8961014019582/knorr-chatt-patta-maggi,N,
Sharbat Jame-e-Shirin,,,100 g,100.0,298,0.0,74.6,0.0,N,OpenFoodFacts,https://world.openfoodfacts.org/product/0855434000733/sharbat-jame-e-shirin,N,
Mari Biscuit,,,100 g,100.0,452,6.0,80.0,12.0,Y,OpenFoodFacts,https://world.openfoodfacts.org/product/8964002756094/mari-biscuit,N,
Dairy pure,,,100 g,100.0,130,4.7,11.1,7.5,N,OpenFoodFacts,https://world.openfoodfacts.org/product/8964000040461/dairy-pure,N,
Tapal Green Tea,,,100 g,100.0,0,2.0,0.0,0.0,N,OpenFoodFacts,https://world.openfoodfacts.org/product/0815096000342/tapal-green-tea,N,
Hersheys Kisses,,,100 g,100.0,469,6.25,59.38,15.62,Y,OpenFoodFacts,https://world.openfoodfacts.org/product/0034000124886/kisses-hersheys,Y,
Super 6 Seed Mix,,,100 g,100.0,220,8.0,11.0,18.0,N,OpenFoodFacts,https://world.openfoodfacts.org/product/0644925484448/super-6-seed-mix,N,
Kurkure,,,100 g,100.0,570,5.0,55.0,36.67,N,OpenFoodFacts,https://world.openfoodfacts.org/product/8964000090664/kurkure,N,
Sunflower oil,,,100 g,100.0,81,0.0,0.0,9.0,N,OpenFoodFacts,https://world.openfoodfacts.org/product/8964000002131/sunflower-oil,N,
Basmati rice,,,100 g,100.0,71,10.0,7.0,0.3,N,OpenFoodFacts,https://world.openfoodfacts.org/product/6224000515805/basmati-rice,N,
popcorn,,,100 g,100.0,160,3.0,19.0,8.0,N,OpenFoodFacts,https://world.openfoodfacts.org/product/0717273600393/popcorn,N,
Biskits,,,100 g,100.0,525,6.8,63.8,27.0,Y,OpenFoodFacts,https://world.openfoodfacts.org/product/8961003031724/biskits,N,
Hyderabadi pickel,,,100 g,100.0,300,5.0,20.0,25.0,N,OpenFoodFacts,https://world.openfoodfacts.org/product/0788821104021/hyderabadi-pickel,N,
Butter Scotch,,,100 g,100.0,371,0.43,67.51,11.0,Y,OpenFoodFacts,https://world.openfoodfacts.org/product/8964002488865/butter-scotch,N,
Super Crisp Catty chins,,,100 g,100.0,498,4.9,62.2,25.5,N,OpenFoodFacts,https://world.openfoodfacts.org/product/8964000585283/catty-chips-cheese-flavour-super-crisp,N,
Tang,,,100 g,100.0,97,0.0,23.0,0.0,Y,OpenFoodFacts,https://world.openfoodfacts.org/product/7622201687298/tang,N,
Lay's Lays chip Classic,,,100 g,100.0,525,9.0,48.0,33.0,N,OpenFoodFacts,https://world.openfoodfacts.org/product/8964000090220/lays-chip-classic-lay-s,N,
Mix fruit jam,,,100 g,100.0,261,0.3,65.0,0.0,Y,OpenFoodFacts,https://world.openfoodfacts.org/product/8964000051245/mix-fruit-jam,N,
Red anaar,,,100 g,100.0,48,0.0,12.0,0.0,N,OpenFoodFacts,https://world.openfoodfacts.org/product/8961008216140/red-anaar,N,
Lay's Lay’s,,,100 g,100.0,520,8.0,54.67,30.0,N,OpenFoodFacts,https://world.openfoodfacts.org/product/8964002347896/lay-s,N,
Fruitv vitvls,,,100 g,100.0,55,0.0,13.8,0.0,Y,OpenFoodFacts,https://world.openfoodfacts.org/product/8961008213897/fruitv-vitvls,N,
now,,,100 g,100.0,508,4.4,64.0,26.0,Y,OpenFoodFacts,https://world.openfoodfacts.org/product/8964002488001/now,N,
Pringles Sour cream and onion,,,100 g,100.0,541,5.0,58.0,31.0,N,OpenFoodFacts,https://world.openfoodfacts.org/product/8886467116643/sour-cream-and-onion-pringles,N,
KISAN,,,100 g,100.0,370,6.0,82.0,2.0,N,OpenFoodFacts,https://world.openfoodfacts.org/product/3250264786005/kisan,N,
Bigg lychee,,,100 g,100.0,53,0.0,13.2,0.0,N,OpenFoodFacts,https://world.openfoodfacts.org/product/1860074054601/bigg-lychee,N,
Gluco,,,100 g,100.0,488,6.1,71.8,19.6,Y,OpenFoodFacts,https://world.openfoodfacts.org/product/8964002755974/gluco,Y,
Morinaga Kids Milk,,,100 g,100.0,550,1.0,57.1,20.0,N,OpenFoodFacts,https://world.openfoodfacts.org/product/4902720124553/kids-milk-morinaga,N,
You creamiest milk choclate,,,100 g,100.0,532,8.0,56.0,31.0,Y,OpenFoodFacts,https://world.openfoodfacts.org/product/8961102502521/you-creamiest-milk-choclate,N,
Nature's Own White Oats,,,100 g,100.0,367,12.1,56.1,8.4,N,OpenFoodFacts,https://world.openfoodfacts.org/product/4794236284001/white-oats-nature-s-own,N,
Nando's Nando’s peri-peri hot sauce,,,100 g,100.0,94,0.9,19.0,1.6,N,OpenFoodFacts,https://world.openfoodfacts.org/product/6003770030387/nando-s-peri-peri-hot-sauce,N,
winner Daal Shaal,,,100 g,100.0,492,8.0,58.0,25.0,N,OpenFoodFacts,https://world.openfoodfacts.org/product/8964000695623/daal-shaal-winner,Y,
frito-lay Lay's Paprika,,,100 g,100.0,520,7.7,57.6,28.7,N,OpenFoodFacts,https://world.openfoodfacts.org/product/8964002347346/lay-s-paprika-frito-lay,Y,
AZIZ BROTHERS DELIGHT Selection - PREMIUM PUNJABI MIX NIMCO,,,100 g,100.0,310,8.3,31.0,17.0,N,OpenFoodFacts,https://world.openfoodfacts.org/product/0321545480813/delight-selection-premium-punjabi-mix-nimco-aziz-brothers,Y,
Lulu sugar free,,,100 g,100.0,520,4.2,66.67,26.33,N,OpenFoodFacts,https://world.openfoodfacts.org/product/6294011651113/lulu-sugar-free,N,
GINGER ALE,,,100 g,100.0,36,0.0,9.0,0.0,N,OpenFoodFacts,https://world.openfoodfacts.org/product/0012000806742/ginger-ale,N,
Cadbury Dairy milk,,,100 g,100.0,521,8.0,57.0,29.0,Y,OpenFoodFacts,https://world.openfoodfacts.org/product/7622201640835/dairy-milk-cadbury,N,
Seed cycle luteal Phase,,,100 g,100.0,281,11.24,5.62,22.48,N,OpenFoodFacts,https://world.openfoodfacts.org/product/5289375857470/seed-cycle-luteal-phase,N,
Noodle doodle fiery chatpatta,,,100 g,100.0,453,5.66,52.83,22.64,N,OpenFoodFacts,https://world.openfoodfacts.org/product/0671866277464/noodle-doodle-fiery-chatpatta,N,
Peanut pik,,,100 g,100.0,267,0.9,12.0,23.9,N,OpenFoodFacts,https://world.openfoodfacts.org/product/8964002757565/peanut-pik,N,
swad chat patta,,,100 g,100.0,40,0.0,10.0,0.0,N,OpenFoodFacts,https://world.openfoodfacts.org/product/8964001166856/swad-chat-patta,N,
Orange Mango,,,100 g,100.0,112,0.0,28.0,0.0,Y,OpenFoodFacts,https://world.openfoodfacts.org/product/8964000455494/orange-mango,N,
Chocolate Sandwich,,,100 g,100.0,81,0.9,9.0,3.4,N,OpenFoodFacts,https://world.openfoodfacts.org/product/8964002757558/chocolate-sandwich,N,
Yellow gold rush sting enegy vietnam,,,100 g,100.0,60,0.0,15.3,0.0,Y,OpenFoodFacts,https://world.openfoodfacts.org/product/8964000101711/yellow-gold-rush-sting-enegy-vietnam,N,
Pink Strawberry Lemonade 7up,,,100 g,100.0,252,0.0,11.2,23.0,N,OpenFoodFacts,https://world.openfoodfacts.org/product/8964002343799/pink-strawberry-lemonade-7up,N,
ABC sweets,,,100 g,100.0,340,10.0,75.0,0.0,Y,OpenFoodFacts,https://world.openfoodfacts.org/product/8964002488711/abc-sweets,N,
Red chilli jhatka kurkure,,,100 g,100.0,555,5.0,55.0,35.0,N,OpenFoodFacts,https://world.openfoodfacts.org/product/8964000102992/red-chilli-jhatka-kurkure,N,
Coffee,,,100 g,100.0,74,2.3,11.0,2.3,N,OpenFoodFacts,https://world.openfoodfacts.org/product/8961008219080/coffee,N,
Milcolu Double Milk Sandwich,,,100 g,100.0,510,6.1,65.0,25.1,Y,OpenFoodFacts,https://world.openfoodfacts.org/product/8961003504013/milcolu-double-milk-sandwich-lu,N,
Calibar Hazelnut,,,100 g,100.0,482,5.0,66.0,22.0,N,OpenFoodFacts,https://world.openfoodfacts.org/product/1156790068610/calibar-hazelnut,N,
Mixed Fruit Jam,,,100 g,100.0,245,0.1,61.1,0.0,Y,OpenFoodFacts,https://world.openfoodfacts.org/product/0620514008868/mixed-fruit-jam,N,
Hunters gourmet Quinoa Chips,,,100 g,100.0,476,4.4,66.0,23.2,N,OpenFoodFacts,https://world.openfoodfacts.org/product/0733603096414/hunters-gourmet-quinoa-chips,N,
Oreo Chocolate Cream Biscuit,,,100 g,100.0,486,4.9,72.4,19.7,Y,OpenFoodFacts,https://world.openfoodfacts.org/product/8961003652318/oreo-chocolate-cream-biscuit,N,
Lemon Sandwich,,,100 g,100.0,80,0.9,11.6,3.3,N,OpenFoodFacts,https://world.openfoodfacts.org/product/44427559/lemon-sandwich,N,
Golden mist marmalade,,,100 g,100.0,315,0.4,78.3,0.0,Y,OpenFoodFacts,https://world.openfoodfacts.org/product/8961005050013/golden-mist-marmalade,N,
Strawberry Jelly,,,100 g,100.0,302,0.3,75.3,0.0,Y,OpenFoodFacts,https://world.openfoodfacts.org/product/8961005040045/strawberry-jelly,N,
Guava nectar,,,100 g,100.0,44,0.0,11.06,0.0,N,OpenFoodFacts,https://world.openfoodfacts.org/product/8964000140567/guava-nectar,N,
Fruiticana Guava Fruit Drink,,,100 g,100.0,58,0.0,14.62,0.0,N,OpenFoodFacts,https://world.openfoodfacts.org/product/1512141512186/guava-fruit-drink-fruiticana,Y,
Parachute Pure Coconut Oil,,,100 g,100.0,900,0.0,0.0,100.0,N,OpenFoodFacts,https://world.openfoodfacts.org/product/8901088167956/parachute-pure-coconut-oil,N,
Mezban Burger Bun,,,100 g,100.0,86,11.43,1.43,4.29,N,OpenFoodFacts,https://world.openfoodfacts.org/product/0894559000686/chicken-seekh-kabab-mezban,N,
Mayfair Hearts,,,100 g,100.0,462,6.0,60.0,22.0,Y,OpenFoodFacts,https://world.openfoodfacts.org/product/8964002444755/hearts-mayfair,Y,
Fruit vitals,,,100 g,100.0,99,0.0,24.8,0.0,Y,OpenFoodFacts,https://world.openfoodfacts.org/product/8961008221274/fruit-vitals,N,
7up Strawberry Lemonade,,,100 g,100.0,45,0.0,11.19,0.0,N,OpenFoodFacts,https://world.openfoodfacts.org/product/8964002343782/7up-strawberry-lemonade,N,
7up Zero Sugar,,,100 g,100.0,0,0.0,0.0,0.0,N,OpenFoodFacts,https://world.openfoodfacts.org/product/0120000228904/zero-sugar-7up,N,
Frooto Apple Juice,,,100 g,100.0,40,0.01,10.0,0.0,N,OpenFoodFacts,https://world.openfoodfacts.org/product/8966000006621/apple-juice-frooto,N,
Entree Bran Bread,,,100 g,100.0,183,11.67,31.67,2.5,N,OpenFoodFacts,https://world.openfoodfacts.org/product/3680047763822/bran-bread-entree,N,
Young's Ranch Sauce,,,100 g,100.0,493,1.67,5.67,51.67,N,OpenFoodFacts,https://world.openfoodfacts.org/product/8964000063132/ranch-sauce-young-s,N,
Pakola Chocolate Flavored Milk,,,100 g,100.0,84,2.9,13.6,2.0,N,OpenFoodFacts,https://world.openfoodfacts.org/product/8964001747031/chocolate-flavored-milk-pakola,N,
Karlo Chocolate Flavoured Pudding,,,100 g,100.0,79,2.6,13.7,1.5,N,OpenFoodFacts,https://world.openfoodfacts.org/product/7290004120382/chocolate-flavoured-pudding-karlo,N,
Brady’s White Bread,,,100 g,100.0,218,7.61,42.02,2.16,Y,OpenFoodFacts,https://world.openfoodfacts.org/product/8507140028243/white-bread-brady-s,N,
Mountain Dew,,,100 g,100.0,45,0.0,12.0,0.0,N,OpenFoodFacts,https://world.openfoodfacts.org/product/8964000101124/mountain-dew,N,
Dawn Vitamin enriched white bread,,,100 g,100.0,282,7.16,61.76,1.32,N,OpenFoodFacts,https://world.openfoodfacts.org/product/0850027875088/vitamin-enriched-white-bread-dawn,N,
Nestle Milk Pak Nesvita hi Calcium Low Fat Milk,,,100 g,100.0,41,3.2,5.0,0.9,N,OpenFoodFacts,https://world.openfoodfacts.org/product/8961008221212/nesvita-hi-calcium-low-fat-milk-nestle-milk-pak,N,
Frutien Ramen,,,100 g,100.0,456,10.61,59.09,20.45,N,OpenFoodFacts,https://world.openfoodfacts.org/product/8964002982318/ramen-frutien,N,
Protein Works Diet Whet Isolate 90,,,100 g,100.0,364,88.0,5.2,0.8,N,OpenFoodFacts,https://world.openfoodfacts.org/product/5060802528152/diet-whet-isolate-90-protein-works,N,
Shangrila Ketchup,,,100 g,100.0,119,0.62,31.25,0.0,Y,OpenFoodFacts,https://world.openfoodfacts.org/product/8964000020531/ketchup-shangrila,N,
Youngs Chocolate Bliss Hazelnut,,,100 g,100.0,540,5.33,60.0,33.33,N,OpenFoodFacts,https://world.openfoodfacts.org/product/8964000062302/chocolate-bliss-hazelnut-youngs,N,
Sabroso Gola Kebab,,,100 g,100.0,177,17.0,7.0,9.0,N,OpenFoodFacts,https://world.openfoodfacts.org/product/8964001541127/gola-kebab-sabroso,N,
Dawn Foods Chicken Chapli Kebab,,,100 g,100.0,122,14.86,5.41,6.08,N,OpenFoodFacts,https://world.openfoodfacts.org/product/8964001125815/chicken-chapli-kebab-dawn-foods,N,
Peak freans Gluco Biscuit,,,100 g,100.0,488,6.1,71.8,19.6,Y,OpenFoodFacts,https://world.openfoodfacts.org/product/8964002513482/gluco-biscuit-peak-freans,N,
Dawn Bread Tortilla Wrap,,,100 g,100.0,204,5.04,32.59,5.93,N,OpenFoodFacts,https://world.openfoodfacts.org/product/8961101816209/tortilla-wrap-dawn-bread,N,
Kellogg's Coco pops balls,,,100 g,100.0,392,7.3,80.0,3.7,Y,OpenFoodFacts,https://world.openfoodfacts.org/product/8690504274117/coco-pops-balls-kellogg-s,Y,
Protien Works Whey Protien 80,,,100 g,100.0,396,78.4,6.8,7.2,N,OpenFoodFacts,https://world.openfoodfacts.org/product/0310522151952/whey-protien-80-protien-works,N,
